id,source_file,category,line_no,text
1,경제 금융 경제학(최종 550).hwpx,경제 금융 경제학,1,"경제, 금융, 화폐, 국제경제와 무역, 필수 금융 및 경제학 원론 용어 총 550개"
2,경제 금융 경제학(최종 550).hwpx,경제 금융 경제학,2,Absolute Advantage(절대우위): 다른 나라보다 더 적은 비용으로 생산할 수 있는 능력
3,경제 금융 경제학(최종 550).hwpx,경제 금융 경제학,3,Absolute Income Hypothesis(절대소득가설): 소비자의 소비 규모는 현재의 절대적인 소득 수준에 의해 결정된다는 케인스의 경제 이론
4,경제 금융 경제학(최종 550).hwpx,경제 금융 경제학,4,Accelerator(액셀러레이터): 스타트업이 빠르게 성장하도록 자금 투자와 전문 보육을 해주는 기관
5,경제 금융 경제학(최종 550).hwpx,경제 금융 경제학,5,Accounting(회계): 기업의 재무 상태와 경영 성과를 체계적으로 기록하고 보고하는 과정
6,경제 금융 경제학(최종 550).hwpx,경제 금융 경제학,6,Accrual(발생주의): 현금의 유출입과 관계없이 수익과 비용이 발생한 시점에 장부에 기록하는 회계 원칙
7,경제 금융 경제학(최종 550).hwpx,경제 금융 경제학,7,Active Fund(액티브 펀드): 시장 평균 수익률(벤치마크)을 초과하는 수익을 올리기 위해 펀드 매니저가 적극적으로 종목을 발굴하고 매매하는 펀드
8,경제 금융 경제학(최종 550).hwpx,경제 금융 경제학,8,Adverse Selection(역선택): 정보의 비대칭성 때문에 시장에서 품질이 나쁜 상품이나 위험도가 높은 거래 상대방을 선택하게 되는 부작용
9,경제 금융 경제학(최종 550).hwpx,경제 금융 경제학,9,Agency Cost(대리인 비용): 주주(주인)와 경영자(대리인) 간의 이해 상충으로 인해 발생하는 경제적 손실
10,경제 금융 경제학(최종 550).hwpx,경제 금융 경제학,10,Agflation(애그플레이션): 농산물(Agriculture) 가격 급등으로 전반적인 물가가 오르는 현상
11,경제 금융 경제학(최종 550).hwpx,경제 금융 경제학,11,Aggregate Demand(총수요): 한 국가 경제 내에서 일정 기간 구매하고자 하는 재화와 서비스의 총합
12,경제 금융 경제학(최종 550).hwpx,경제 금융 경제학,12,Aggregate Supply(총공급): 한 국가 경제 내에서 일정 기간 생산자들이 판매하고자 하는 재화와 서비스의 총합
13,경제 금융 경제학(최종 550).hwpx,경제 금융 경제학,13,"AI(Artificial Intelligence, 인공지능): 컴퓨터가 인간의 지능적인 행동을 모방하는 기술"
14,경제 금융 경제학(최종 550).hwpx,경제 금융 경제학,14,"Alpha Generation(알파 세대): 2010년 이후 태어난, 태어날 때부터 디지털 기기를 접한 세대"
15,경제 금융 경제학(최종 550).hwpx,경제 금융 경제학,15,Alpha(알파): 펀드나 주식 투자가 시장의 평균(벤치마크) 수익률을 초과하여 달성한 추가 수익
16,경제 금융 경제학(최종 550).hwpx,경제 금융 경제학,16,Altcoin(알트코인): 비트코인을 제외한 모든 대체 암호화폐의 통칭
17,경제 금융 경제학(최종 550).hwpx,경제 금융 경제학,17,"Amortization(감가상각/분할 상환): 무형 자산의 가치를 비용으로 나누어 처리하거나, 대출금을 기간에 나누어 갚는 것"
18,경제 금융 경제학(최종 550).hwpx,경제 금융 경제학,18,Anchor Effect(앵커링 효과/닻 내림 효과): 처음 접한 정보(가격)가 기준점이 되어 이후 판단에 영향을 미치는 심리 현상
19,경제 금융 경제학(최종 550).hwpx,경제 금융 경제학,19,Angel Investor(에인절 투자자): 스타트업 초기 단계에 자금과 멘토링을 제공하는 개인 투자자
20,경제 금융 경제학(최종 550).hwpx,경제 금융 경제학,20,"Animal Spirits(야성적 충동): 경제 주체들이 수치적 계산뿐만 아니라 비합리적인 본능, 심리, 기대감에 의해 경제 활동(투자 등)을 결정하는 현상"
21,경제 금융 경제학(최종 550).hwpx,경제 금융 경제학,21,Annuity(연금): 매년 또는 매월 일정 금액을 정기적으로 받는 금융 상품
22,경제 금융 경제학(최종 550).hwpx,경제 금융 경제학,22,Ant(개미): 주식시장에 참가하는 개인 투자자를 일컫는 은어
23,경제 금융 경제학(최종 550).hwpx,경제 금융 경제학,23,Antitrust(독점 금지): 거대 기업의 독과점을 막고 공정한 시장 경쟁을 촉진하기 위한 법률이나 정책
24,경제 금융 경제학(최종 550).hwpx,경제 금융 경제학,24,Appreciation(평가절상): 환율 변동으로 인해 타국 통화 대비 자국 통화의 가치가 상승하는 현상
25,경제 금융 경제학(최종 550).hwpx,경제 금융 경제학,25,Arbitrage(차익거래): 동일 상품의 시장 간 가격 차이를 이용하여 무위험 이익을 얻는 거래
26,경제 금융 경제학(최종 550).hwpx,경제 금융 경제학,26,"Arbitrage Pricing Theory(APT, 차익거래가격결정모형): 주식의 기대수익률이 시장의 다양한 거시경제적 위험 요인들에 의해 결정된다는 재무 모델"
27,경제 금융 경제학(최종 550).hwpx,경제 금융 경제학,27,"Asian Financial Crisis(아시아 외환위기): 1997년 태국, 인도네시아, 한국 등 아시아 신흥국들을 연쇄적으로 강타한 대규모 외환 및 금융 위기"
28,경제 금융 경제학(최종 550).hwpx,경제 금융 경제학,28,"Asset Allocation(자산 배분): 위험을 줄이기 위해 주식, 채권, 현금 등 다양한 자산에 투자금을 나누는 전략"
29,경제 금융 경제학(최종 550).hwpx,경제 금융 경제학,29,"Asset-Backed Security(ABS, 자산유동화증권): 부동산, 자동차 할부금, 신용카드 대금 등 유동성이 낮은 자산을 기초로 하여 발행하는 증권"
30,경제 금융 경제학(최종 550).hwpx,경제 금융 경제학,30,Asymmetric Information(정보 비대칭): 거래 당사자 간에 한쪽이 다른 쪽보다 더 많거나 정확한 정보를 가진 상태
31,경제 금융 경제학(최종 550).hwpx,경제 금융 경제학,31,Austerity(긴축): 국가 부채를 줄이기 위해 정부가 재정 지출을 삭감하고 세금을 올리는 정책
32,경제 금융 경제학(최종 550).hwpx,경제 금융 경제학,32,Autarky(자급자족 경제): 외국과의 무역을 완전히 차단하고 자국 내에서 모든 경제적 필요를 충족하려는 체제
33,경제 금융 경제학(최종 550).hwpx,경제 금융 경제학,33,"Average Propensity to Consume(APC, 평균소비성향): 가계의 총소비액을 총소득으로 나눈 비율로, 소득 중 얼마를 소비에 지출하는지 나타냄"
34,경제 금융 경제학(최종 550).hwpx,경제 금융 경제학,34,"B2B(Business to Business, 기업 간 거래): 기업이 다른 기업을 대상으로 상품이나 서비스를 판매하는 형태"
35,경제 금융 경제학(최종 550).hwpx,경제 금융 경제학,35,"B2C(Business to Consumer, 기업-소비자 거래): 기업이 일반 소비자를 대상으로 직접 상품을 판매하는 형태"
36,경제 금융 경제학(최종 550).hwpx,경제 금융 경제학,36,"B2G(Business to Government, 기업-정부 거래): 기업이 정부나 공공기관에 물품을 납품하거나 서비스를 제공하는 거래"
37,경제 금융 경제학(최종 550).hwpx,경제 금융 경제학,37,Bail-in(베일인/채권자 손실 부담): 은행 위기 시 정부 예산이 아닌 예금자나 채권자의 자금으로 손실을 메우는 제도
38,경제 금융 경제학(최종 550).hwpx,경제 금융 경제학,38,Bailout(구제금융): 파산 위기에 처한 기업이나 국가에 정부나 국제기구가 긴급 자금을 지원하는 것
39,경제 금융 경제학(최종 550).hwpx,경제 금융 경제학,39,"Balance of Payments(BOP, 국제수지): 한 나라가 일정 기간 외국과 행한 모든 경제적 거래를 체계적으로 기록한 통계"
40,경제 금융 경제학(최종 550).hwpx,경제 금융 경제학,40,"Balance Sheet(대차대조표/재무상태표): 특정 시점의 기업 자산, 부채, 자본의 상태를 보여주는 재무 보고서"
41,경제 금융 경제학(최종 550).hwpx,경제 금융 경제학,41,Bandwagon Effect(밴드왜건 효과/편승 효과): 특정 상품이 유행하면 대중이 따라 사는 동조 소비 심리
42,경제 금융 경제학(최종 550).hwpx,경제 금융 경제학,42,Bank Holding Company(은행 지주회사): 다른 은행이나 금융 회사의 주식을 소유하여 지배하고 관리하는 것을 주된 사업으로 하는 회사
43,경제 금융 경제학(최종 550).hwpx,경제 금융 경제학,43,Bank Rate(재할인율/은행 이자율): 시중 은행이 중앙은행으로부터 자금을 빌릴 때 적용받는 이자율
44,경제 금융 경제학(최종 550).hwpx,경제 금융 경제학,44,Bank Run(뱅크런/대규모 예금 인출): 은행의 파산을 우려한 예금자들이 한꺼번에 몰려 예금을 인출하는 사태
45,경제 금융 경제학(최종 550).hwpx,경제 금융 경제학,45,Bankruptcy(파산): 빚을 갚을 능력을 완전히 상실하여 법원을 통해 채무를 정리하는 법적 절차
46,경제 금융 경제학(최종 550).hwpx,경제 금융 경제학,46,Barter(물물교환): 화폐를 매개로 하지 않고 재화나 서비스를 직접 교환하는 원시적 거래 형태
47,경제 금융 경제학(최종 550).hwpx,경제 금융 경제학,47,Base Effect(기저효과): 비교 대상이 되는 과거의 수치가 너무 낮거나 높아서 현재의 경제 지표가 실제보다 왜곡되어 보이는 현상
48,경제 금융 경제학(최종 550).hwpx,경제 금융 경제학,48,Base Rate(기준금리): 한 나라의 중앙은행이 통화정책의 기준으로 정하는 정책 금리
49,경제 금융 경제학(최종 550).hwpx,경제 금융 경제학,49,Basel III(바젤 III): 글로벌 금융 위기 이후 은행의 건전성과 자본 보유 기준을 강화한 국제 금융 규제
50,경제 금융 경제학(최종 550).hwpx,경제 금융 경제학,50,Basis Point(bp / 베이시스 포인트): 이자율이나 수익률의 미세한 변동을 나타내는 단위 (1bp = 0.01%)
51,경제 금융 경제학(최종 550).hwpx,경제 금융 경제학,51,Bear Market(약세장): 주가나 자산 가격이 장기간 하락하는 시장
52,경제 금융 경제학(최종 550).hwpx,경제 금융 경제학,52,Bear Trap(베어 트랩/약세장 함정): 주가가 계속 하락할 것처럼 보였으나 갑자기 급반등하여 매도 포지션을 취한 투자자에게 손실을 입히는 속임수
53,경제 금융 경제학(최종 550).hwpx,경제 금융 경제학,53,Behavioral Economics(행동경제학): 인간이 늘 합리적인 것은 아니라는 전제하에 심리학을 바탕으로 경제적 선택을 연구하는 학문
54,경제 금융 경제학(최종 550).hwpx,경제 금융 경제학,54,Benchmark Interest Rate(지표금리): 금융 시장에서 다른 금리들을 결정할 때 기준이 되는 대표적인 이자율
55,경제 금융 경제학(최종 550).hwpx,경제 금융 경제학,55,"Benchmark(벤치마크): 펀드 수익률 등을 평가할 때 기준이 되는 지표 (예:코스피 지수, S&P500)"
56,경제 금융 경제학(최종 550).hwpx,경제 금융 경제학,56,"BEP(Break-even Point, 손익분기점): 총수익과 총비용이 같아져 이익도 손실도 발생하지 않는 지점"
57,경제 금융 경제학(최종 550).hwpx,경제 금융 경제학,57,Beta(베타): 시장 전체의 변동에 대해 특정 주식이나 펀드가 얼마나 민감하게 움직이는지를 나타내는 지수
58,경제 금융 경제학(최종 550).hwpx,경제 금융 경제학,58,Bid-Ask Spread(매수-매도 호가 차이): 금융 시장에서 구매자가 살 용의가 있는 최고 가격과 판매자가 팔 용의가 있는 최저 가격 사이의 격차
59,경제 금융 경제학(최종 550).hwpx,경제 금융 경제학,59,"Big Blur(빅블러): 기술 발전에 따라 금융, 유통, IT 등 산업 간의 경계가 모호하게 흐려지는 현상"
60,경제 금융 경제학(최종 550).hwpx,경제 금융 경제학,60,Big Mac Index(빅맥지수): 맥도날드 빅맥 가격을 기준으로 각국 통화의 구매력과 환율 수준을 비교하는 지표
61,경제 금융 경제학(최종 550).hwpx,경제 금융 경제학,61,Bio-similar(바이오시밀러): 특허가 만료된 기존 오리지널 바이오 의약품과 효능이 유사한 복제약
62,경제 금융 경제학(최종 550).hwpx,경제 금융 경제학,62,Bitcoin(비트코인): 블록체인 기술을 기반으로 중앙은행 없이 발행되고 거래되는 최초의 암호화폐
63,경제 금융 경제학(최종 550).hwpx,경제 금융 경제학,63,Black Market(암시장): 국가의 통제를 벗어나 세금이 부과되지 않고 불법적으로 거래가 이루어지는 시장
64,경제 금융 경제학(최종 550).hwpx,경제 금융 경제학,64,"Black Monday(블랙 먼데이): 1987년 10월 19일 월요일, 뉴욕 증시가 하루 만에 22.6% 대폭락했던 사건"
65,경제 금융 경제학(최종 550).hwpx,경제 금융 경제학,65,"Black Swan(블랙 스완): 도저히 일어날 것 같지 않지만, 일단 발생하면 엄청난 경제적 파급력을 주는 사건"
66,경제 금융 경제학(최종 550).hwpx,경제 금융 경제학,66,Blockchain(블록체인): 거래 내역을 '블록'으로 묶어 수많은 컴퓨터에 분산 저장하는 위조 방지 기술
67,경제 금융 경제학(최종 550).hwpx,경제 금융 경제학,67,Block Trade(블록 딜/대량 매매): 기관 투자자 등이 주식시장의 가격 급등락을 막기 위해 장 시작 전이나 마감 후에 대규모의 주식을 한 번에 거래하는 방식
68,경제 금융 경제학(최종 550).hwpx,경제 금융 경제학,68,Blue Chip(블루칩): 재무구조가 건전하고 장기간 안정적인 수익을 내는 대형 우량주
69,경제 금융 경제학(최종 550).hwpx,경제 금융 경제학,69,Blue Ocean(블루오션): 아직 경쟁자가 없어 고수익을 올릴 수 있는 새로운 유망 시장
70,경제 금융 경제학(최종 550).hwpx,경제 금융 경제학,70,Bond Yield(채권 수익률): 투자자가 채권을 만기까지 보유했을 때 얻게 되는 연평균 실질 투자 수익률
71,경제 금융 경제학(최종 550).hwpx,경제 금융 경제학,71,"Bond(채권): 정부, 공공기관, 기업이 자금을 빌리기 위해 원금과 이자의 지급을 약속하고 발행하는 차용증"
72,경제 금융 경제학(최종 550).hwpx,경제 금융 경제학,72,Bonus Issue(무상증자): 기업이 이익잉여금을 자본금으로 전입하면서 주주들에게 공짜로 주식을 나누어 주는 것
73,경제 금융 경제학(최종 550).hwpx,경제 금융 경제학,73,"Book Value(장부가치): 회계 장부에 기록되어 있는 자산, 부채, 자본의 가치로 시장가치와 다를 수 있음"
74,경제 금융 경제학(최종 550).hwpx,경제 금융 경제학,74,Bootstrapping(부트스트래핑): 외부의 투자 없이 창업자의 초기 자본과 자체 매출만으로 회사를 키우는 방식
75,경제 금융 경제학(최종 550).hwpx,경제 금융 경제학,75,Bottleneck(병목 현상): 생산 공정이나 유통 과정에서 특정 구간의 용량이 부족하여 전체의 흐름이 막히는 현상
76,경제 금융 경제학(최종 550).hwpx,경제 금융 경제학,76,"BPS(Book-value Per Share, 주당순자산가치): 기업이 활동을 중단하고 청산할 때 주주가 1주당 받을 수 있는 금액"
77,경제 금융 경제학(최종 550).hwpx,경제 금융 경제학,77,"Broad Money(M2, 광의통화): 현금과 결제성 예금(M1)뿐만 아니라 만기 2년 미만의 정기 예적금 등 약간의 이자만 포기하면 바로 현금화할 수 있는 통화량"
78,경제 금융 경제학(최종 550).hwpx,경제 금융 경제학,78,Brokerage(브로커리지/위탁매매): 증권사가 고객의 주문을 받아 주식이나 채권을 대신 사고팔아 주고 그 대가로 수수료를 챙기는 업무
79,경제 금융 경제학(최종 550).hwpx,경제 금융 경제학,79,Bubble(거품): 특정 자산의 시장 가격이 내재 가치보다 비정상적으로 높게 부풀려진 상태
80,경제 금융 경제학(최종 550).hwpx,경제 금융 경제학,80,Budget Deficit(재정 적자): 정부가 거둬들인 세입보다 지출한 세출이 더 많아 발생한 부족분
81,경제 금융 경제학(최종 550).hwpx,경제 금융 경제학,81,Bull Market(강세장): 주가나 자산 가격이 장기간 상승하는 시장
82,경제 금융 경제학(최종 550).hwpx,경제 금융 경제학,82,Bull Trap(불 트랩/강세장 함정): 주가가 반등하며 계속 상승할 것처럼 보였으나 다시 급락하여 매수 포지션을 취한 투자자에게 손실을 입히는 속임수
83,경제 금융 경제학(최종 550).hwpx,경제 금융 경제학,83,"Business Cycle(경기 순환): 경제 활동이 호황, 후퇴, 불황, 회복의 4단계를 반복하며 주기적으로 변동하는 현상"
84,경제 금융 경제학(최종 550).hwpx,경제 금융 경제학,84,Buyback(자사주 매입): 기업이 주가 안정이나 주주 가치 제고를 위해 회사 자금으로 자기 회사의 주식을 다시 사들이는 행위
85,경제 금융 경제학(최종 550).hwpx,경제 금융 경제학,85,Buyer's Market(매수자 우위 시장): 공급이 수요를 초과하여 물건을 사려는 구매자가 가격 협상에서 유리한 위치를 차지하는 시장
86,경제 금융 경제학(최종 550).hwpx,경제 금융 경제학,86,"C2C(Consumer to Consumer, 소비자 간 거래): 당근마켓처럼 소비자와 소비자 사이에서 직접 이루어지는 거래"
87,경제 금융 경제학(최종 550).hwpx,경제 금융 경제학,87,"CAGR(Compound Annual Growth Rate, 연평균 성장률): 여러 해 동안의 성장률을 매년 일정한 비율로 성장했다고 가정할 때의 평균치"
88,경제 금융 경제학(최종 550).hwpx,경제 금융 경제학,88,Call Money(콜머니): 금융 기관들끼리 일시적인 자금 부족을 해결하기 위해 초단기(보통 1일)로 빌려 쓰고 갚는 자금
89,경제 금융 경제학(최종 550).hwpx,경제 금융 경제학,89,Call Option(콜옵션): 미래의 특정 시점에 미리 정해진 가격으로 자산을 '살 수 있는 권리'
90,경제 금융 경제학(최종 550).hwpx,경제 금융 경제학,90,Cannibalization(카니발라이제이션/자기잠식): 자사의 신제품이 출시되어 기존 주력 제품의 매출이나 점유율을 깎아 먹는 현상
91,경제 금융 경제학(최종 550).hwpx,경제 금융 경제학,91,"CAPEX(Capital Expenditures, 설비투자): 기업이 미래 이윤 창출을 위해 공장, 기계, 장비 등에 지출하는 자본적 비용"
92,경제 금융 경제학(최종 550).hwpx,경제 금융 경제학,92,"Capital Account(자본수지): 한 국가가 외국과 주식, 채권, 차관 등 자본을 거래하여 발생한 유출입의 차액"
93,경제 금융 경제학(최종 550).hwpx,경제 금융 경제학,93,"Capital Adequacy Ratio(CAR, 자기자본비율): 은행의 위험가중자산 대비 자기자본의 비율로, 은행의 손실 대비 능력과 건전성을 측정하는 지표"
94,경제 금융 경제학(최종 550).hwpx,경제 금융 경제학,94,"Capital Asset Pricing Model(CAPM, 자본자산가격결정모형): 주식의 기대수익률은 시장 전체의 위험(베타)에 비례하여 결정된다는 재무학의 기본 모델"
95,경제 금융 경제학(최종 550).hwpx,경제 금융 경제학,95,Capital Control(자본 통제): 정부가 환율 방어나 경제 안정을 위해 외국 자본의 유입이나 유출을 제한하는 조치
96,경제 금융 경제학(최종 550).hwpx,경제 금융 경제학,96,"Capital Flight(자본 도피): 정치적, 경제적 위기를 우려하여 투자자들이 한 국가에서 대규모로 자금을 빼내어 해외로 유출하는 현상"
97,경제 금융 경제학(최종 550).hwpx,경제 금융 경제학,97,"Capital Gain(자본 이득/매매 차익): 주식, 부동산 등의 자산을 샀을 때보다 비싸게 팔아 얻는 수익"
98,경제 금융 경제학(최종 550).hwpx,경제 금융 경제학,98,"Capital Market(자본 시장): 주식, 만기 1년 이상의 장기 채권 등 기업과 정부의 장기 자금이 거래되는 금융 시장"
99,경제 금융 경제학(최종 550).hwpx,경제 금융 경제학,99,Capital Structure(자본 구조): 기업이 자산을 구성하기 위해 타인 자본(부채)과 자기 자본(주식)을 조달한 구성 비율
100,경제 금융 경제학(최종 550).hwpx,경제 금융 경제학,100,"Carbon Credit(탄소배출권): 기업이 일정량의 온실가스를 배출할 수 있는 권리로, 시장에서 사고팔 수 있음"
101,경제 금융 경제학(최종 550).hwpx,경제 금융 경제학,101,Carbon Tax(탄소세): 지구 온난화를 막기 위해 이산화탄소를 배출하는 화석연료의 사용량에 비례하여 부과하는 세금
102,경제 금융 경제학(최종 550).hwpx,경제 금융 경제학,102,Carry Forward(이월): 회계 연도에 발생한 결손금이나 세액 공제 혜택 등을 다음 해로 넘겨서 반영하는 것
103,경제 금융 경제학(최종 550).hwpx,경제 금융 경제학,103,"Carry Trade(캐리 트레이드): 이자율이 낮은 국가의 통화로 돈을 빌려, 이자율이 높은 국가의 주식이나 채권에 투자하는 기법"
104,경제 금융 경제학(최종 550).hwpx,경제 금융 경제학,104,Cartel(카르텔/담합): 동종 산업 내의 기업들이 경쟁을 피하고 이익을 독점하기 위해 가격이나 생산량을 합의하는 불법 행위
105,경제 금융 경제학(최종 550).hwpx,경제 금융 경제학,105,"Cash Cow(캐시카우): 성장성은 낮지만, 시장 점유율이 높아 기업에 꾸준하고 확실한 현금을 창출해 주는 효자 사업"
106,경제 금융 경제학(최종 550).hwpx,경제 금융 경제학,106,Cash Flow(현금흐름): 기업의 영업 활동이나 재무 활동으로 인해 발생하는 현금의 유입과 유출
107,경제 금융 경제학(최종 550).hwpx,경제 금융 경제학,107,Cash Ratio(현금비율): 기업의 유동부채 대비 즉시 사용할 수 있는 현금 및 현금성 자산의 비율
108,경제 금융 경제학(최종 550).hwpx,경제 금융 경제학,108,Catch-up Effect(캐치업 효과/수렴 효과): 가난한 나라가 풍부한 자본 투자와 선진국 기술 도입을 통해 선진국보다 더 빠른 속도로 경제 성장을 이루어 격차를 좁히는 현상
109,경제 금융 경제학(최종 550).hwpx,경제 금융 경제학,109,"CBDC(Central Bank Digital Currency, 중앙은행 디지털 화폐): 각국 중앙은행이 직접 발행하는 디지털 화폐"
110,경제 금융 경제학(최종 550).hwpx,경제 금융 경제학,110,"CDMO(Contract Development & Manufacturing Org, 위탁개발생산): 제약 산업에서 다른 회사의 약을 대신 연구 개발하고 생산해 주는 사업"
111,경제 금융 경제학(최종 550).hwpx,경제 금융 경제학,111,Central Bank(중앙은행): 국가의 통화량을 조절하고 기준금리를 결정하며 시중 은행을 감독하는 발권 은행
112,경제 금융 경제학(최종 550).hwpx,경제 금융 경제학,112,"Certificate of Deposit(CD, 양도성예금증서): 은행이 자금 조달을 위해 발행하는 정기예금 증서로, 타인에게 자유롭게 양도하고 팔 수 있는 단기 금융 상품"
113,경제 금융 경제학(최종 550).hwpx,경제 금융 경제학,113,"Ceteris Paribus(세테리스 파리부스): 경제학에서 인과관계를 분석할 때 ""다른 모든 조건이 동일하다면""이라는 뜻으로 쓰이는 라틴어 가설"
114,경제 금융 경제학(최종 550).hwpx,경제 금융 경제학,114,"Chaebol(재벌): 한국 경제의 특수한 형태로, 창업주 일가가 거대한 자본력을 바탕으로 여러 산업 분야의 다수 기업을 지배하는 대규모 기업 집단"
115,경제 금융 경제학(최종 550).hwpx,경제 금융 경제학,115,Chapter 11(기업 회생 절차): 파산 위기에 처한 미국 기업이 법원의 감독하에 채무를 유예받고 구조조정을 통해 회생을 시도하는 파산법 규정
116,경제 금융 경제학(최종 550).hwpx,경제 금융 경제학,116,"Chapter 7(청산 파산): 기업이 회생할 가망이 없을 때, 법원의 명령으로 모든 자산을 매각하여 채권자들에게 나누어 주고 회사를 완전히 소멸시키는 미국 파산법 규정"
117,경제 금융 경제학(최종 550).hwpx,경제 금융 경제학,117,Cherry Picker(체리 피커): 신용카드 등의 혜택만 쏙 빼먹고 정작 실속 있는 구매는 하지 않는 얌체 소비자
118,경제 금융 경제학(최종 550).hwpx,경제 금융 경제학,118,Churn Rate(이탈률): 일정 기간 서비스를 해지하거나 경쟁사로 떠나버린 고객의 비율
119,경제 금융 경제학(최종 550).hwpx,경제 금융 경제학,119,Classical Economics(고전파 경제학): 애덤 스미스 이래 시장의 자동 조절 기능(보이지 않는 손)을 신뢰하고 정부 개입을 반대하는 경제학파
120,경제 금융 경제학(최종 550).hwpx,경제 금융 경제학,120,Clearing House(청산소): 주식이나 선물 거래 시 매수자와 매도자 사이에서 대금 결제와 자산 인도가 안전하게 이루어지도록 보증하는 기관
121,경제 금융 경제학(최종 550).hwpx,경제 금융 경제학,121,"CMA(Cash Management Account, 종합 자산관리계좌): 증권사가 고객 예탁금을 단기 금융 상품으로 운용해 매일 이자를 주는 계좌"
122,경제 금융 경제학(최종 550).hwpx,경제 금융 경제학,122,Collateral(담보): 대출을 받을 때 돈을 갚지 못할 경우를 대비해 채권자에게 맡겨두는 자산
123,경제 금융 경제학(최종 550).hwpx,경제 금융 경제학,123,"Collateralized Debt Obligation(CDO, 부채담보부증권): 주택담보대출, 회사채 등 다양한 부채를 묶어 위험도를 쪼갠 뒤 이를 담보로 새롭게 발행한 복잡한 파생 금융 상품 (2008년 금융위기의 주범)"
124,경제 금융 경제학(최종 550).hwpx,경제 금융 경제학,124,Commercial Bank(상업 은행): 일반 개인이나 기업을 대상으로 예금을 받고 대출을 해주며 이자 수익을 창출하는 전통적인 은행
125,경제 금융 경제학(최종 550).hwpx,경제 금융 경제학,125,"Commercial Paper(CP, 기업어음): 신용도가 높은 기업이 단기 자금을 조달하기 위해 담보 없이 발행하는 단기 약속어음"
126,경제 금융 경제학(최종 550).hwpx,경제 금융 경제학,126,"Commodity Money(물품 화폐): 금, 은, 소금, 비단 등 그 자체로도 일정한 사용 가치나 내재 가치를 지니고 있으면서 교환의 매개수단으로 쓰이는 화폐"
127,경제 금융 경제학(최종 550).hwpx,경제 금융 경제학,127,"Commodity(원자재/상품): 금, 원유, 곡물처럼 품질이 균일하여 국제 시장에서 대량으로 거래되는 기초 자산"
128,경제 금융 경제학(최종 550).hwpx,경제 금융 경제학,128,"Common Market(공동 시장): 회원국 간의 관세 철폐를 넘어, 노동력과 자본 같은 생산 요소까지 국가 간에 자유롭게 이동할 수 있도록 통합된 고도의 경제 블록"
129,경제 금융 경제학(최종 550).hwpx,경제 금융 경제학,129,Comparative Advantage(비교우위): 한 국가나 기업이 다른 대상보다 상대적으로 더 적은 기회비용으로 특정 재화를 생산할 수 있는 능력
130,경제 금융 경제학(최종 550).hwpx,경제 금융 경제학,130,"Comparative Statics(비교 정태 분석): 경제학에서 외부 조건이 변했을 때, 변화 전의 초기 균형 상태와 변화 후의 새로운 균형 상태만을 비교 분석하는 방법"
131,경제 금융 경제학(최종 550).hwpx,경제 금융 경제학,131,"Compliance(컴플라이언스/준법 감시): 기업이 경영 활동 시 법령, 윤리, 내부 규정을 엄격하게 준수하도록 감독하는 시스템"
132,경제 금융 경제학(최종 550).hwpx,경제 금융 경제학,132,Compound Interest(복리): 원금에 붙은 이자에 다시 또 이자가 붙어 눈덩이처럼 자산이 기하급수적으로 불어나는 이자 계산 방식
133,경제 금융 경제학(최종 550).hwpx,경제 금융 경제학,133,Consensus(컨센서스): 애널리스트들이 추정한 특정 기업의 실적 전망치의 평균
134,경제 금융 경제학(최종 550).hwpx,경제 금융 경제학,134,"Consumer Confidence Index(CCI, 소비자신뢰지수): 일반 소비자들이 현재와 미래의 경제 상태, 고용, 수입에 대해 얼마나 낙관적이거나 비관적으로 느끼는지를 설문조사하여 지수화한 지표"
135,경제 금융 경제학(최종 550).hwpx,경제 금융 경제학,135,Consumer Surplus(소비자 잉여): 소비자가 어떤 재화를 구입하기 위해 지불할 용의가 있는 최대 금액에서 실제 지불한 금액을 뺀 이익
136,경제 금융 경제학(최종 550).hwpx,경제 금융 경제학,136,Contagion(전염 효과): 한 국가의 금융위기나 혼란이 이웃 국가나 전 세계 금융 시장으로 빠르게 퍼져나가는 현상
137,경제 금융 경제학(최종 550).hwpx,경제 금융 경제학,137,"Contractionary Policy(긴축 정책): 경제가 과열되어 인플레이션이 심해질 때, 정부가 세금을 올리고 중앙은행이 금리를 높여 시중의 돈줄을 조이는 경제 정책"
138,경제 금융 경제학(최종 550).hwpx,경제 금융 경제학,138,"Core Inflation(근원물가상승률): 일시적 외부 충격에 가격이 급등락하는 농산물과 국제 원유 등을 제외하고, 경제의 기초적인 물가 흐름을 보여주는 물가 지수"
139,경제 금융 경제학(최종 550).hwpx,경제 금융 경제학,139,Corporate Bond(회사채): 주식회사가 일반 대중에게 자금을 빌리기 위해 이자와 원금 상환을 약속하고 발행하는 채권
140,경제 금융 경제학(최종 550).hwpx,경제 금융 경제학,140,"Corporate Governance(기업 지배구조): 기업을 경영하고 통제하는 주주, 경영진, 이사회 간의 권력 분배와 의사결정 체계"
141,경제 금융 경제학(최종 550).hwpx,경제 금융 경제학,141,Correction(조정): 주식시장에서 장기적인 상승 추세 중에 주가가 일시적으로 하락하는 현상
142,경제 금융 경제학(최종 550).hwpx,경제 금융 경제학,142,Cost of Capital(자본 비용): 기업이 주식이나 채권을 통해 자금을 조달할 때 투자자들에게 지불해야 하는 배당금이나 이자 등의 비용
143,경제 금융 경제학(최종 550).hwpx,경제 금융 경제학,143,Cost of Living(생계비): 특정 지역에서 일정한 생활 수준을 유지하기 위해 필수적으로 들어가는 비용
144,경제 금융 경제학(최종 550).hwpx,경제 금융 경제학,144,"Cost-Benefit Analysis(비용-편익 분석): 어떤 공공 정책이나 사업을 실행할 때, 들어가는 모든 비용과 얻게 될 모든 이익을 금전적으로 환산하여 사업의 타당성을 평가하는 기법"
145,경제 금융 경제학(최종 550).hwpx,경제 금융 경제학,145,"Cost-Push Inflation(비용 인상 인플레이션): 임금이나 원유 등 원자재 가격이 폭등하여 기업의 생산 비용이 늘어나고, 이것이 제품 가격 인상으로 이어져 발생하는 물가 상승"
146,경제 금융 경제학(최종 550).hwpx,경제 금융 경제학,146,"CPI(Consumer Price Index, 소비자물가지수): 가계가 구입하는 상품과 서비스의 가격 변동을 측정한 물가 지표"
147,경제 금융 경제학(최종 550).hwpx,경제 금융 경제학,147,"Credit Card(신용카드): 카드사가 회원의 신용을 바탕으로 물품 대금을 먼저 가맹점에 지불해 주고, 나중에 회원에게 대금을 청구하는 외상 결제 수단"
148,경제 금융 경제학(최종 550).hwpx,경제 금융 경제학,148,Credit Crunch(신용경색): 은행들이 대출을 꺼리거나 자금을 회수하여 기업들이 자금난을 겪는 경제 현상
149,경제 금융 경제학(최종 550).hwpx,경제 금융 경제학,149,"Credit Default Swap(CDS, 신용부도스와프): 채권 부도에 대비해 보험료를 내고 원금을 보장받는 파생상품"
150,경제 금융 경제학(최종 550).hwpx,경제 금융 경제학,150,"Credit Rating Agency(신용평가사): 국가나 기업이 발행한 채권의 원리금 상환 능력을 분석하여 S&P, 무디스 등처럼 신용등급을 매기는 민간 금융 기관"
151,경제 금융 경제학(최종 550).hwpx,경제 금융 경제학,151,"Credit Rating(신용등급): 개인, 기업, 국가가 채무를 제때 갚을 수 있는 상환 능력을 평가하여 매긴 등급"
152,경제 금융 경제학(최종 550).hwpx,경제 금융 경제학,152,Credit Risk(신용 위험): 돈을 빌려 간 채무자가 만기일에 원금이나 이자를 갚지 못하여 채권자가 금전적 손실을 입을 위험
153,경제 금융 경제학(최종 550).hwpx,경제 금융 경제학,153,"CRO(Contract Research Org, 임상시험수탁): 제약사의 의뢰를 받아 임상시험 진행을 대행해 주는 연구 기관"
154,경제 금융 경제학(최종 550).hwpx,경제 금융 경제학,154,"Cross-Selling(교차 판매): 예금 가입자에게 펀드나 신용카드를 권유하는 것처럼, 기존 고객에게 자사의 다른 연관된 상품이나 서비스를 추가로 판매하는 마케팅 전략"
155,경제 금융 경제학(최종 550).hwpx,경제 금융 경제학,155,Crowdfunding(크라우드펀딩): 온라인 플랫폼을 통해 다수의 대중으로부터 소액의 자금을 모으는 방식
156,경제 금융 경제학(최종 550).hwpx,경제 금융 경제학,156,Crowding Out(구축 효과): 정부의 국채 대량 발행으로 금리가 올라 민간 기업의 투자와 소비가 감소하는 현상
157,경제 금융 경제학(최종 550).hwpx,경제 금융 경제학,157,Crowdsourcing(크라우드소싱): 기업이 인터넷을 통해 대중의 지식이나 아이디어를 모아 문제를 해결하는 방식
158,경제 금융 경제학(최종 550).hwpx,경제 금융 경제학,158,Cryptocurrency(암호화폐): 암호화 기술과 블록체인을 사용하는 디지털 화폐
159,경제 금융 경제학(최종 550).hwpx,경제 금융 경제학,159,"CSR(Corporate Social Responsibility, 기업의 사회적 책임): 기업이 이윤 창출을 넘어 환경, 사회 공헌 등을 위해 져야 하는 책임"
160,경제 금융 경제학(최종 550).hwpx,경제 금융 경제학,160,"CSV(Creating Shared Value, 공유가치창출): 사회적 문제를 해결하는 과정에서 경제적 이익까지 함께 창출하는 경영"
161,경제 금융 경제학(최종 550).hwpx,경제 금융 경제학,161,"Currency Board(통화위원회 제도): 중앙은행의 재량권을 완전히 박탈하고, 자국 통화의 발행량을 보유하고 있는 외환(보통 달러)의 양에 100% 기계적으로 연동시키는 초강경 고정환율제"
162,경제 금융 경제학(최종 550).hwpx,경제 금융 경제학,162,"Currency Manipulation(환율 조작): 국가가 수출 경쟁력을 높이거나 무역 흑자를 낼 목적으로, 외환 시장에 인위적으로 개입하여 자국 통화의 가치를 부당하게 낮게 유지하는 행위"
163,경제 금융 경제학(최종 550).hwpx,경제 금융 경제학,163,"Currency Swap(통화 스와프): 두 국가가 현재의 환율로 각자의 통화를 일정액 맞교환하고, 일정 기간이 지난 후 다시 원래 통화로 재교환하기로 약속하는 외환 거래 (외환위기의 방파제 역할)"
164,경제 금융 경제학(최종 550).hwpx,경제 금융 경제학,164,"Current Account(경상수지): 한 국가가 외국과 상품, 서비스 등을 거래하여 벌어들인 돈과 지출한 돈의 차이"
165,경제 금융 경제학(최종 550).hwpx,경제 금융 경제학,165,Current Ratio(유동비율): 유동자산을 유동부채로 나눈 값으로 기업의 단기 채무 상환 능력을 나타내는 지표
166,경제 금융 경제학(최종 550).hwpx,경제 금융 경제학,166,Current Yield(당좌수익률/현재수익률): 채권의 표면이자(연간 지급되는 이자)를 채권의 '현재 시장 가격'으로 나눈 단순 투자 수익률
167,경제 금융 경제학(최종 550).hwpx,경제 금융 경제학,167,"Cyclical Stock(경기민감주): 철강, 자동차 등 경제 호황과 불황에 따라 실적과 주가가 크게 출렁이는 주식"
168,경제 금융 경제학(최종 550).hwpx,경제 금융 경제학,168,Cyclical Unemployment(경기적 실업): 경제가 불황에 빠져 기업들이 생산을 줄이고 직원을 해고하거나 채용을 축소하면서 발생하는 비자발적 실업
169,경제 금융 경제학(최종 550).hwpx,경제 금융 경제학,169,Daily Freight Rate(일단위운임률): 선적일로부터 항해가 끝날 때까지 1일 단위로 요금을 정하는 해운 운임
170,경제 금융 경제학(최종 550).hwpx,경제 금융 경제학,170,Dark Pool(다크풀): 대규모 기관 투자자들이 주식시장의 시세 변동을 일으키지 않기 위해 익명으로 대량의 주식을 장외에서 은밀하게 거래하는 사설 거래망
171,경제 금융 경제학(최종 550).hwpx,경제 금융 경제학,171,"Day Trading(데이트레이딩/단타): 주식을 산 당일에 모두 팔아치워 포지션을 넘기지 않고, 하루 동안의 미세한 주가 변동을 이용해 시세차익을 노리는 초단기 매매 기법"
172,경제 금융 경제학(최종 550).hwpx,경제 금융 경제학,172,Dead Cat Bounce(데드 캣 바운스): 주가가 큰 폭으로 하락하다가 일시적으로 반등하는 현상
173,경제 금융 경제학(최종 550).hwpx,경제 금융 경제학,173,Deadweight Debt(사중 부채): 과거의 과도한 차입금 때문에 기업이나 국가가 돈을 벌어도 이자 갚기에 급급하여 더 이상 새로운 투자를 하지 못하는 경제적 마비 상태
174,경제 금융 경제학(최종 550).hwpx,경제 금융 경제학,174,Deadweight Loss(자중손실/사중손실): 시장의 효율성이 떨어지면서 사라져 버린 사회 전체의 경제적 효용
175,경제 금융 경제학(최종 550).hwpx,경제 금융 경제학,175,Death Valley(죽음의 계곡): 스타트업이 초기 자금 고갈 후 매출 발생 전까지 겪는 심각한 자금난 구간
176,경제 금융 경제학(최종 550).hwpx,경제 금융 경제학,176,Debt Consolidation(부채 통합): 여러 금융 기관에 흩어져 있는 고금리 대출들을 모아서 하나의 저금리 대출 상품으로 갈아타 이자 부담을 줄이는 채무 관리 방법
177,경제 금융 경제학(최종 550).hwpx,경제 금융 경제학,177,"Debt Restructuring(채무 구조조정): 채무자가 빚을 갚을 능력을 상실했을 때, 채권단과 협의하여 이자율을 낮추거나 만기를 연장해주어 파산을 막고 회생을 돕는 과정"
178,경제 금융 경제학(최종 550).hwpx,경제 금융 경제학,178,"Debt-to-Equity Ratio(부채비율): 기업의 총부채를 자기자본(순자산)으로 나눈 값으로, 회사가 남의 돈에 얼마나 의존하고 있는지를 보여주는 대표적인 재무 건전성 지표"
179,경제 금융 경제학(최종 550).hwpx,경제 금융 경제학,179,Decacorn(데카콘): 기업 가치가 100억 달러(약 10조 원)를 넘어선 비상장 벤처기업
180,경제 금융 경제학(최종 550).hwpx,경제 금융 경제학,180,Decoupling(디커플링/탈동조화): 국가 간의 경제 흐름이나 공급망이 서로 분리되어 따로 노는 현상
181,경제 금융 경제학(최종 550).hwpx,경제 금융 경제학,181,Default(디폴트/채무 불이행): 빌린 돈의 원금이나 이자를 정해진 날짜에 갚지 못하여 부도가 난 상태
182,경제 금융 경제학(최종 550).hwpx,경제 금융 경제학,182,Defensive Stock(경기방어주): 경기 침체기에도 실적과 주가가 안정적인 주식
183,경제 금융 경제학(최종 550).hwpx,경제 금융 경제학,183,Deficit Spending(적자 지출): 불황을 극복하기 위해 정부가 거둬들인 세금 수입보다 훨씬 더 많은 돈을 국채 발행 등을 통해 일부러 초과 지출하는 케인스주의적 정책
184,경제 금융 경제학(최종 550).hwpx,경제 금융 경제학,184,Deficit(적자): 벌어들인 수익보다 지출한 비용이 더 많아 손실이 발생한 상태
185,경제 금융 경제학(최종 550).hwpx,경제 금융 경제학,185,"DeFi(Decentralized Finance, 탈중앙화 금융): 블록체인 스마트 컨트랙트를 통해 사용자끼리 직접 거래하는 금융"
186,경제 금융 경제학(최종 550).hwpx,경제 금융 경제학,186,Deflation(디플레이션): 자산 가격이 하락하고 물가가 지속적으로 떨어지며 경기가 침체되는 현상
187,경제 금융 경제학(최종 550).hwpx,경제 금융 경제학,187,"Deflator(디플레이터): 명목 GDP를 실질 GDP로 나누어 구하는 거시경제 지표로, 한 국가 경제 전체의 전반적인 물가 수준과 변동을 측정하는 포괄적인 물가 지수"
188,경제 금융 경제학(최종 550).hwpx,경제 금융 경제학,188,Delisting(상장폐지): 상장 기업이 증권시장에서 주식이 거래될 수 있는 자격을 잃는 것
189,경제 금융 경제학(최종 550).hwpx,경제 금융 경제학,189,Demand Curve(수요 곡선): 가격이 하락할수록 소비자가 구매하려는 수요량이 증가한다는 반비례 관계를 그래프로 우하향하게 나타낸 선
190,경제 금융 경제학(최종 550).hwpx,경제 금융 경제학,190,Demand Deposit(요구불예금): 고객이 원할 때 언제든지 조건 없이 현금으로 인출할 수 있고 수표 발행도 가능한 입출금이 자유로운 은행 예금
191,경제 금융 경제학(최종 550).hwpx,경제 금융 경제학,191,"Demand-Pull Inflation(수요 견인 인플레이션): 시중에 돈이 많아지거나 경기가 너무 좋아져서, 물건을 사려는 사람(수요)이 넘쳐나 물가가 지속적으로 상승하는 현상"
192,경제 금융 경제학(최종 550).hwpx,경제 금융 경제학,192,Demographic Cliff(인구절벽): 저출산과 고령화로 생산가능인구가 급감하여 경제가 위축되는 현상
193,경제 금융 경제학(최종 550).hwpx,경제 금융 경제학,193,Deposit Insurance(예금자 보호 제도): 은행이 파산하더라도 예금보험공사 등의 기관이 예금자에게 일정 금액(한국은 5천만 원) 한도 내에서 예금 원금과 이자를 대신 지급해 주는 금융 안전망
194,경제 금융 경제학(최종 550).hwpx,경제 금융 경제학,194,Depreciation(가치 하락/감가상각): 환율 하락이나 유형 자산의 가치 감소
195,경제 금융 경제학(최종 550).hwpx,경제 금융 경제학,195,Depression(공황): 실업률이 치솟고 생산이 급감하는 매우 심각하고 장기적인 경제 침체기
196,경제 금융 경제학(최종 550).hwpx,경제 금융 경제학,196,"Derivative(파생상품): 기초 자산의 가치 변동에 따라 가격이 결정되는 선물, 옵션 등의 금융 상품"
197,경제 금융 경제학(최종 550).hwpx,경제 금융 경제학,197,De-risking(디리스킹/위험회피): 특정 국가와 관계를 완전히 끊지 않고 핵심 위험 요인만 줄이는 전략
198,경제 금융 경제학(최종 550).hwpx,경제 금융 경제학,198,Devaluation(평가절하): 고정환율제를 쓰는 국가가 인위적으로 자국 통화의 가치를 떨어뜨리는 조치
199,경제 금융 경제학(최종 550).hwpx,경제 금융 경제학,199,Diderot Effect(디드로 효과): 새로운 물건을 사면 그에 맞춰 통일성 있게 계속 소비하게 되는 현상
200,경제 금융 경제학(최종 550).hwpx,경제 금융 경제학,200,Digital Nomad(디지털 노마드): 디지털 기기를 활용해 공간 제약 없이 옮겨 다니며 일하는 사람
201,경제 금융 경제학(최종 550).hwpx,경제 금융 경제학,201,Diminishing Marginal Utility(한계효용 체감의 법칙): 재화의 소비가 늘어날수록 추가로 얻는 만족감이 감소하는 법칙
202,경제 금융 경제학(최종 550).hwpx,경제 금융 경제학,202,Diminishing Returns(수확 체감의 법칙): 생산 요소를 계속 늘려도 어느 시점부터 추가 생산량 증가 폭이 줄어드는 법칙
203,경제 금융 경제학(최종 550).hwpx,경제 금융 경제학,203,"Direct Tax(직접세): 소득세나 법인세처럼, 세금을 내야 하는 의무자(납세자)와 실제로 그 세금의 경제적 부담을 지는 사람(담세자)이 완전히 일치하는 세금"
204,경제 금융 경제학(최종 550).hwpx,경제 금융 경제학,204,Disclosure(공시): 투자자 보호를 위해 기업이 주가에 영향을 미칠 중요 정보를 의무 공개하는 제도
205,경제 금융 경제학(최종 550).hwpx,경제 금융 경제학,205,Discount Rate(할인율): 미래 가치를 현재 가치로 환산할 때 적용하는 이율 또는 중앙은행 대출 금리
206,경제 금융 경제학(최종 550).hwpx,경제 금융 경제학,206,"Discount Window(재할인 창구): 시중 은행들이 자금이 일시적으로 부족할 때, 중앙은행에 담보를 제공하고 긴급하게 돈을 빌려 갈 수 있도록 열어둔 대출 창구"
207,경제 금융 경제학(최종 550).hwpx,경제 금융 경제학,207,"Diseconomies of Scale(규모의 불경제): 기업의 덩치가 너무 커져서 오히려 경영 통제가 어려워지고 관료주의가 심해져, 제품 1개당 평균 생산 단가가 거꾸로 상승하는 비효율적 현상"
208,경제 금융 경제학(최종 550).hwpx,경제 금융 경제학,208,Disinflation(디스인플레이션): 물가가 오르긴 하지만 상승 속도가 점차 둔화되는 현상
209,경제 금융 경제학(최종 550).hwpx,경제 금융 경제학,209,Disposable Income(가처분소득): 개인 총소득에서 세금 등을 빼고 실제로 마음대로 쓸 수 있는 소득
210,경제 금융 경제학(최종 550).hwpx,경제 금융 경제학,210,Diversification(분산 투자): 위험을 줄이기 위해 다양한 자산에 자금을 나누어 투자하는 기법
211,경제 금융 경제학(최종 550).hwpx,경제 금융 경제학,211,"Dividend Yield(배당수익률): 1주당 지급되는 배당금을 현재 주가로 나눈 비율로, 주식을 살 때 은행 이자율처럼 기대할 수 있는 투자 수익률 지표"
212,경제 금융 경제학(최종 550).hwpx,경제 금융 경제학,212,Dividend(배당금): 기업이 번 이익 일부를 주주들에게 지분율에 따라 나누어 주는 돈
213,경제 금융 경제학(최종 550).hwpx,경제 금융 경제학,213,"Domestic Credit(국내 신용): 한 나라의 금융 기관들이 정부나 민간 기업, 가계 등에 대출이나 유가증권 매입의 형태로 공급한 자금의 총액"
214,경제 금융 경제학(최종 550).hwpx,경제 금융 경제학,214,Double Dip Recession(더블 딥/이중 침체): 불황에 빠졌던 경제가 짧은 회복기를 보이다가 다시 두 번째 뼈아픈 침체의 늪으로 꺾여 빠져버리는 W자형 장기 경기 침체 현상
215,경제 금융 경제학(최종 550).hwpx,경제 금융 경제학,215,Dove(비둘기파): 경제 성장과 일자리 창출을 위해 금리 인하를 선호하는 온건파
216,경제 금융 경제학(최종 550).hwpx,경제 금융 경제학,216,"Dow Jones Industrial Average(DJIA, 다우존스 산업평균지수): 미국을 대표하는 우량 기업 30개 종목의 주가를 평균 내어 미국 증시의 전반적인 동향을 보여주는 가장 오래된 주가지수"
217,경제 금융 경제학(최종 550).hwpx,경제 금융 경제학,217,"DPS(Dividend Per Share, 주당배당금): 1주당 지급되는 배당금의 액수"
218,경제 금융 경제학(최종 550).hwpx,경제 금융 경제학,218,"DSR(Debt Service Ratio, 총부채원리금상환비율): 연 소득 대비 '모든' 대출의 원리금 상환액 비율"
219,경제 금융 경제학(최종 550).hwpx,경제 금융 경제학,219,"DTI(Debt To Income ratio, 총부채상환비율): 연 소득 대비 주담대 원리금과 기타 대출 이자의 비율"
220,경제 금융 경제학(최종 550).hwpx,경제 금융 경제학,220,"Dumping(덤핑): 시장 점유율을 뺏거나 재고를 털어내기 위해, 국내 판매 가격이나 생산 원가보다 훨씬 싼 터무니없는 헐값에 상품을 외국에 수출하는 부당 무역 행위"
221,경제 금융 경제학(최종 550).hwpx,경제 금융 경제학,221,Duopoly(복점): 특정 시장을 단 두 개의 기업이 지배하는 시장 형태
222,경제 금융 경제학(최종 550).hwpx,경제 금융 경제학,222,"Duration(듀레이션): 채권 원금 회수 시간으로, 금리 변화에 따른 채권 가격 민감도 지표"
223,경제 금융 경제학(최종 550).hwpx,경제 금융 경제학,223,"Earned Income Tax Credit(EITC, 근로장려세제): 저소득 노동자 가구의 빈곤 탈출과 근로 의욕을 높이기 위해, 소득이 일정 금액 이하인 경우 국가가 세금을 깎아주거나 오히려 현금을 지원해 주는 복지 제도"
224,경제 금융 경제학(최종 550).hwpx,경제 금융 경제학,224,Earned Income(근로소득): 직장인이 노동을 제공하고 지급받는 임금 등의 소득
225,경제 금융 경제학(최종 550).hwpx,경제 금융 경제학,225,Earnings Surprise(어닝 서프라이즈/깜짝 실적): 기업이 발표한 분기 매출이나 영업이익이 증권사 애널리스트들의 예상치(컨센서스)를 훨씬 뛰어넘어 대폭 증가하여 주가가 급등하는 호재
226,경제 금융 경제학(최종 550).hwpx,경제 금융 경제학,226,Easy Money Policy(금융 완화 정책): 중앙은행이 금리를 낮추고 통화량을 늘려 돈을 쉽게 빌릴 수 있게 하는 정책
227,경제 금융 경제학(최종 550).hwpx,경제 금융 경제학,227,Easy Money(금융 완화/이지 머니): 대출 조건이 완화되어 시중에 돈이 풍부해진 자금 환경
228,경제 금융 경제학(최종 550).hwpx,경제 금융 경제학,228,"EBITDA(세전·이자지급전이익): 순이익에 이자, 세금, 감가상각비를 더한 현금 창출 능력 지표"
229,경제 금융 경제학(최종 550).hwpx,경제 금융 경제학,229,"E-commerce(전자 상거래): 인터넷, 스마트폰 등 전자적 매체를 통해 온라인 가상 공간에서 상품이나 서비스를 사고파는 모든 비즈니스 활동"
230,경제 금융 경제학(최종 550).hwpx,경제 금융 경제학,230,Econometrics(계량경제학): 통계와 수학을 이용해 경제 데이터를 분석하고 미래를 예측하는 학문
231,경제 금융 경제학(최종 550).hwpx,경제 금융 경제학,231,Economic Growth(경제 성장): 한 국가가 생산하는 재화와 서비스의 총량(실질 GDP)이 장기적으로 꾸준히 증가하여 국민의 소득과 부가 커지는 과정
232,경제 금융 경제학(최종 550).hwpx,경제 금융 경제학,232,Economic Indicator(경제 지표): 한 국가의 경제 상태와 변화 흐름을 숫자로 나타낸 통계 수치
233,경제 금융 경제학(최종 550).hwpx,경제 금융 경제학,233,"Economic Rent(경제적 지대): 유명 스포츠 스타의 엄청난 몸값처럼, 어떤 생산 요소의 공급이 엄격히 제한되어 있어서 그 자원의 소유자가 정당한 기회비용을 초과하여 누리게 되는 불로소득적 성격의 초과 보수"
234,경제 금융 경제학(최종 550).hwpx,경제 금융 경제학,234,Economies of Scale(규모의 경제): 생산량을 늘릴수록 제품 1개당 평균 단가가 하락하는 현상
235,경제 금융 경제학(최종 550).hwpx,경제 금융 경제학,235,"Economies of Scope(범위의 경제): 기업이 한 가지 제품만 생산할 때보다, 기존의 설비나 유통망을 활용하여 여러 종류의 제품을 동시에 생산할 때 전체적인 평균 비용이 오히려 절감되는 현상"
236,경제 금융 경제학(최종 550).hwpx,경제 금융 경제학,236,"Effective Demand(유효수요): 단순히 물건을 사고 싶다는 욕구를 넘어, 실제로 지갑에 돈이 있어 그 물건을 구매할 수 있는 실질적인 지불 능력을 갖춘 든든한 수요"
237,경제 금융 경제학(최종 550).hwpx,경제 금융 경제학,237,"Effective Exchange Rate(실효환율): 자국 통화와 모든 교역 상대국 통화 간의 환율을 무역 비중에 따라 가중평균하여, 자국 화폐의 대외적인 종합 구매력과 수출 경쟁력을 보여주는 환율"
238,경제 금융 경제학(최종 550).hwpx,경제 금융 경제학,238,"Efficient Frontier(효율적 투자선): 포트폴리오 이론에서, 주어진 동일한 위험 수준에서 투자자가 얻을 수 있는 최대의 기대수익률을 연결한 최적의 자산 배분 곡선"
239,경제 금융 경제학(최종 550).hwpx,경제 금융 경제학,239,"Efficient Market Hypothesis(EMH, 효율적 시장 가설): 모든 정보가 주가에 즉각 반영되어 초과 수익을 낼 수 없다는 이론"
240,경제 금융 경제학(최종 550).hwpx,경제 금융 경제학,240,Elasticity of Demand(수요의 탄력성): 상품의 가격이나 소비자의 소득이 변할 때 수요량이 얼마나 민감하게 반응하여 변동하는지를 나타내는 지표
241,경제 금융 경제학(최종 550).hwpx,경제 금융 경제학,241,Elasticity(탄력성): 가격이나 소득 변화에 따른 수요나 공급의 민감도
242,경제 금융 경제학(최종 550).hwpx,경제 금융 경제학,242,"Electronic Funds Transfer(EFT, 전자자금 이체): 종이 수표나 현금이 오가는 물리적 이동 없이, 컴퓨터 네트워크를 통해 한 은행 계좌에서 다른 계좌로 자금이 순식간에 이동하는 디지털 금융 거래"
243,경제 금융 경제학(최종 550).hwpx,경제 금융 경제학,243,Embargo(엠바고/금수 조치): 특정 국가와의 모든 무역이나 금융 거래를 금지하는 명령
244,경제 금융 경제학(최종 550).hwpx,경제 금융 경제학,244,Emerging Market(신흥 시장): 산업화가 빠르게 진행되어 성장 잠재력이 높은 개발도상국 시장
245,경제 금융 경제학(최종 550).hwpx,경제 금융 경제학,245,Employment Rate(고용률): 만 15세 이상의 15세 이상 인구(생산가능인구) 중에서 실제로 취업하여 일하고 있는 사람들의 비율 (실업률보다 체감 고용 상황을 잘 보여줌)
246,경제 금융 경제학(최종 550).hwpx,경제 금융 경제학,246,"Endogenous Variable(내생변수): 수요와 공급 모델에서의 가격이나 거래량처럼, 경제학 모형이나 방정식 내부의 상호작용 원리에 의해 그 값이 결정되는 변수"
247,경제 금융 경제학(최종 550).hwpx,경제 금융 경제학,247,Endowment Effect(보유 효과): 자기 소유물에 대해 가치를 더 높게 평가하는 심리
248,경제 금융 경제학(최종 550).hwpx,경제 금융 경제학,248,Engel's Coefficient(엥겔지수): 가계 총지출 중 식료품비가 차지하는 비율
249,경제 금융 경제학(최종 550).hwpx,경제 금융 경제학,249,Engel's Law(엥겔의 법칙): 가계의 소득이 늘어나 부유해질수록 전체 소비 지출에서 식료품비가 차지하는 비중(엥겔지수)은 점점 감소한다는 경제 통계적 법칙
250,경제 금융 경제학(최종 550).hwpx,경제 금융 경제학,250,"Enterprise Value(EV, 기업가치): 회사의 시가총액에 회사가 갚아야 할 총부채를 더하고 현금성 자산을 뺀 금액으로, 인수자가 그 기업을 통째로 인수할 때 실제로 지불해야 하는 진짜 순매수 비용"
251,경제 금융 경제학(최종 550).hwpx,경제 금융 경제학,251,Entrepreneurship(기업가 정신): 실패의 위험을 무릅쓰고 창의적인 아이디어와 혁신을 통해 새로운 사업을 개척하고 시장의 가치를 창출하려는 모험적인 경영 철학
252,경제 금융 경제학(최종 550).hwpx,경제 금융 경제학,252,"Environmental, Social, and Governance(ESG): 기업의 지속가능성을 평가하는 비재무적 기준"
253,경제 금융 경제학(최종 550).hwpx,경제 금융 경제학,253,"EPS(Earnings Per Share, 주당순이익): 1주가 1년 동안 벌어들인 순이익"
254,경제 금융 경제학(최종 550).hwpx,경제 금융 경제학,254,"Equalization Tax(균등세 / 인두세): 소득, 재산, 지위에 상관없이 모든 국민에게 똑같은 금액으로 일괄적으로 부과하는, 징수는 편하지만 빈부격차를 외면하는 조세 제도"
255,경제 금융 경제학(최종 550).hwpx,경제 금융 경제학,255,Equilibrium Price(균형 가격): 시장에서 수요자들이 사려는 양과 공급자들이 팔려는 양이 딱 맞아떨어져 과부족이 없는 상태에서 형성된 거래 가격
256,경제 금융 경제학(최종 550).hwpx,경제 금융 경제학,256,Equilibrium(균형): 수요와 공급이 일치하여 가격이 안정된 상태
257,경제 금융 경제학(최종 550).hwpx,경제 금융 경제학,257,"Equity Premium(주식 프리미엄): 주식 투자가 안전한 국채 예금보다 원금 손실의 위험이 훨씬 크기 때문에, 투자자들이 그 위험을 감수하는 대신 반드시 추가로 요구하는 초과 기대수익률"
258,경제 금융 경제학(최종 550).hwpx,경제 금융 경제학,258,Equity(자본/자기자본): 총자산에서 부채를 뺀 주주들의 순자산
259,경제 금융 경제학(최종 550).hwpx,경제 금융 경제학,259,Escrow(에스크로/결제 대금 예치): 제3의 기관이 대금을 임시 보관하는 안전 결제 시스템
260,경제 금융 경제학(최종 550).hwpx,경제 금융 경제학,260,"ESG(Environment, Social, Governance): 친환경 경영, 사회적 책임, 투명한 지배구조"
261,경제 금융 경제학(최종 550).hwpx,경제 금융 경제학,261,"ETF(Exchange Traded Fund, 상장지수펀드): 특정 지수나 자산의 수익률을 추종하며 주식처럼 거래되는 펀드"
262,경제 금융 경제학(최종 550).hwpx,경제 금융 경제학,262,"European Central Bank(ECB, 유럽중앙은행): 유로화(Euro)를 사용하는 유로존 20개국의 통화정책을 총괄하며 유로화의 가치와 유로존 전체의 물가 안정을 책임지는 최고 통화 기관"
263,경제 금융 경제학(최종 550).hwpx,경제 금융 경제학,263,"European Union(EU, 유럽연합): 유럽 국가들이 정치적, 경제적, 군사적으로 긴밀하게 통합하여 사람, 자본, 상품이 자유롭게 이동하는 단일 시장을 형성한 거대한 초국가적 연합체"
264,경제 금융 경제학(최종 550).hwpx,경제 금융 경제학,264,"Exchange Rate Mechanism(ERM, 환율조정메커니즘): 유로화가 출범하기 전, 유럽 국가들이 자국 통화 간의 환율 변동 폭을 일정 범위 내로 제한하여 경제적 안정을 도모했던 고정환율 협력 체제"
265,경제 금융 경제학(최종 550).hwpx,경제 금융 경제학,265,Exchange Rate(환율): 한 나라 통화의 대외적인 가치를 나타내는 교환 비율
266,경제 금융 경제학(최종 550).hwpx,경제 금융 경제학,266,"Exchange Traded Note(ETN, 상장지수증권): 증권사가 수익률을 보증하고 발행한 채권 형태의 상품"
267,경제 금융 경제학(최종 550).hwpx,경제 금융 경제학,267,"Excise Tax(개별소비세/소비세): 휘발유, 담배, 보석 등 특정한 품목이나 사치품의 소비를 억제하거나 추가적인 세수를 확보하기 위해 정부가 개별적으로 무겁게 부과하는 세금"
268,경제 금융 경제학(최종 550).hwpx,경제 금융 경제학,268,Exit(엑시트/투자 회수): 벤처 투자금을 M&A나 상장을 통해 현금화하는 과정
269,경제 금융 경제학(최종 550).hwpx,경제 금융 경제학,269,"Exogenous Variable(외생변수): 강우량, 인구수, 국제 유가 등 분석하려는 경제 모형 내부에서 결정되는 것이 아니라 외부의 독립적인 요인에 의해 미리 정해져서 주어지는 변수"
270,경제 금융 경제학(최종 550).hwpx,경제 금융 경제학,270,Expansionary Fiscal Policy(확장적 재정정책): 경기 침체를 막기 위해 정부가 세금을 깎아주거나 도로 건설 등 정부 지출을 대폭 늘려 시중에 돈을 풀고 총수요를 진작시키는 정책
271,경제 금융 경제학(최종 550).hwpx,경제 금융 경제학,271,"Expansionary Policy(확장적 경제 정책): 세금 감면, 금리 인하 등으로 시중에 돈을 푸는 정책"
272,경제 금융 경제학(최종 550).hwpx,경제 금융 경제학,272,Expected Inflation(기대 인플레이션): 가계나 기업 등 경제 주체들이 앞으로 1년 등 미래에 물가가 어느 정도 오를 것이라고 주관적으로 예상하는 심리적 물가 상승률
273,경제 금융 경제학(최종 550).hwpx,경제 금융 경제학,273,Expected Return(기대수익률): 투자 시 미래에 예상되는 평균 수익 비율
274,경제 금융 경제학(최종 550).hwpx,경제 금융 경제학,274,Export-Led Growth(수출 주도형 성장): 내수 시장이 좁은 개발도상국(한국 등)이 정부의 전폭적인 지원을 받아 외국에 물건을 팔아 달러를 벌어들이는 수출을 통해 국가 경제를 급속히 키우는 발전 전략
275,경제 금융 경제학(최종 550).hwpx,경제 금융 경제학,275,"External Debt(외채): 정부, 은행, 기업이 외국 정부나 해외 금융 기관으로부터 외화(주로 달러)로 빌려 와서 나중에 갚아야 하는 빚"
276,경제 금융 경제학(최종 550).hwpx,경제 금융 경제학,276,Externality(외부효과): 의도치 않게 제삼자에게 이익이나 피해를 주면서 보상이 없는 상태
277,경제 금융 경제학(최종 550).hwpx,경제 금융 경제학,277,Fabless(팹리스): 생산 공장 없이 반도체 설계만 전문으로 하는 회사
278,경제 금융 경제학(최종 550).hwpx,경제 금융 경제학,278,"Face Value(액면가): 채권, 주식, 화폐의 표면에 인쇄된 명목 금액"
279,경제 금융 경제학(최종 550).hwpx,경제 금융 경제학,279,"Factor Income(요소 소득): 노동, 토지, 자본 등의 생산 요소를 경제 활동에 제공한 대가로 가계가 벌어들이는 임금, 지대, 이자 등의 순수한 소득"
280,경제 금융 경제학(최종 550).hwpx,경제 금융 경제학,280,"Factor of Production(생산 요소): 재화 생산을 위해 투입하는 토지, 노동, 자본"
281,경제 금융 경제학(최종 550).hwpx,경제 금융 경제학,281,Fair Trade(공정 무역): 커피나 카카오를 재배하는 제3세계의 가난한 농민들에게 중간 상인의 착취 없이 정당하고 합리적인 가격을 직접 지불하여 그들의 자립을 돕는 윤리적 무역 방식
282,경제 금융 경제학(최종 550).hwpx,경제 금융 경제학,282,Fair Value(공정 가치): 독립적이고 합리적인 시장 참여자 간에 거래되는 객관적 가격
283,경제 금융 경제학(최종 550).hwpx,경제 금융 경제학,283,"Fallacy of Composition(구성의 오류): 개인이 돈을 아껴 저축(미덕)하는 것이 국가 전체로는 소비 침체(악덕)를 불러오는 절약의 역설처럼, 부분에 대해 참인 것이 전체에 대해서도 참일 것이라고 착각하는 논리적 오류"
284,경제 금융 경제학(최종 550).hwpx,경제 금융 경제학,284,"FANG(팡): 미국 주식시장의 기술주 상승을 주도한 페이스북(F), 아마존(A), 넷플릭스(N), 구글(G) 등 4대 거대 IT 플랫폼 빅테크 기업의 앞 글자를 딴 용어"
285,경제 금융 경제학(최종 550).hwpx,경제 금융 경제학,285,"FDA(Food and Drug Administration): 미국의 식품, 의약품 등의 안전 규제를 총괄하는 기관"
286,경제 금융 경제학(최종 550).hwpx,경제 금융 경제학,286,Fiat Money(명목화폐/법정화폐): 국가의 신용을 바탕으로 가치가 보장되는 화폐
287,경제 금융 경제학(최종 550).hwpx,경제 금융 경제학,287,Fiduciary(수탁자/신탁의): 고객의 이익을 위해 최선을 다할 의무를 지닌 사람이나 기관
288,경제 금융 경제학(최종 550).hwpx,경제 금융 경제학,288,"Financial Accounting(재무회계): 경영진이 아닌 외부의 주주나 채권자들에게 기업의 성적표를 보여주기 위해, 엄격한 회계 기준(GAAP 등)에 맞춰 재무제표를 작성하는 회계 분야"
289,경제 금융 경제학(최종 550).hwpx,경제 금융 경제학,289,Financial Crisis(금융위기): 금융 시스템 전체가 마비되고 경제가 침체에 빠지는 상황
290,경제 금융 경제학(최종 550).hwpx,경제 금융 경제학,290,"Financial Deregulation(금융 규제 완화): 금융 기관들의 영업, 이자율, 외환 거래 등에 대한 국가의 엄격한 규제를 풀고 시장의 자율과 경쟁을 촉진하는 정책"
291,경제 금융 경제학(최종 550).hwpx,경제 금융 경제학,291,"Financial Engineering(금융 공학): 수학, 통계학, 컴퓨터 프로그래밍을 금융에 접목하여 파생상품을 설계하고 복잡한 투자 위험을 관리하는 첨단 재무 기법"
292,경제 금융 경제학(최종 550).hwpx,경제 금융 경제학,292,"Financial Inclusion(금융 포용): 저소득층이나 노인 등 소외된 계층도 차별 없이 합리적인 비용으로 대출, 저축, 결제 등 필수적인 제도권 금융 서비스를 이용할 수 있도록 보장하는 정책"
293,경제 금융 경제학(최종 550).hwpx,경제 금융 경제학,293,"Financial Intermediary(금융 중개 기관): 돈이 남는 예금자와 돈이 필요한 대출자 사이에서 자금을 연결해 주는 은행, 보험사, 증권사 등의 기관"
294,경제 금융 경제학(최종 550).hwpx,경제 금융 경제학,294,"Financial Market(금융 시장): 돈이 필요한 사람(수요자)과 돈이 남는 사람(공급자) 사이에서 자금의 융통과 거래가 이루어지는 주식시장, 채권시장, 외환시장 등을 아우르는 추상적 공간"
295,경제 금융 경제학(최종 550).hwpx,경제 금융 경제학,295,Financial Statements(재무제표): 기업의 현재 재무 상태와 경영 성과를 규정에 따라 작성한 회계 보고서
296,경제 금융 경제학(최종 550).hwpx,경제 금융 경제학,296,Fintech(핀테크): 금융과 정보통신 기술이 결합한 새로운 금융 서비스
297,경제 금융 경제학(최종 550).hwpx,경제 금융 경제학,297,FIRE Movement(파이어족): 극단적 절약과 투자로 조기 은퇴를 추구하는 라이프 스타일
298,경제 금융 경제학(최종 550).hwpx,경제 금융 경제학,298,Fiscal Cliff(재정절벽): 정부 예산 지출이 급감하며 경제 전체가 충격을 받는 현상
299,경제 금융 경제학(최종 550).hwpx,경제 금융 경제학,299,Fiscal Deficit(재정 적자): 세출이 세입보다 많아 정부의 금고가 빈 상태
300,경제 금융 경제학(최종 550).hwpx,경제 금융 경제학,300,"Fiscal Multiplier(재정 승수): 정부가 1억 원의 재정을 지출했을 때, 이것이 파급 효과를 일으켜 국가의 전체 GDP가 1억 원보다 얼마나 더 큰 폭으로 증가하는지를 나타내는 배수"
301,경제 금융 경제학(최종 550).hwpx,경제 금융 경제학,301,Fiscal Policy(재정정책): 조세와 정부 지출을 조절하여 경제를 안정시키는 정책
302,경제 금융 경제학(최종 550).hwpx,경제 금융 경제학,302,Fixed Cost(고정비): 생산량과 상관없이 항상 일정하게 발생하는 비용
303,경제 금융 경제학(최종 550).hwpx,경제 금융 경제학,303,"Fixed Exchange Rate(고정환율제): 환율의 오르내림을 시장에 맡기지 않고, 정부가 자국 통화의 가치를 달러나 금 등 특정 자산에 못 박아 일정하게 유지하는 제도"
304,경제 금융 경제학(최종 550).hwpx,경제 금융 경제학,304,"Fixed Income(고정 수익/채권): 주식 배당금처럼 실적에 따라 들쭉날쭉하지 않고, 채권이나 정기예금처럼 정해진 날짜에 고정된 이자 수익이 따박따박 들어오는 금융 상품"
305,경제 금융 경제학(최종 550).hwpx,경제 금융 경제학,305,Flash Crash(플래시 크래시 / 순간 폭락): 단 몇 분 만에 가격이 급폭락했다가 급반등하는 현상
306,경제 금융 경제학(최종 550).hwpx,경제 금융 경제학,306,Flat Tax(단일 세율): 부자든 빈자든 소득 수준이나 금액의 크기에 상관없이 모든 납세자에게 똑같은 단 하나의 퍼센트(%) 세율을 일괄적으로 적용하는 조세 방식
307,경제 금융 경제학(최종 550).hwpx,경제 금융 경제학,307,Flipping(플리핑): 짧은 시간 안에 비싸게 되팔아 단기 차익을 남기는 투자 기법
308,경제 금융 경제학(최종 550).hwpx,경제 금융 경제학,308,Floating Exchange Rate(변동환율제): 시장 원리에 따라 환율이 자유롭게 오르내리는 제도
309,경제 금융 경제학(최종 550).hwpx,경제 금융 경제학,309,"Floating Rate Note(FRN, 변동금리부 채권): 지급되는 이자율이 만기까지 고정된 것이 아니라, 리보나 CD 금리 같은 기준 금리의 오르내림에 따라 주기적으로 이자가 변동되는 채권"
310,경제 금융 경제학(최종 550).hwpx,경제 금융 경제학,310,"FOMC(Federal Open Market Committee, 연방공개시장위원회): 미국 중앙은행(Fed) 산하에서 핵심적인 통화정책을 결정하는 회의체로, 6주마다 모여 미국의 기준금리 인상 및 인하 여부를 만장일치나 다수결로 결정함"
311,경제 금융 경제학(최종 550).hwpx,경제 금융 경제학,311,FOMO(Fear Of Missing Out): 돈 벌 기회를 놓칠까 봐 두려워 추격 매수하는 군중 심리
312,경제 금융 경제학(최종 550).hwpx,경제 금융 경제학,312,"Foreign Direct Investment(FDI, 외국인 직접투자): 외국 기업이 경영 참여나 공장 설립을 위해 투자하는 것"
313,경제 금융 경제학(최종 550).hwpx,경제 금융 경제학,313,"Foreign Exchange Reserves(외환보유액): 한 국가의 중앙은행이나 정부가 외환위기 등 비상사태에 대비하여 금고에 비축해 두고 있는 달러, 유로화, 금 등의 대외 지급 준비 자산"
314,경제 금융 경제학(최종 550).hwpx,경제 금융 경제학,314,Foreign Exchange(외환): 거래를 결제하기 위해 사용되는 외국 돈이나 외환 시장
315,경제 금융 경제학(최종 550).hwpx,경제 금융 경제학,315,"Foreign Portfolio Investment(FPI, 외국인 간접투자): 외국인 투자자들이 공장 설립이나 경영권 확보가 아니라, 오직 단기적인 시세차익이나 배당을 노리고 다른 나라의 주식이나 채권을 사들이는 투자"
316,경제 금융 경제학(최종 550).hwpx,경제 금융 경제학,316,Forward Contract(선도 거래): 장외 시장에서 미래 특정 시점에 약속한 가격으로 직접 교환하는 계약
317,경제 금융 경제학(최종 550).hwpx,경제 금융 경제학,317,"Forward Guidance(포워드 가이던스): 중앙은행이 시장의 불안을 달래기 위해 ""우리는 당분간 계속 금리를 올리지 않겠다""라는 식으로 미래의 통화정책 방향을 미리 친절하게 예고해 주는 소통 방식"
318,경제 금융 경제학(최종 550).hwpx,경제 금융 경제학,318,"Forward Rate(선도환율/선도금리): 현재 시점에서 계약을 맺지만, 실제 자금의 교환이나 이자 지급은 미래의 특정 날짜에 이루어지기로 두 당사자가 미리 약속한 환율이나 금리"
319,경제 금융 경제학(최종 550).hwpx,경제 금융 경제학,319,Foundry(파운드리): 반도체 설계도만 받아 위탁 생산해 주는 전문 공장 기업
320,경제 금융 경제학(최종 550).hwpx,경제 금융 경제학,320,Fountain Effect(분수효과): 저소득층의 소비 증가가 경제 전체를 살린다는 이론
321,경제 금융 경제학(최종 550).hwpx,경제 금융 경제학,321,Fractional Reserve Banking(부분지급준비제도): 은행이 예금의 일부만 남기고 대출하여 통화를 창조하는 시스템
322,경제 금융 경제학(최종 550).hwpx,경제 금융 경제학,322,"Fractional Shares(소수점 주식): 삼성전자 1주를 10분의 1조각 내어 0.1주씩 살 수 있는 것처럼, 1주 단위가 아니라 소수점 단위로 잘게 쪼개어 소액으로도 고가의 우량주에 투자할 수 있게 한 주식 매매 제도"
323,경제 금융 경제학(최종 550).hwpx,경제 금융 경제학,323,Framing Effect(프레이밍 효과/틀 짜기 효과): 정보가 제시되는 틀에 따라 판단이 달라지는 현상
324,경제 금융 경제학(최종 550).hwpx,경제 금융 경제학,324,"Franchise(프랜차이즈): 가맹 본부가 가맹점에게 상표권, 노하우 등을 제공하고 로열티를 받는 사업"
325,경제 금융 경제학(최종 550).hwpx,경제 금융 경제학,325,"Free Cash Flow(FCF, 잉여현금흐름): 필수 비용을 빼고 주주 배당 등에 쓸 수 있는 알짜 현금"
326,경제 금융 경제학(최종 550).hwpx,경제 금융 경제학,326,"Free Enterprise(자유 기업/자유 시장 경제): 사유 재산과 영리 추구의 자유가 철저히 보장되며, 정부 간섭 없이 민간 기업이 자유롭게 경쟁하여 상품을 생산하고 판매하는 경제 체제"
327,경제 금융 경제학(최종 550).hwpx,경제 금융 경제학,327,Free Rider Problem(무임승차 문제): 대가를 지불하지 않고 공공재의 혜택만 누리려는 현상
328,경제 금융 경제학(최종 550).hwpx,경제 금융 경제학,328,Free Rider(무임승차자): 비용은 부담하지 않으면서 공공재의 이익만 취하려는 주체
329,경제 금융 경제학(최종 550).hwpx,경제 금융 경제학,329,"Free Trade Agreement(FTA, 자유무역협정): 두 국가 이상이 서로 상품을 수출입할 때 관세를 완전히 없애거나 대폭 낮추어, 양국 간에 마치 한 나라처럼 자유롭게 무역을 하도록 맺는 특혜 조약"
330,경제 금융 경제학(최종 550).hwpx,경제 금융 경제학,330,Free Trade(자유무역): 국가의 개입과 관세 장벽을 철폐하는 경제 정책
331,경제 금융 경제학(최종 550).hwpx,경제 금융 경제학,331,"Frictionless Market(마찰 없는 시장): 세금, 거래 비용 등 제약 요인이 없는 이상적인 시장"
332,경제 금융 경제학(최종 550).hwpx,경제 금융 경제학,332,"Frictional Unemployment(마찰적 실업): 직장을 그만두고 더 좋은 일자리를 찾아 이직하는 과정이나, 대학 졸업 후 첫 직장을 구하는 기간 중에 일시적이고 불가피하게 발생하는 단기적 실업"
333,경제 금융 경제학(최종 550).hwpx,경제 금융 경제학,333,Friend-shoring(프렌드쇼어링): 동맹국이나 우방국끼리만 공급망을 구축하여 위험을 줄이는 전략
334,경제 금융 경제학(최종 550).hwpx,경제 금융 경제학,334,"Fringe Benefits(부가 급여/복리후생): 기업이 직원의 사기를 높이기 위해 월급이나 상여금 등 현금 외에 별도로 제공하는 건강보험, 식대, 기숙사, 자녀 학자금 지원 등의 각종 복지 혜택"
335,경제 금융 경제학(최종 550).hwpx,경제 금융 경제학,335,"Front Running(프런트 러닝/선행매매): 펀드 매니저나 증권사 직원이 엄청난 규모의 고객 주문이 들어올 것을 미리 알고, 그 주가가 오르기 전에 자기 개인 계좌로 먼저 주식을 사서 부당한 이익을 가로채는 불법 행위"
336,경제 금융 경제학(최종 550).hwpx,경제 금융 경제학,336,"FUD(Fear, Uncertainty, Doubt): 공포, 불확실성, 의심을 조장하는 가짜 뉴스나 악의적 소문 전략"
337,경제 금융 경제학(최종 550).hwpx,경제 금융 경제학,337,"Full Employment(완전 고용): 경제가 건강하게 돌아가 일할 의사와 능력이 있는 사람이 거의 모두 직장을 가진 상태로, 마찰적 실업 등 자연실업률 정도만 존재하는 아주 이상적인 노동 시장 상황"
338,경제 금융 경제학(최종 550).hwpx,경제 금융 경제학,338,"Fundamental Analysis(기본적 분석): 차트나 그래프의 선 긋기를 보는 것이 아니라, 회사의 재무제표, 매출 이익률, 산업의 성장성 등 내재적 가치를 깊이 분석하여 주식이 저평가되었는지 판단하는 정통 투자법"
339,경제 금융 경제학(최종 550).hwpx,경제 금융 경제학,339,Fundamentals(펀더멘털): 한 나라 경제나 기업의 건강 상태를 보여주는 기초 체력 지표
340,경제 금융 경제학(최종 550).hwpx,경제 금융 경제학,340,"Fungibility(대체 가능성): 지폐나 금괴처럼, 어떤 자산이 다른 동일한 자산으로 1대1 교환이 완벽하게 가능하여 서로의 가치에 아무런 차이가 없는 성질 (이것이 안 되는 것이 NFT)"
341,경제 금융 경제학(최종 550).hwpx,경제 금융 경제학,341,Funflation(펀플레이션): 여가와 재미(Fun)를 즐기는데 드는 서비스 가격이 급등하는 현상
342,경제 금융 경제학(최종 550).hwpx,경제 금융 경제학,342,Futures Contract(선물 계약): 밀이나 원유 등 기초 자산을 미래의 특정 만기일에 현재 서로 약속한 고정 가격으로 매매하기로 거래소에서 공식적으로 맺는 표준화된 파생상품 계약
343,경제 금융 경제학(최종 550).hwpx,경제 금융 경제학,343,Futures(선물): 기초 자산을 미래의 특정 시점에 미리 합의한 가격으로 사고파는 거래소 계약
344,경제 금융 경제학(최종 550).hwpx,경제 금융 경제학,344,"G20(주요 20개국): 미국, 유럽, 한국 등 전 세계 경제 규모의 80%를 차지하는 선진국과 주요 신흥국 20개국의 재무장관과 중앙은행 총재, 정상들이 모여 글로벌 경제 문제를 논의하는 회의체"
345,경제 금융 경제학(최종 550).hwpx,경제 금융 경제학,345,Game Theory(게임이론): 상대방의 행동을 예측하여 최적의 전략을 선택하는 수학적 경제 이론
346,경제 금융 경제학(최종 550).hwpx,경제 금융 경제학,346,"GDP Deflator(GDP 디플레이터): 명목 GDP를 실질 GDP로 나누어 계산하며, 한 국가 내에서 생산된 모든 재화와 서비스의 전반적인 물가 수준의 변동을 가장 폭넓게 측정하는 종합 물가 지수"
347,경제 금융 경제학(최종 550).hwpx,경제 금융 경제학,347,"GDP(Gross Domestic Product, 국내총생산): 한 나라 영토 안에서 일정 기간 생산된 최종 재화와 서비스의 가치 합계"
348,경제 금융 경제학(최종 550).hwpx,경제 금융 경제학,348,"Gearing Ratio(기어링 비율/레버리지 비율): 기업의 자기자본(내 돈) 대비 부채(남의 돈)가 얼마나 많은지를 나타내는 비율로, 이 수치가 높을수록 빚이 많아 파산 위험이 큰 고위험 재무 구조를 의미함"
349,경제 금융 경제학(최종 550).hwpx,경제 금융 경제학,349,"General Agreement on Tariffs and Trade(GATT, 관세 및 무역에 관한 일반 협정): 제2차 세계대전 이후 자유무역을 촉진하고 관세 장벽을 낮추기 위해 체결되었던 다자간 국제 무역 협정으로, 현재 WTO의 전신"
350,경제 금융 경제학(최종 550).hwpx,경제 금융 경제학,350,"General Equivalency(일반적 등가물): 물물교환 시대에 모든 물건의 가치를 비교하고 교환할 수 있는 절대적인 기준으로 널리 인정받았던 소금, 금, 조개껍데기 같은 원시적 화폐"
351,경제 금융 경제학(최종 550).hwpx,경제 금융 경제학,351,Gentrification(젠트리피케이션): 낙후된 동네가 번성하여 임대료가 치솟아 원주민이 쫓겨나는 현상
352,경제 금융 경제학(최종 550).hwpx,경제 금융 경제학,352,Giffen Good(기펜재): 가격이 오르면 수요가 증가하고 하락하면 수요가 감소하는 예외적인 재화
353,경제 금융 경제학(최종 550).hwpx,경제 금융 경제학,353,"Gig Economy(긱 이코노미): 필요할 때마다 임시직, 프리랜서 형태로 노동력을 제공하는 경제"
354,경제 금융 경제학(최종 550).hwpx,경제 금융 경제학,354,Gig Worker(긱 워커): 플랫폼을 통해 필요할 때만 초단기로 일하는 유연한 노동자
355,경제 금융 경제학(최종 550).hwpx,경제 금융 경제학,355,Gini Coefficient(지니계수): 소득 불평등을 0과 1 사이의 수치로 나타낸 지표
356,경제 금융 경제학(최종 550).hwpx,경제 금융 경제학,356,Gini Index(지니지수): 소득 불평등 지표인 지니계수에 100을 곱하여 0에서 100 사이의 보기 편한 퍼센트 지수로 나타낸 수치
357,경제 금융 경제학(최종 550).hwpx,경제 금융 경제학,357,Glass Ceiling(유리천장): 여성이나 소수자의 승진을 막는 보이지 않는 장벽
358,경제 금융 경제학(최종 550).hwpx,경제 금융 경제학,358,"Glass-Steagall Act(글래스-스티걸 법): 1930년대 대공황 이후 은행의 위험한 투기 행위를 막기 위해, 예금을 받는 일반 상업 은행과 주식 투자를 하는 투자은행(증권사)의 업무를 엄격하게 분리시킨 미국의 전설적인 금융 규제 법안"
359,경제 금융 경제학(최종 550).hwpx,경제 금융 경제학,359,"Global Depository Receipt(GDR, 글로벌 주식예탁증서): 삼성전자 같은 한국 기업이 외국 투자자들에게 쉽게 주식을 팔아 달러를 조달하기 위해, 한국에 원본 주식을 보관해 두고 외국 시장(주로 런던 등)에서 대신 발행하여 유통시키는 대체 증권"
360,경제 금융 경제학(최종 550).hwpx,경제 금융 경제학,360,"Globalization(세계화): 무역 장벽이 무너지고 정치, 경제, 문화가 국경을 초월하여 전 세계가 하나로 긴밀하게 연결되는 현상"
361,경제 금융 경제학(최종 550).hwpx,경제 금융 경제학,361,"GNI(Gross National Income, 국민총소득): 한 나라 국민이 생산 활동으로 벌어들인 소득의 총합"
362,경제 금융 경제학(최종 550).hwpx,경제 금융 경제학,362,"GNP(Gross National Product, 국민총생산): 한 나라 국민이 생산한 모든 최종 재화와 서비스의 가치"
363,경제 금융 경제학(최종 550).hwpx,경제 금융 경제학,363,Going Public(기업공개): 비상장 기업이 외부 투자자 유치를 위해 주식과 재무를 공개하는 것
364,경제 금융 경제학(최종 550).hwpx,경제 금융 경제학,364,"Gold Standard(금본위제): 국가의 화폐 가치를 일정량의 순금 가치에 묶어두고, 돈을 가져오면 언제든 금으로 바꾸어 주는 것을 국가가 보증했던 과거의 화폐 제도"
365,경제 금융 경제학(최종 550).hwpx,경제 금융 경제학,365,"Golden Cross(골든 크로스): 주식 차트 분석에서 단기 이동평균선(예: 20일선)이 장기 이동평균선(예: 60일선)을 아래에서 위로 뚫고 올라가는 순간으로, 주가가 강한 상승 추세로 접어들었다는 매수 신호"
366,경제 금융 경제학(최종 550).hwpx,경제 금융 경제학,366,Golden Parachute(황금낙하산): 경영진이 해임될 때 거액의 퇴직금을 받도록 하여 적대적 인수를 방어하는 전략
367,경제 금융 경제학(최종 550).hwpx,경제 금융 경제학,367,Goldilocks economy(골디락스 경제): 물가 안정 속의 고성장을 누리는 이상적이고 쾌적한 경제 상태
368,경제 금융 경제학(최종 550).hwpx,경제 금융 경제학,368,"Goodhart's Law(굿하트의 법칙): 정책 당국이 어떤 경제 지표(예: 통화량)를 목표로 삼고 통제하기 시작하는 순간, 사람들의 행동이 변해버려 그 지표는 더 이상 상황을 측정하는 올바른 경제 지표로서의 유효성을 잃어버린다는 법칙"
369,경제 금융 경제학(최종 550).hwpx,경제 금융 경제학,369,Goodwill(영업권): 기업 인수 시 뛰어난 상표 가치 등을 인정하여 순자산가치보다 더 얹어주는 프리미엄
370,경제 금융 경제학(최종 550).hwpx,경제 금융 경제학,370,"Government Bond(국채): 국가가 도로를 짓거나 복지 예산을 마련하기 위해 세금이 부족할 때, 국민이나 외국인에게 이자를 주기로 약속하고 돈을 꾸면서 발행하는 빚문서"
371,경제 금융 경제학(최종 550).hwpx,경제 금융 경제학,371,"Government Spending(정부 지출): 국가가 도로나 댐 건설 등 인프라에 투자하거나 공무원 월급, 국방, 복지 수당 등을 위해 재정 예산에서 지출하는 모든 금액"
372,경제 금융 경제학(최종 550).hwpx,경제 금융 경제학,372,Gray Market(그레이 마켓/회색시장): 합법과 불법 경계의 시장 또는 상장 직전의 장외 시장
373,경제 금융 경제학(최종 550).hwpx,경제 금융 경제학,373,Gray Rhino(회색 코뿔소): 예상할 수 있으나 간과하여 위기에 빠지게 되는 예측 가능한 위험
374,경제 금융 경제학(최종 550).hwpx,경제 금융 경제학,374,Great Resignation(대퇴사): 팬데믹 이후 직장인들이 자발적으로 대규모로 회사를 그만두는 현상
375,경제 금융 경제학(최종 550).hwpx,경제 금융 경제학,375,Greedflation(그리드플레이션): 기업들이 탐욕으로 제품 가격을 폭등시켜 인플레이션을 부추기는 현상
376,경제 금융 경제학(최종 550).hwpx,경제 금융 경제학,376,Green Economy(녹색 경제): 화석연료와 환경 파괴를 줄이고 자원 효율성을 높이면서도 경제 성장과 양질의 일자리를 창출하려는 지속 가능한 경제 패러다임
377,경제 금융 경제학(최종 550).hwpx,경제 금융 경제학,377,"Greenmail(그린메일): 기업 사냥꾼이 경영권 탈취 목적으로 주식을 대량 매집한 뒤, 경영진에게 ""이 주식을 비싸게 되사주지 않으면 회사를 뺏겠다""라고 협박하여 단기 시세 차익을 갈취하는 행위"
378,경제 금융 경제학(최종 550).hwpx,경제 금융 경제학,378,"Gresham's Law(그레셤의 법칙): ""악화가 양화를 구축한다""는 유명한 명언으로, 순금이 섞인 진짜 돈은 사람들이 장롱에 감추고, 구리가 섞인 불량 돈(악화)만 시중에 돌아다니게 된다는 법칙"
379,경제 금융 경제학(최종 550).hwpx,경제 금융 경제학,379,Gross Margin(매출총이익): 매출액에서 상품을 만드는 데 들어간 매출원가만을 뺀 기본적인 마진
380,경제 금융 경제학(최종 550).hwpx,경제 금융 경제학,380,"Gross National Happiness(GNH, 국민총행복): 부탄이라는 나라에서 GDP 대신 쓰는 지표로, 경제적 부뿐만 아니라 문화, 환경, 심리적 웰빙 등 국민의 진정한 행복도를 측정하는 국가 발전 지수"
381,경제 금융 경제학(최종 550).hwpx,경제 금융 경제학,381,"Growth Domestic Product(GDP, 국내총생산): 한 나라 영토 내에서 일정 기간 생산된 최종 부가가치의 합"
382,경제 금융 경제학(최종 550).hwpx,경제 금융 경제학,382,Growth Rate(성장률): 경제 규모나 기업의 매출 등이 일정 기간(보통 1년) 동안 과거에 비해 퍼센트로 얼마나 늘어났는지를 나타내는 경제 발전의 속도 지표
383,경제 금융 경제학(최종 550).hwpx,경제 금융 경제학,383,Growth Stock(성장주): 미래 성장성이 커 높은 가격(고PER)에 거래되는 신성장 산업 주식
384,경제 금융 경제학(최종 550).hwpx,경제 금융 경제학,384,Guidance(가이던스): 기업 경영진이 투자자들에게 미리 제시하는 자체 실적 전망치
385,경제 금융 경제학(최종 550).hwpx,경제 금융 경제학,385,"GVC(Global Value Chain, 글로벌 가치사슬): 제품을 만드는 가치 창출 단계가 전 세계에 나뉘어 이루어지는 분업 구조"
386,경제 금융 경제학(최종 550).hwpx,경제 금융 경제학,386,Hackathon(해커톤): 짧은 시간 안에 집중적으로 아이디어를 내고 프로토타입을 만들어내는 대회
387,경제 금융 경제학(최종 550).hwpx,경제 금융 경제학,387,Haircut(헤어컷): 부도 채무 탕감으로 채권자가 감수하는 손실 비율이나 담보 가치를 일정 비율 깎는 것
388,경제 금융 경제학(최종 550).hwpx,경제 금융 경제학,388,Halving(반감기): 4년마다 코인 보상의 양이 절반으로 줄어들어 암호화폐 공급이 희소해지는 시기
389,경제 금융 경제학(최종 550).hwpx,경제 금융 경제학,389,Hard Currency(기축통화/경화): 달러처럼 가치가 안정적이고 전 세계 결제 수단으로 널리 쓰이는 화폐
390,경제 금융 경제학(최종 550).hwpx,경제 금융 경제학,390,Hard Landing(경착륙): 호황이던 경기가 갑자기 얼어붙어 주가 폭락과 대량 실업을 겪는 심각한 경기 침체
391,경제 금융 경제학(최종 550).hwpx,경제 금융 경제학,391,Hawk(매파): 경제 성장이 둔화하더라도 물가 안정을 위해 금리를 올려야 한다고 주장하는 강경파
392,경제 금융 경제학(최종 550).hwpx,경제 금융 경제학,392,"HBM(High Bandwidth Memory, 고대역폭 메모리): 대규모 연산이 필요한 AI 반도체의 핵심 부품으로 데이터 처리 속도를 끌어올린 메모리"
393,경제 금융 경제학(최종 550).hwpx,경제 금융 경제학,393,Hedge Fund(헤지펀드): 거액의 자금을 모아 절대 수익을 추구하기 위해 공격적인 투자 기법을 쓰는 사모펀드
394,경제 금융 경제학(최종 550).hwpx,경제 금융 경제학,394,Hedge Ratio(헤지 비율): 현물 자산의 가격 하락 위험을 막기 위해 선물 등 파생상품을 어느 정도 비율로 사서 보험을 걸어둘지 결정하는 헤징의 강도
395,경제 금융 경제학(최종 550).hwpx,경제 금융 경제학,395,Hedge(헤지/위험회피): 파생상품 등을 이용해 보유 자산과 반대되는 포지션을 취해 가격 하락 손실을 막는 기법
396,경제 금융 경제학(최종 550).hwpx,경제 금융 경제학,396,"Hedging(헤징): 투자 자산이나 사업의 불확실한 가격 변동 위험을 없애거나 줄이기 위해 반대되는 금융 거래(옵션, 선물)로 보험을 걸어두는 안전장치 행위"
397,경제 금융 경제학(최종 550).hwpx,경제 금융 경제학,397,Helicopter Money(헬리콥터 머니): 극심한 침체 시 정부가 헬기에서 돈을 뿌리듯 국민에게 직접 현금을 쥐여주는 정책
398,경제 금융 경제학(최종 550).hwpx,경제 금융 경제학,398,Herd Behavior(군집 행동/양떼 효과): 시장 분위기나 다른 사람의 패턴을 무작정 따라 하는 비이성적인 쏠림 심리
399,경제 금융 경제학(최종 550).hwpx,경제 금융 경제학,399,"Herfindahl-Hirschman Index(HHI, 허핀달-허쉬만 지수): 특정 산업에서 상위 기업들의 시장 점유율을 각각 제곱하여 더한 수치로, 정부가 이 지수를 통해 기업 간 인수합병 시 시장의 독과점 집중도를 평가함"
400,경제 금융 경제학(최종 550).hwpx,경제 금융 경제학,400,"High-Frequency Trading(HFT, 초고타수 매매): 컴퓨터 알고리즘이 1초에 수천 번 주문을 내 미세한 이익을 챙기는 매매 기법"
401,경제 금융 경제학(최종 550).hwpx,경제 금융 경제학,401,"High-Yield Bond(하이일드 채권/고수익 채권): 신용 등급이 낮은 기업이 발행하여 부도 위험은 크지만, 그 대가로 은행 이자보다 훨씬 높은 수익률을 제공하는 투자 부적격 등급의 투기적 채권 (=정크본드)"
402,경제 금융 경제학(최종 550).hwpx,경제 금융 경제학,402,HODL(존버/장기 보유): 가격 폭락 장세에서도 가치를 믿고 끝까지 팔지 않고 버티는 투자 행태
403,경제 금융 경제학(최종 550).hwpx,경제 금융 경제학,403,Holding Company(지주회사): 다른 회사의 주식을 소유하여 경영권을 행사하고 지휘 감독하는 본사
404,경제 금융 경제학(최종 550).hwpx,경제 금융 경제학,404,Homo Economicus(호모 에코노미쿠스/경제적 인간): 오직 이기적 이익을 위해 합리적으로 계산하고 행동하는 인간상
405,경제 금융 경제학(최종 550).hwpx,경제 금융 경제학,405,Horizontal Integration(수평적 통합): 동일한 산업 내에서 비슷한 제품을 만드는 경쟁 기업을 인수하거나 합병하여 몸집을 키우고 시장 점유율을 단숨에 끌어올리는 경영 전략
406,경제 금융 경제학(최종 550).hwpx,경제 금융 경제학,406,Hostile Takeover(적대적 인수합병): 경영진 동의 없이 강제로 주식을 매집하여 경영권을 뺏는 행위
407,경제 금융 경제학(최종 550).hwpx,경제 금융 경제학,407,"Hot Money(핫머니): 주식, 환율 등의 단기 시세차익이나 이자 차이를 노리고 국경을 넘어 순식간에 들어왔다가 썰물처럼 빠져나가는 극도로 투기적이고 불안정한 단기 부동 자금"
408,경제 금융 경제학(최종 550).hwpx,경제 금융 경제학,408,"Household Debt(가계 부채): 대한민국 경제의 큰 뇌관으로, 개인이나 가계가 집을 사거나 생활비로 쓰기 위해 은행과 금융권에서 빌려 써서 갚아야 할 대출금과 빚의 총합"
409,경제 금융 경제학(최종 550).hwpx,경제 금융 경제학,409,"Human Capital(인적 자본): 기계나 공장 같은 물적 자본에 대비되는 개념으로, 교육과 훈련을 통해 인간이 축적한 지식, 기술, 경험 등 경제 성장을 이끄는 노동력의 잠재적 가치"
410,경제 금융 경제학(최종 550).hwpx,경제 금융 경제학,410,Hyperinflation(초인플레이션): 통제 불능으로 화폐를 찍어내 한 달에 물가가 50% 이상 오르는 극단적인 물가 상승
411,경제 금융 경제학(최종 550).hwpx,경제 금융 경제학,411,"Illiquid Asset(비유동 자산/유동성이 낮은 자산): 덩치가 큰 부동산이나 사모펀드처럼, 당장 현금이 급할 때 제값을 받고 시장에서 빠르게 팔아 현금화하기가 매우 어렵고 시간이 오래 걸리는 자산"
412,경제 금융 경제학(최종 550).hwpx,경제 금융 경제학,412,Illiquidity(유동성 부족/비유동성): 자산을 팔아 현금으로 바꾸기 매우 어렵거나 당장의 급전을 마련하지 못하는 상태
413,경제 금융 경제학(최종 550).hwpx,경제 금융 경제학,413,"IMF(International Monetary Fund, 국제통화기금): 외환보유고가 바닥나 국가 부도 위기에 처한 나라에 달러를 빌려주고 강도 높은 구조조정을 요구하는, 글로벌 금융 시스템의 안정을 담당하는 세계 중앙은행격 국제기구"
414,경제 금융 경제학(최종 550).hwpx,경제 금융 경제학,414,Imperfect Competition(불완전 경쟁): 소수의 기업이 시장 점유율을 장악하여 가격을 통제할 힘을 가진 현실의 시장 구조
415,경제 금융 경제학(최종 550).hwpx,경제 금융 경제학,415,"Imperfect Information(불완전 정보): 중고차 시장처럼 거래에 참여하는 판매자나 구매자가 상품의 품질, 가격 등에 대한 모든 정보를 100% 알지 못해 합리적 선택에 방해를 받는 현실적 제약"
416,경제 금융 경제학(최종 550).hwpx,경제 금융 경제학,416,"Implicit Cost(암묵적 비용): 사업을 할 때 외부로 현금이 실제로 나가는 명시적 비용 외에, 내가 이 사업을 하지 않고 다른 데 취직했다면 벌 수 있었을 내 연봉처럼 장부에는 안 적히지만 포기해야만 했던 기회비용"
417,경제 금융 경제학(최종 550).hwpx,경제 금융 경제학,417,"Import Quota(수입 할당제/수입 쿼터): 자국 산업을 보호하기 위해, 1년에 외국에서 수입할 수 있는 쌀이나 자동차의 최대 물량이나 무게를 정부가 아예 법으로 못 박아 제한해 버리는 가장 강력한 보호무역 조치"
418,경제 금융 경제학(최종 550).hwpx,경제 금융 경제학,418,"Import Substitution(수입 대체 산업화): 외국에서 사다 쓰던 자동차, 철강 같은 공산품을 이제 수입하지 않고 막대한 관세로 막은 뒤, 우리 손으로 직접 국산화하여 국내 공장을 키우려는 개발도상국의 경제 발전 전략"
419,경제 금융 경제학(최종 550).hwpx,경제 금융 경제학,419,"Income Elasticity of Demand(수요의 소득탄력성): 내 월급(소득)이 10% 올랐을 때 명품 백을 20% 더 살지, 아니면 라면을 5% 덜 살지 등 소득 변화에 따른 소비량의 민감도를 측정하여 필수재와 사치재를 구분하는 지표"
420,경제 금융 경제학(최종 550).hwpx,경제 금융 경제학,420,Income Inequality(소득 불평등): 국가나 사회 내에서 개인 간에 벌어들이는 소득의 격차가 크게 벌어진 상태
421,경제 금융 경제학(최종 550).hwpx,경제 금융 경제학,421,Income Statement(손익계산서): 기업이 영업을 통해 벌어들인 수익에서 비용을 빼서 얼마의 이익이나 손실을 냈는지 보여주는 보고서
422,경제 금융 경제학(최종 550).hwpx,경제 금융 경제학,422,Income Tax(소득세): 개인이 직장에서 받은 월급이나 사업으로 벌어들인 이익 등 일정 기간 발생한 모든 소득에 대해 국가가 매기는 직접세
423,경제 금융 경제학(최종 550).hwpx,경제 금융 경제학,423,"Incubator(인큐베이터): 초기 스타트업에 사무실, 공용 기기, 경영 멘토링 등을 제공하는 지원 기관"
424,경제 금융 경제학(최종 550).hwpx,경제 금융 경제학,424,Index Fund(인덱스 펀드): 특정 주가지수의 수익률을 똑같이 추종하도록 구성된 패시브 펀드
425,경제 금융 경제학(최종 550).hwpx,경제 금융 경제학,425,"Indexation(물가연동제): 인플레이션으로 인해 돈의 가치가 떨어지는 것을 막기 위해, 임금, 연금, 세금 기준 등을 물가 상승률과 기계적으로 연동시켜서 자동으로 올려주는 제도"
426,경제 금융 경제학(최종 550).hwpx,경제 금융 경제학,426,Indifference Curve(무차별 곡선): 사과 2개와 배 3개를 먹을 때나 사과 4개와 배 1개를 먹을 때나 소비자가 느끼는 만족감(효용)이 똑같은 여러 조합의 점들을 쭉 연결해 놓은 경제학 그래프
427,경제 금융 경제학(최종 550).hwpx,경제 금융 경제학,427,"Indirect Tax(간접세): 부가가치세처럼, 세금을 내야 하는 의무자(식당 사장님)와 실제 주머니에서 세금을 부담하는 사람(밥 먹는 소비자)이 달라서 조세 저항이 덜한 세금"
428,경제 금융 경제학(최종 550).hwpx,경제 금융 경제학,428,"Inelastic Demand(비탄력적 수요): 휘발유나 쌀처럼, 가격이 아무리 미친 듯이 올라도 당장 안 쓰고는 살 수가 없어서 눈물을 머금고 사야 하기 때문에 수요량이 크게 줄어들지 않는 뻣뻣한 수요 상태"
429,경제 금융 경제학(최종 550).hwpx,경제 금융 경제학,429,Infant Industry Argument(유치산업 보호론): 걸음마 단계의 국내 산업이 글로벌 대기업들과 경쟁할 힘을 기를 때까지는 정부가 높은 관세의 울타리를 쳐주고 막대한 보조금을 주어 온실 속의 화초처럼 보호해야 한다는 무역 논리
430,경제 금융 경제학(최종 550).hwpx,경제 금융 경제학,430,Inferior Good(열등재): 소득 수준이 올라가면 고급 대체제로 갈아타 오히려 수요가 감소하는 재화
431,경제 금융 경제학(최종 550).hwpx,경제 금융 경제학,431,"Inflation Targeting(물가안정 목표제): 한국은행 등 중앙은행이 ""우리는 매년 물가 상승률을 2% 근처로 유지하겠다""라고 목표를 대놓고 공표한 뒤, 이 수치에 맞춰 금리를 조절하고 시장의 기대를 관리하는 현대 통화정책의 핵심 원리"
432,경제 금융 경제학(최종 550).hwpx,경제 금융 경제학,432,Inflation(인플레이션): 화폐 가치는 하락하고 물건 가격이 지속적으로 오르는 경제 현상
433,경제 금융 경제학(최종 550).hwpx,경제 금융 경제학,433,Information Asymmetry(정보 비대칭): 거래 당사자 간에 한쪽이 다른 쪽보다 더 많거나 정확한 정보를 가진 상태
434,경제 금융 경제학(최종 550).hwpx,경제 금융 경제학,434,"Initial Coin Offering(ICO, 가상화폐 공개): 블록체인 기업이 새 코인을 발행해 자금을 조달하는 방식"
435,경제 금융 경제학(최종 550).hwpx,경제 금융 경제학,435,"Initial Margin(개시 증거금/위탁 증거금): 주식 신용 거래나 선물 거래를 처음 시작할 때, 투자자가 증권사에 담보로 현금이나 주식을 맡겨야 하는 계좌의 최소 보증금"
436,경제 금융 경제학(최종 550).hwpx,경제 금융 경제학,436,"Innovation(혁신): 기술의 발명이나 새로운 아이디어를 단순히 만들어내는 것을 넘어, 그것을 상업적으로 성공시켜 기존 시장의 판도를 완전히 바꾸고 부가가치를 창출하는 경제적 도약"
437,경제 금융 경제학(최종 550).hwpx,경제 금융 경제학,437,Insider Trading(내부자 거래): 기업의 기밀 정보를 미리 이용하여 자사 주식을 매매해 시세차익을 챙기는 범죄
438,경제 금융 경제학(최종 550).hwpx,경제 금융 경제학,438,Insolvency(지급 불능/채무 초과): 부채가 자산보다 많거나 현금이 융통되지 않아 채무 상환 능력을 상실한 상태
439,경제 금융 경제학(최종 550).hwpx,경제 금융 경제학,439,"Institutional Economics(제도 경제학): 경제 현상을 분석할 때 수학 공식만 볼 것이 아니라, 그 사회의 법, 관습, 문화 등 인간의 행동을 규제하는 '제도'가 어떻게 진화하고 영향을 미치는지를 중점적으로 연구하는 학파"
440,경제 금융 경제학(최종 550).hwpx,경제 금융 경제학,440,Institutional Investor(기관 투자자): 개인 투자자와 대비되는 개념으로 대규모 자금을 운용하는 기관
441,경제 금융 경제학(최종 550).hwpx,경제 금융 경제학,441,"Intangible Asset(무형 자산): 특허권, 저작권, 영업권 등 독점적 권리로 경제적 이익을 가져다주는 보이지 않는 자산"
442,경제 금융 경제학(최종 550).hwpx,경제 금융 경제학,442,"Intellectual Property(IP, 지식재산권): 특허권, 저작권, 상표권 등 인간의 두뇌와 창작 활동으로 만들어진 무형의 재산에 대해 법적으로 부여된 독점적이고 배타적인 권리"
443,경제 금융 경제학(최종 550).hwpx,경제 금융 경제학,443,"Interest Rate Parity(이자율 평가설): 두 나라 사이의 환율은 결국 두 나라 은행 금리의 차이만큼 움직이게 되어 있어서, 금리가 높은 나라에 투자하나 환율 차익을 고려해 낮은 나라에 투자하나 결국 수익은 같아진다는 환율 결정 이론"
444,경제 금융 경제학(최종 550).hwpx,경제 금융 경제학,444,Interest Rate(금리/이자율): 돈을 빌려 쓴 대가의 비율로 돈의 가격
445,경제 금융 경제학(최종 550).hwpx,경제 금융 경제학,445,"Internal Rate of Return(IRR, 내부수익률): 어떤 사업에 투자할 때 미래에 벌어들일 현금의 가치와 초기에 들어간 돈이 딱 일치해져서 NPV(순현재가치)가 '0'이 되게 만드는 마법의 할인율로, 투자 사업의 예상 수익률을 나타냄"
446,경제 금융 경제학(최종 550).hwpx,경제 금융 경제학,446,"International Trade(국제 무역): 상품, 서비스, 자본이 각 나라의 국경을 넘어 교환되고 거래되는 활동으로, 국가 간 비교우위를 통해 세계 경제 성장을 이끄는 핵심 엔진"
447,경제 금융 경제학(최종 550).hwpx,경제 금융 경제학,447,Intervention(시장 개입): 경제 위기 시 정부나 중앙은행이 시장의 자유로운 흐름을 방치하지 않고 환율을 조작하거나 부실 기업을 살리기 위해 직접 힘과 세금을 쏟아붓는 통제 행위
448,경제 금융 경제학(최종 550).hwpx,경제 금융 경제학,448,"Intrinsic Value(내재 가치): 어떤 주식이나 자산이 시장에서 투기로 인해 비싸거나 싸게 거래되는 겉보기 가격이 아니라, 그 회사가 가진 현금, 배당 능력, 미래 성장성 등을 냉정하게 계산했을 때 나오는 진짜 가치"
449,경제 금융 경제학(최종 550).hwpx,경제 금융 경제학,449,"Inventory(재고): 기업이 팔려고 창고에 쌓아둔 완성품이나, 제품을 만들기 위해 쌓아둔 부품 및 원자재 등 아직 돈으로 바뀌지 않고 묶여 있는 자산"
450,경제 금융 경제학(최종 550).hwpx,경제 금융 경제학,450,"Investment Bank(IB, 투자은행): 일반 국민들의 푼돈을 예금받는 상업 은행이 아니라, 거대 기업의 주식 상장(IPO)을 돕고 인수합병(M&A)을 주선하며 자신들의 거대한 자본으로 직접 투기적 투자를 벌이는 덩치 큰 증권사 (예: 골드만삭스, 모건스탠리)"
451,경제 금융 경제학(최종 550).hwpx,경제 금융 경제학,451,Invisible Hand(보이지 않는 손): 이기심에 의한 시장 가격의 자동 조절 기능을 뜻하는 애덤 스미스의 개념
452,경제 금융 경제학(최종 550).hwpx,경제 금융 경제학,452,Inward Investment(외국인 국내 투자): 외국 자본이 국내 시장으로 유입되어 공장을 짓거나 주식 및 채권을 사들이는 경제 활동
453,경제 금융 경제학(최종 550).hwpx,경제 금융 경제학,453,"IPO(Initial Public Offering, 기업공개): 비상장 기업이 외부 투자자를 유치하기 위해 증권시장에 상장하는 과정"
454,경제 금융 경제학(최종 550).hwpx,경제 금융 경제학,454,"IS-LM Model(IS-LM 모형): 케인스 경제학을 수식으로 정리한 것으로, 이자율과 국민소득을 변수로 하여 생산물 시장의 균형(IS 곡선)과 화폐 시장의 균형(LM 곡선)이 만나는 지점에서 국가 경제의 균형이 이루어진다는 거시 모형"
455,경제 금융 경제학(최종 550).hwpx,경제 금융 경제학,455,J-Curve(J커브 효과): 환율 상승 시 단기적으로 무역수지가 악화되었다가 장기적으로 개선되는 곡선 현상
456,경제 금융 경제학(최종 550).hwpx,경제 금융 경제학,456,Joint Venture(조인트 벤처/합작 법인): 두 개 이상의 회사가 자본과 기술을 반반씩 투자하여 특정 사업이나 프로젝트를 함께 수행하기 위해 공동으로 설립한 새로운 회사
457,경제 금융 경제학(최종 550).hwpx,경제 금융 경제학,457,Junk Bond(정크 본드/투기등급 채권): 신용등급이 낮아 부도 위험이 매우 크지만 고수익을 주는 회사채
458,경제 금융 경제학(최종 550).hwpx,경제 금융 경제학,458,"Just-in-Time(JIT, 적시 생산 방식): 공장 창고에 재고를 1도 쌓아두지 않고, 자동차 부품이 필요한 타이밍에 정확하게 협력사로부터 공급받아 생산의 효율성을 극대화하고 재고 유지 비용을 박살 내는 토요타의 혁신적 생산 시스템"
459,경제 금융 경제학(최종 550).hwpx,경제 금융 경제학,459,"Keiretsu(계열/케이레쓰): 일본 경제 특유의 기업 구조로, 은행을 중심으로 수많은 제조업과 무역 회사가 서로 주식을 얽기섥기 교차 소유하며 강력한 밀어주기와 연대를 형성한 거대한 기업 집단"
460,경제 금융 경제학(최종 550).hwpx,경제 금융 경제학,460,Keynesian Economics(케인스주의 경제학): 불황 극복을 위해 정부가 빚을 내서라도 재정 지출을 늘려 '유효수요'를 창출해야 한다는 사상
461,경제 금융 경제학(최종 550).hwpx,경제 금융 경제학,461,"Knowledge Economy(지식 경제): 석탄이나 기계 설비 같은 물질적 자원보다 아이디어, 특허, 소프트웨어 같은 지식과 정보 혁신이 경제 성장을 이끌고 부가가치를 창출하는 21세기형 경제 체제"
462,경제 금융 경제학(최종 550).hwpx,경제 금융 경제학,462,Kondratiev Wave(콘드라티예프 파동): 기술 혁신 등에 의해 자본주의 경제가 약 50~60년 주기로 상승과 하락을 반복한다는 장기 경제 순환 이론
463,경제 금융 경제학(최종 550).hwpx,경제 금융 경제학,463,"Kuznets Curve(쿠즈네츠 곡선): 한 나라의 경제가 처음 성장할 때는 빈부격차가 극심해지지만, 소득이 일정 수준을 넘어서서 선진국이 되면 정부의 복지 정책으로 다시 빈부격차가 줄어든다는 역 U자형 가설"
464,경제 금융 경제학(최종 550).hwpx,경제 금융 경제학,464,"Labor Economics(노동경제학): 임금은 어떻게 결정되는지, 왜 실업자가 생기는지, 노조의 파업이 경제에 어떤 영향을 미치는지 등 노동 시장의 굴러가는 원리를 파헤치는 경제학의 한 분과"
465,경제 금융 경제학(최종 550).hwpx,경제 금융 경제학,465,Labor Force(노동력/경제활동인구): 만 15세 이상의 인구 중 취업자와 실업자의 총합
466,경제 금융 경제학(최종 550).hwpx,경제 금융 경제학,466,Labor Market(노동 시장): 노동을 팔려는 구직자(공급)와 직원을 고용하려는 기업(수요)이 만나서 서로 임금과 근로 조건을 타협하고 합의를 이루는 추상적인 경제 공간
467,경제 금융 경제학(최종 550).hwpx,경제 금융 경제학,467,"Labor Productivity(노동생산성): 노동자 1명이 1시간 동안 죽어라 일했을 때 과연 몇 개짜리 빵(부가가치)을 만들어내는지를 계산한 지표로, 이것이 높아야 임금도 오르고 국가 경제도 성장함"
468,경제 금융 경제학(최종 550).hwpx,경제 금융 경제학,468,Labor Union(노동조합/노조): 힘없는 개별 노동자들이 뭉쳐서 사장님(사측)과 동등하게 임금 인상이나 근로 조건 개선을 협상(단체 교섭)하기 위해 법적으로 결성한 근로자 단체
469,경제 금융 경제학(최종 550).hwpx,경제 금융 경제학,469,Laffer Curve(래퍼 곡선): 세율을 특정 한계 이상으로 올리면 오히려 조세 수입이 줄어든다는 것을 보여주는 곡선
470,경제 금융 경제학(최종 550).hwpx,경제 금융 경제학,470,Lagging Indicator(경기후행지수): 실업률 등 경제 상황 변동 이후에 뒤늦게 확인시켜 주는 거시경제 지표
471,경제 금융 경제학(최종 550).hwpx,경제 금융 경제학,471,Laissez-faire(자유방임주의): 민간 경제 활동에 어떠한 정부 간섭도 하지 말아야 한다는 사상
472,경제 금융 경제학(최종 550).hwpx,경제 금융 경제학,472,"Land(토지): 경제학에서 말하는 3대 생산 요소 중 하나로, 땅덩어리뿐만 아니라 그 땅에서 나오는 석유, 물, 광물 등 대자연이 인간에게 제공하는 모든 천연자원을 뜻함"
473,경제 금융 경제학(최종 550).hwpx,경제 금융 경제학,473,Large Cap(대형주): 시가총액이 커서 시장 전체의 흐름을 주도하는 기업의 주식
474,경제 금융 경제학(최종 550).hwpx,경제 금융 경제학,474,"Law of Demand(수요의 법칙): 가격이 오르면 수요량은 감소하고, 가격이 내리면 수요량은 증가하는 관계"
475,경제 금융 경제학(최종 550).hwpx,경제 금융 경제학,475,Law of Diminishing Marginal Utility(한계효용 체감의 법칙): 소비가 늘어날수록 추가 만족감이 감소하는 법칙
476,경제 금융 경제학(최종 550).hwpx,경제 금융 경제학,476,"Law of Supply(공급의 법칙): 가격이 오르면 공급량은 증가하고, 가격이 내리면 공급량은 감소하는 비례 관계"
477,경제 금융 경제학(최종 550).hwpx,경제 금융 경제학,477,"Lead Time(리드 타임): 물건을 주문하고 나서 내 손에 택배로 도착하거나 공장에 납품되기까지 걸리는 총 소요 시간으로, 이것이 짧아야 물류와 생산 효율이 대폭 상승함"
478,경제 금융 경제학(최종 550).hwpx,경제 금융 경제학,478,Leading Indicator(경기선행지수): 주가지수 등 다가올 미래의 경기 흐름을 미리 예측하게 해주는 지표
479,경제 금융 경제학(최종 550).hwpx,경제 금융 경제학,479,Lease(리스/임대): 거액이 드는 장비를 리스 회사가 대신 사주고 이용자는 매달 대여료를 내며 빌려 쓰는 제도
480,경제 금융 경제학(최종 550).hwpx,경제 금융 경제학,480,Legal Tender(법화/법정 화폐): 국가가 법률로써 무조건 받아들이도록 강제력을 부여한 공식적인 화폐
481,경제 금융 경제학(최종 550).hwpx,경제 금융 경제학,481,"Lender of Last Resort(최종 대부자): 외환위기나 뱅크런 사태로 시중 은행들이 줄도산 위기에 처해 어디서도 돈을 못 구할 때, 국가 경제의 붕괴를 막기 위해 한국은행 같은 중앙은행이 마지막 구세주로 나서서 무제한으로 긴급 자금을 수혈해 주는 역할"
482,경제 금융 경제학(최종 550).hwpx,경제 금융 경제학,482,"Letter of Credit(L/C, 신용장): 수입국의 은행이 수입업자 대신 수출 대금을 보증하는 문서"
483,경제 금융 경제학(최종 550).hwpx,경제 금융 경제학,483,Leverage(레버리지/지렛대 효과): 빚(대출)을 끌어다 투자하여 수익률을 극대화하려는 기법
484,경제 금융 경제학(최종 550).hwpx,경제 금융 경제학,484,"Leveraged Buyout(LBO, 차입 매수): 인수 대상 기업의 자산을 담보로 빚을 내어 회사를 사버리는 기법"
485,경제 금융 경제학(최종 550).hwpx,경제 금융 경제학,485,Liability(부채/채무): 기업이나 개인이 미래에 현금이나 재화로 갚아야 하는 빚과 의무
486,경제 금융 경제학(최종 550).hwpx,경제 금융 경제학,486,LIBOR(리보/런던 은행 간 금리): 런던의 우량 은행끼리 단기 자금을 거래할 때 적용하는 금리로 국제 금융 시장의 지표 금리
487,경제 금융 경제학(최종 550).hwpx,경제 금융 경제학,487,"Life Cycle Hypothesis(평생 소득 가설): 사람들은 젊어서 돈을 잘 벌 때 노후를 위해 왕창 저축하고, 은퇴하면 그 모아둔 돈을 까먹으며 살기 때문에, 현재의 소비는 이번 달 월급뿐만 아니라 일생 동안 벌어들일 총예상 소득에 맞춰 평탄하게 결정된다는 이론"
488,경제 금융 경제학(최종 550).hwpx,경제 금융 경제학,488,"Limited Liability Company(LLC, 유한책임회사): 회사가 빚더미에 앉아 망하더라도, 투자자(주주)는 자기가 초기에 투자한 주식값 한도 내에서만 돈을 날리고, 회사 빚을 대신 갚아줄 개인적인 책임은 지지 않는 기업 형태"
489,경제 금융 경제학(최종 550).hwpx,경제 금융 경제학,489,Liquid Asset(유동자산): 1년 안에 쉽고 빠르게 현금으로 바꿀 수 있는 자산
490,경제 금융 경제학(최종 550).hwpx,경제 금융 경제학,490,Liquidation(청산): 기업 파산 시 모든 자산을 팔아 빚을 갚고 남은 돈을 나누어 주는 절차
491,경제 금융 경제학(최종 550).hwpx,경제 금융 경제학,491,Liquidity Ratio(유동성 비율): 기업의 단기 부채 상환 능력을 평가하는 지표로 유동자산을 유동부채로 나눈 비율
492,경제 금융 경제학(최종 550).hwpx,경제 금융 경제학,492,Liquidity Trap(유동성 함정): 중앙은행이 돈을 풀어도 경제 주체들이 현금만 쌓아두어 통화정책이 작동하지 않는 상태
493,경제 금융 경제학(최종 550).hwpx,경제 금융 경제학,493,"Liquidity(유동성): 자산을 현금으로 얼마나 빨리 바꿀 수 있는지의 정도, 또는 시중에 풀린 돈의 양"
494,경제 금융 경제학(최종 550).hwpx,경제 금융 경제학,494,Listed Company(상장 회사): 코스피나 나스닥 같은 공식 증권거래소의 까다로운 상장 심사를 통과하여 일반 대중 누구나 그 회사의 주식을 사고팔 수 있게 공개된 기업
495,경제 금융 경제학(최종 550).hwpx,경제 금융 경제학,495,Living Wage(생활 임금): 법정 최저임금을 넘어 노동자가 인간다운 문화생활을 누리며 실제 가족의 생계를 유지할 수 있도록 책정된 더 높은 수준의 급여
496,경제 금융 경제학(최종 550).hwpx,경제 금융 경제학,496,Loan(대출): 은행이나 금융 기관으로부터 약정된 기한 내에 이자와 함께 원금을 갚기로 하고 돈을 빌리는 행위
497,경제 금융 경제학(최종 550).hwpx,경제 금융 경제학,497,Lock-in Effect(락인 효과/잠금 효과/자물쇠 효과): 전환 비용이 많이 들어 고객이 다른 경쟁사 서비스로 빠져나가지 못하는 현상
498,경제 금융 경제학(최종 550).hwpx,경제 금융 경제학,498,"Lock-up Period(보호 예수/락업 기간): IPO 상장 직후, 대주주나 기관 투자자들이 주식을 한꺼번에 팔아치워 주가가 폭락하는 것을 막기 위해 주식을 팔지 못하도록 법이나 계약으로 의무적으로 묶어두는 금지 기간"
499,경제 금융 경제학(최종 550).hwpx,경제 금융 경제학,499,Long Position(매수 포지션/롱): 기초 자산의 가격이 앞으로 상승할 것에 베팅하여 자산을 사서 보유한 상태
500,경제 금융 경제학(최종 550).hwpx,경제 금융 경제학,500,Long Tail(롱테일 법칙): 수요가 적은 80%의 비인기 상품들의 합이 상위 20% 베스트셀러보다 큰 수익을 낸다는 현상
501,경제 금융 경제학(최종 550).hwpx,경제 금융 경제학,501,Lorenz Curve(로렌츠 곡선): 부가 소수에게 집중되어 소득 불평등이 심한 정도를 보여주는 곡선
502,경제 금융 경제학(최종 550).hwpx,경제 금융 경제학,502,Loss Aversion(손실 회피성): 얻은 이익의 기쁨보다 잃은 손실의 고통을 2배 이상 크게 느껴 손해 보지 않으려고 비합리적 결정을 내리는 심리
503,경제 금융 경제학(최종 550).hwpx,경제 금융 경제학,503,"Loss Leader(미끼 상품): 대형 마트가 원가 이하의 말도 안 되는 싼 가격에 계란이나 우유를 팔아서 손해를 보더라도, 일단 손님을 매장으로 끌어들여 다른 비싼 물건을 사게 만들어 최종적으로는 이익을 남기는 파격 할인 상품"
504,경제 금융 경제학(최종 550).hwpx,경제 금융 경제학,504,"LTV(Loan To Value ratio, 주택담보대출비율): 은행이 담보 주택의 가치 대비 대출해 줄 수 있는 한도 비율"
505,경제 금융 경제학(최종 550).hwpx,경제 금융 경제학,505,Lump-Sum Tax(정액세): 소득이나 재산에 상관없이 부자나 빈자 모두에게 머릿수대로 똑같은 액수의 세금을 매기는 제도로 효율성은 높지만 형평성에는 어긋남
506,경제 금융 경제학(최종 550).hwpx,경제 금융 경제학,506,Lunchflation(런치플레이션): 외식 물가가 치솟아 점심값 지출이 부담스러워진 현상
507,경제 금융 경제학(최종 550).hwpx,경제 금융 경제학,507,"M0, M1, M2, M3(Money Supply, 통화량 지표): 시중에 도는 돈의 양을 유동성에 따라 나눈 것으로 M0는 본원통화, M1은 현금과 입출금 예금, M2는 만기 2년 미만 금융상품 포함, M3는 모든 금융권 유동성을 포함"
508,경제 금융 경제학(최종 550).hwpx,경제 금융 경제학,508,"Macroeconomics(거시경제학): 한 나라 경제 전체 관점에서 성장, 실업, 인플레이션 등을 연구하는 경제학"
509,경제 금융 경제학(최종 550).hwpx,경제 금융 경제학,509,"Managed Float(관리변동환율제): 기본적으로는 외환 시장의 수요공급에 따라 환율이 변동하도록 놔두지만, 환율이 단기간에 비정상적으로 급등락할 때만 중앙은행이 은밀히 개입하여 충격을 흡수하는 절충형 환율 제도"
510,경제 금융 경제학(최종 550).hwpx,경제 금융 경제학,510,Margin Call(마진콜/추가 증거금 요구): 레버리지 거래에서 계좌 손실이 커져 유지 증거금 아래로 떨어졌을 때 부족한 돈을 채워 넣으라고 경고하는 것
511,경제 금융 경제학(최종 550).hwpx,경제 금융 경제학,511,Margin Trading(신용 거래/미수 거래): 증권사에 증거금을 내고 돈이나 주식을 빌려 자기자본보다 많이 투자하는 기법
512,경제 금융 경제학(최종 550).hwpx,경제 금융 경제학,512,Marginal Cost(한계비용): 물건을 1개 추가 생산할 때 총비용이 더 늘어나는 추가 비용
513,경제 금융 경제학(최종 550).hwpx,경제 금융 경제학,513,"Marginal Propensity to Consume(MPC, 한계소비성향): 내 월급(소득)이 100만 원 더 늘어났을 때, 은행에 저축하지 않고 그중에서 얼마를 추가로 지출(소비)에 써버리는지를 나타내는 비율"
514,경제 금융 경제학(최종 550).hwpx,경제 금융 경제학,514,"Marginal Propensity to Save(MPS, 한계저축성향): 소득이 1단위 늘어날 때 추가로 늘어나는 저축의 비율 (MPC와 MPS를 더하면 1이 됨)"
515,경제 금융 경제학(최종 550).hwpx,경제 금융 경제학,515,Marginal Revenue(한계수익): 물건을 딱 1개 더 추가로 팔았을 때 회사의 금고에 새롭게 추가로 들어오는 수입
516,경제 금융 경제학(최종 550).hwpx,경제 금융 경제학,516,"Marginal Tax Rate(한계세율): 소득이 증가하여 과세 구간이 한 단계 올라갈 때, 새롭게 추가된 그 윗단 소득에 대해 가장 높게 징수되는 세율"
517,경제 금융 경제학(최종 550).hwpx,경제 금융 경제학,517,Marginal Utility(한계효용): 어떤 재화를 1단위 추가로 소비했을 때 얻는 추가적인 만족감
518,경제 금융 경제학(최종 550).hwpx,경제 금융 경제학,518,"Market Capitalization(Market Cap, 시가총액): 발행 주식 수에 현재 주가를 곱한 특정 기업의 시장 가치"
519,경제 금융 경제학(최종 550).hwpx,경제 금융 경제학,519,"Market Clearing Price(시장 청산 가격/시장 균형 가격): 창고에 남는 악성 재고(초과 공급)도 없고, 물건이 없어서 못 사는 사람(초과 수요)도 없이 수요와 공급이 완벽하게 맞아떨어져 시장의 모든 물건이 깨끗하게 팔려나가는 이상적인 가격"
520,경제 금융 경제학(최종 550).hwpx,경제 금융 경제학,520,Market Economy(시장 경제): 시장의 가격 기구에 의해 무엇을 얼마나 생산하고 소비할지 스스로 조절되는 경제 체제
521,경제 금융 경제학(최종 550).hwpx,경제 금융 경제학,521,Market Failure(시장 실패): 독과점 등으로 인해 시장 기능이 제대로 작동하지 않아 자원이 효율적으로 배분되지 않는 상태
522,경제 금융 경제학(최종 550).hwpx,경제 금융 경제학,522,"Market Maker(시장 조성자): 증권사 등 지정된 금융 기관이 매수 호가와 매도 호가를 지속적으로 제시하여, 주식이나 파생상품 거래에서 유동성을 공급하고 시장이 원활하게 돌아가도록 판을 깔아주는 역할"
523,경제 금융 경제학(최종 550).hwpx,경제 금융 경제학,523,"Market Power(시장 지배력): 특정 기업이 엄청난 덩치와 브랜드 파워를 무기로, 경쟁사나 소비자의 눈치를 보지 않고 자기 마음대로 물건 가격을 올려서 맘껏 이익을 챙길 수 있는 독점적 힘"
524,경제 금융 경제학(최종 550).hwpx,경제 금융 경제학,524,"Market Risk(시장 위험/체계적 위험): 어떤 기업이 경영을 아무리 잘해도 전쟁, 전염병, 금리 인상처럼 세상 전체가 무너지며 주식시장 전체가 폭락할 때 어쩔 수 없이 겪게 되는 피할 수 없는 위험"
525,경제 금융 경제학(최종 550).hwpx,경제 금융 경제학,525,Market Share(시장 점유율): 특정 산업 시장에서 한 기업이나 브랜드가 차지하는 비율
526,경제 금융 경제학(최종 550).hwpx,경제 금융 경제학,526,Markup(마크업): 기업이 상품의 기초 생산 원가에다가 자신들이 챙길 마진(이윤)을 얼마나 더 얹어서 최종 소비자 가격을 정할지를 의미하는 이윤 할증 폭
527,경제 금융 경제학(최종 550).hwpx,경제 금융 경제학,527,"Maturity Date(만기일): 채권이나 예금, 대출 등의 금융 계약이 종료되어 원금을 갚거나 돌려받기로 약속한 최종 기한일"
528,경제 금융 경제학(최종 550).hwpx,경제 금융 경제학,528,Maturity(만기/만기일): 금융 계약의 최종 상환 기한일
529,경제 금융 경제학(최종 550).hwpx,경제 금융 경제학,529,Medium of Exchange(교환의 매개수단): 화폐가 가진 교환 중간 매개 역할 기능
530,경제 금융 경제학(최종 550).hwpx,경제 금융 경제학,530,"Menu Cost(메뉴비용): 빵집 사장님이 밀가룻값이 올랐다고 빵 가격을 올리려 할 때, 메뉴판을 새로 찍고 전산 시스템을 바꾸며 고객의 불만을 응대해야 하는 등 가격표를 바꾸는 과정에서 발생하는 모든 성가신 비용"
531,경제 금융 경제학(최종 550).hwpx,경제 금융 경제학,531,"Mercantilism(중상주의): 수출을 장려하고 수입을 억제하여 국가의 부(금, 은)를 축적하려는 초기 자본주의 경제 정책"
532,경제 금융 경제학(최종 550).hwpx,경제 금융 경제학,532,Merger(합병): 두 개 이상의 기업이 통합하여 새로운 회사가 되거나 한 회사가 흡수하는 것
533,경제 금융 경제학(최종 550).hwpx,경제 금융 경제학,533,"Mergers and Acquisitions(M&A, 인수합병): 기업의 주식을 사들여 경영권을 뺏거나 두 기업이 합쳐지는 전략"
534,경제 금융 경제학(최종 550).hwpx,경제 금융 경제학,534,Meta-cognition(메타인지): 내가 무엇을 알고 무엇을 모르는지 객관적으로 인지하는 능력
535,경제 금융 경제학(최종 550).hwpx,경제 금융 경제학,535,Metaverse(메타버스): 사람들이 아바타를 통해 현실 세계와 같은 활동을 하는 3차원 가상 세계
536,경제 금융 경제학(최종 550).hwpx,경제 금융 경제학,536,Microeconomics(미시경제학): 개별 소비자나 생산자가 자원 속에서 어떻게 선택하고 가격이 결정되는지를 연구하는 경제학
537,경제 금융 경제학(최종 550).hwpx,경제 금융 경제학,537,Middle Income Trap(중진국 함정): 신흥국이 중진국 수준에 도달한 후 혁신 부재로 성장이 장기간 정체되는 현상
538,경제 금융 경제학(최종 550).hwpx,경제 금융 경제학,538,Minimum Wage(최저임금): 고용주가 노동자에게 지불해야 할 가장 낮은 시급의 하한선
539,경제 금융 경제학(최종 550).hwpx,경제 금융 경제학,539,Mining(채굴): 수학 문제를 풀어 암호화폐 거래 내역을 검증하고 보상으로 코인을 받는 과정
540,경제 금융 경제학(최종 550).hwpx,경제 금융 경제학,540,"Mixed Economy(혼합 경제): 미국이나 한국처럼 자본주의 시장 경제의 자유로운 틀을 기본으로 하되, 빈부격차 해소와 불공정 규제를 위해 정부가 국가 경제에 일정 부분 개입하고 통제하는 절충형 체제"
541,경제 금융 경제학(최종 550).hwpx,경제 금융 경제학,541,"MMF(Money Market Fund, 단기금융 펀드): 고객 자금을 단기 금융상품에 투자해 수익을 내고 당일 입출금이 가능한 펀드"
542,경제 금융 경제학(최종 550).hwpx,경제 금융 경제학,542,Moat(경제적 해자): 경쟁 기업들이 도저히 따라올 수 없는 특정 기업만의 강력하고 독점적인 경쟁 우위
543,경제 금융 경제학(최종 550).hwpx,경제 금융 경제학,543,"MoM(Month on Month, 전월 대비): 경제 지표가 바로 한 달 전(지난달)과 비교해서 변동한 비율"
544,경제 금융 경제학(최종 550).hwpx,경제 금융 경제학,544,Monetarism(통화주의): 통화량 조절만으로 경제가 안정된다고 믿는 밀턴 프리드먼 등의 자유주의 경제 사상
545,경제 금융 경제학(최종 550).hwpx,경제 금융 경제학,545,Monetary Base(본원통화): 중앙은행이 직접 찍어내 시중 은행으로 흘려보낸 기초 화폐
546,경제 금융 경제학(최종 550).hwpx,경제 금융 경제학,546,Monetary Policy(통화정책): 중앙은행이 기준금리와 시중 통화량을 조절하는 금융 정책
547,경제 금융 경제학(최종 550).hwpx,경제 금융 경제학,547,"Money Illusion(화폐 착각): 물가가 10% 오르고 내 월급도 10% 올랐다면 실질적인 삶은 똑같은데도 불구하고, 사람들은 통장에 찍힌 월급 액수가 늘어난 것만 보고 내가 부자가 되었다고 착각하여 씀씀이를 늘리는 현상"
548,경제 금융 경제학(최종 550).hwpx,경제 금융 경제학,548,"Money Market(단기 금융 시장): 콜, CP, CD처럼 만기가 1년 미만인 초단기 현금성 금융 상품들이 신속하게 거래되어 기업과 은행의 급전을 융통해 주는 자금 시장"
549,경제 금융 경제학(최종 550).hwpx,경제 금융 경제학,549,"Money Multiplier(통화 승수): 중앙은행이 본원통화 1억 원을 찍어냈을 때, 은행들의 꼬리에 꼬리를 무는 연쇄 대출 과정을 거쳐 시중에 10억 원으로 부풀려진다면 그 팽창 배수인 '10배'를 뜻함"
550,경제 금융 경제학(최종 550).hwpx,경제 금융 경제학,550,"Monopolistic Competition(독점적 경쟁 시장): 미용실이나 치킨집처럼 수많은 가게가 경쟁하지만, 나만의 특별한 소스나 헤어 디자인처럼 차별화된 매력을 무기로 각자의 작은 영역에서 나름대로 가격 결정권(독점력)을 행사하는 시장 구조"
551,경제 금융 경제학(최종 550).hwpx,경제 금융 경제학,551,Monopoly(독점): 시장에 판매자가 단 하나뿐이어서 가격과 생산량을 마음대로 통제할 수 있는 시장
552,경제 금융 경제학(최종 550).hwpx,경제 금융 경제학,552,Monopsony(수요 독점): 물건을 파는 사람은 많은데 구매자가 단 한 명뿐이라 가격을 후려칠 수 있는 시장
553,경제 금융 경제학(최종 550).hwpx,경제 금융 경제학,553,Moral Hazard(모럴 해저드/도덕적 해이): 정보의 비대칭이나 보호 장치를 믿고 책임감을 잃고 위험한 행동을 하는 현상
554,경제 금융 경제학(최종 550).hwpx,경제 금융 경제학,554,Moral Suasion(도의적 설득/구두 개입): 중앙은행 총재가 발언이나 경고만으로 시장의 심리를 압박하여 이끄는 기술
555,경제 금융 경제학(최종 550).hwpx,경제 금융 경제학,555,Mortgage(모기지/주택담보대출): 부동산을 담보로 잡히고 장기간 돈을 빌려 집을 산 뒤 매월 원리금을 갚는 대출
556,경제 금융 경제학(최종 550).hwpx,경제 금융 경제학,556,"MOU(Memorandum of Understanding, 양해각서): 본계약을 맺기 전에 협력 방향을 약속하며 맺는 예비 합의 문서"
557,경제 금융 경제학(최종 550).hwpx,경제 금융 경제학,557,Mutual Fund(뮤추얼 펀드/공모 펀드): 대중의 자금을 모아 전문가가 대신 투자하고 수익을 나누어 주는 펀드
558,경제 금융 경제학(최종 550).hwpx,경제 금융 경제학,558,"NAFTA(North American Free Trade Agreement, 북미자유무역협정): 1994년 미국, 캐나다, 멕시코 3국 간에 체결된 관세 철폐 무역 블록으로, 현재는 USMCA(미국-멕시코-캐나다 협정)로 재협상되어 대체됨"
559,경제 금융 경제학(최종 550).hwpx,경제 금융 경제학,559,Nash Equilibrium(내쉬 균형): 모든 참여자가 최선의 전략을 취해 아무도 전략을 바꿀 이유가 없는 팽팽한 균형 상태
560,경제 금융 경제학(최종 550).hwpx,경제 금융 경제학,560,National Debt(국가 채무/국채): 국가가 적자를 메우기 위해 발행한 정부의 총 빚
561,경제 금융 경제학(최종 550).hwpx,경제 금융 경제학,561,"National Income(국민 소득): 1년 동안 한 나라 국민이 경제 활동에 참여한 대가로 벌어들인 임금, 이자, 지대, 이윤을 모두 합친 금액"
562,경제 금융 경제학(최종 550).hwpx,경제 금융 경제학,562,Natural Monopoly(자연 독점): 초기 인프라 비용이 너무 커서 한 기업이 독점하는 것이 효율적인 경우
563,경제 금융 경제학(최종 550).hwpx,경제 금융 경제학,563,"Natural Rate of Unemployment(자연실업률): 경제가 거품도 침체도 없는 가장 완벽하고 건강한 상태(완전 고용)일 때조차, 더 나은 직장을 찾기 위해 이직을 준비하는 마찰적 실업 등으로 인해 필연적으로 발생하는 3~4% 내외의 정상적인 실업률"
564,경제 금융 경제학(최종 550).hwpx,경제 금융 경제학,564,"NAV(Net Asset Value, 순자산가치): 펀드의 보유 자산에서 부채를 뺀 순수 자산을 총주식 수로 나눈 1주당 진짜 가치"
565,경제 금융 경제학(최종 550).hwpx,경제 금융 경제학,565,"Negative Equity(깡통 주택 / 자본 잠식): 집값이 폭락해서 집을 팔아도 은행 주택담보대출 빚을 다 못 갚는 상태이거나, 기업이 장사를 너무 망쳐서 쌓인 적자가 주주들이 낸 자본금마저 다 갉아먹어 마이너스가 된 끔찍한 재무 상태"
566,경제 금융 경제학(최종 550).hwpx,경제 금융 경제학,566,"Negative Income Tax(부의 소득세/마이너스 소득세): 정부가 정한 면세점 이하의 극빈층에게는 세금을 한 푼도 걷지 않는 것을 넘어, 오히려 정부가 생계비 명목으로 모자란 금액을 보조금(마이너스 세금)으로 꽂아주는 밀턴 프리드먼의 복지 아이디어"
567,경제 금융 경제학(최종 550).hwpx,경제 금융 경제학,567,Negative Interest Rate(마이너스 금리): 시중 은행이 중앙은행에 예금할 때 보관료 명목으로 수수료를 내야 하는 극단적 금리 정책
568,경제 금융 경제학(최종 550).hwpx,경제 금융 경제학,568,"Neoclassical Economics(신고전파 경제학): 애덤 스미스의 고전파 경제학을 계승하여 수요와 공급에 의한 시장 가격 결정, 한계효용 체감의 법칙 등 수학적이고 정교한 현대 미시경제학의 토대를 닦은 주류 경제학파"
569,경제 금융 경제학(최종 550).hwpx,경제 금융 경제학,569,"Net Asset Value(NAV, 순자산가치): 펀드의 총자산에서 부채를 뺀 순수 자산을 1주당으로 나눈 가치"
570,경제 금융 경제학(최종 550).hwpx,경제 금융 경제학,570,"Net Exports(순수출): 국가의 GDP를 계산할 때, 우리나라가 외국에 팔아먹은 총수출액에서 외국으로부터 사들인 총수입액을 뺀 금액"
571,경제 금융 경제학(최종 550).hwpx,경제 금융 경제학,571,Net Income(당기순이익): 기업 매출에서 모든 비용과 세금을 뺀 주주에게 남는 최종 순이익
572,경제 금융 경제학(최종 550).hwpx,경제 금융 경제학,572,"Net Present Value(NPV, 순현재가치): 미래 수익을 현재 가치로 당겨 초기 투자비를 뺀 값으로 사업 타당성 평가 지표"
573,경제 금융 경제학(최종 550).hwpx,경제 금융 경제학,573,Network Effect(네트워크 효과): 플랫폼 사용자가 늘어날수록 상품의 가치와 활용도가 기하급수적으로 올라가는 현상
574,경제 금융 경제학(최종 550).hwpx,경제 금융 경제학,574,"Neutrality of Money(화폐의 중립성): 중앙은행이 화폐 발행량을 2배로 늘리면 물가만 2배로 폭등할 뿐, 경제의 실질적인 생산량이나 고용 같은 실물 경제에는 장기적으로 아무런 영향도 주지 못한다는 고전학파의 거시경제 원리"
575,경제 금융 경제학(최종 550).hwpx,경제 금융 경제학,575,"New Normal(뉴노멀): 경제 위기 후 과거의 상식이 사라지고 저성장, 비대면 등 새로운 지배적인 표준이 되는 현상"
576,경제 금융 경제학(최종 550).hwpx,경제 금융 경제학,576,"NFT(Non-Fungible Token, 대체 불가능한 토큰): 블록체인 기술을 이용해 디지털 파일에 소유권을 증명하는 인증서"
577,경제 금융 경제학(최종 550).hwpx,경제 금융 경제학,577,"Niche Market(틈새시장): 대기업이 신경 쓰지 못하는, 특정한 취향과 수요를 겨냥해 독점적 이익을 노리는 시장"
578,경제 금융 경제학(최종 550).hwpx,경제 금융 경제학,578,Nominal GDP(명목 GDP): 올해의 물가를 곱해서 계산한 경제 규모로 물가 상승 시 왜곡이 발생함
579,경제 금융 경제학(최종 550).hwpx,경제 금융 경제학,579,Nominal Interest Rate(명목 금리): 인플레이션에 따른 화폐 가치 하락을 전혀 고려하지 않고 은행 통장이나 대출 계약서 표면에 그냥 적혀 있는 눈에 보이는 이자율 숫자
580,경제 금융 경제학(최종 550).hwpx,경제 금융 경제학,580,Nominal Value(명목가치): 물가 상승을 고려하지 않은 표면적인 화폐 금액
581,경제 금융 경제학(최종 550).hwpx,경제 금융 경제학,581,"Non-Bank Financial Institution(제2금융권/비은행 금융기관): 돈을 예금받고 대출해 주는 일반 시중 은행은 아니지만, 증권사, 보험사, 카드사, 저축은행처럼 자금을 중개하고 금융 업무를 수행하는 기관들"
582,경제 금융 경제학(최종 550).hwpx,경제 금융 경제학,582,"Non-Performing Loan(NPL, 부실 채권): 3개월 이상 연체되어 회수가 힘든 악성 빚"
583,경제 금융 경제학(최종 550).hwpx,경제 금융 경제학,583,Non-Tariff Barrier(비관세 장벽): 세금(관세) 폭탄을 때리지 않더라도 위생 검역을 미친 듯이 까다롭게 하거나 환경 규제를 걸어 외국 물건이 자국으로 수입되지 못하게 교묘하게 막는 모든 형태의 무역 통제 수단
584,경제 금융 경제학(최종 550).hwpx,경제 금융 경제학,584,Non-zero-sum Game(논제로섬 게임/비영합 게임): 양측이 협력을 통해 시장 파이를 키워 둘 다 이익을 얻을 수 있는 게임
585,경제 금융 경제학(최종 550).hwpx,경제 금융 경제학,585,Normal Good(정상재): 소득이 증가하면 수요도 증가하고 감소하면 수요가 감소하는 일반적인 상품
586,경제 금융 경제학(최종 550).hwpx,경제 금융 경제학,586,"NPU(Neural Processing Unit, 신경망 처리 장치): 인공지능의 딥러닝 연산을 효율적으로 처리하는 AI 전용 두뇌 반도체"
587,경제 금융 경제학(최종 550).hwpx,경제 금융 경제학,587,Nudge(넛지): 강압적인 규칙 없이 자연스러운 환경 설계로 사람들을 올바른 선택으로 유도하는 행동경제학적 개입
588,경제 금융 경제학(최종 550).hwpx,경제 금융 경제학,588,"Objective Function(목적 함수): 수학이나 경제학 모델에서 소비자는 '효용 극대화', 기업은 '이윤 극대화'처럼 달성하고자 하는 궁극적인 목표를 수식으로 설정해 놓은 것"
589,경제 금융 경제학(최종 550).hwpx,경제 금융 경제학,589,"Obsolescence(진부화/노후화): 스마트폰이 1년만 지나면 구형이 되어 똥값이 되듯, 기계가 고장 나지 않았더라도 새로운 신기술이 나오거나 유행이 지나 제품의 경제적 가치가 떡락하는 현상"
590,경제 금융 경제학(최종 550).hwpx,경제 금융 경제학,590,"ODM(Original Development Manufacturer, 제조업자 개발 생산): 제조업체가 직접 기술력으로 설계와 개발을 마친 후 생산하여 상표만 붙여 납품하는 방식"
591,경제 금융 경제학(최종 550).hwpx,경제 금융 경제학,591,"OEM(Original Equipment Manufacturer, 주문자 상표 부착 생산): 주문자가 설계도를 주고 생산 능력이 있는 공장에 조립과 하도급 생산만 맡기는 방식"
592,경제 금융 경제학(최종 550).hwpx,경제 금융 경제학,592,Off-Balance Sheet(부외 거래/장부 외 거래): 기업의 공식적인 재무상태표(대차대조표) 자산과 부채 항목에는 기록되지 않지만 파생상품 계약이나 지급 보증처럼 미래에 회사에 막대한 손실을 입힐 수 있는 숨겨진 폭탄 같은 거래
593,경제 금융 경제학(최종 550).hwpx,경제 금융 경제학,593,"Offshore Banking(역외 금융/오프쇼어 뱅킹): 자국 내의 빡빡한 금융 규제와 높은 세금을 피해, 금융 거래가 자유롭고 세금이 없는 케이먼 제도 같은 곳에 서류상 회사를 세워놓고 외환이나 검은돈을 굴리는 국제 금융 기법"
594,경제 금융 경제학(최종 550).hwpx,경제 금융 경제학,594,Offshoring(오프쇼어링): 인건비를 아끼려고 기업 생산 시설을 물가가 저렴한 해외 국가로 이전시키는 경영 전략
595,경제 금융 경제학(최종 550).hwpx,경제 금융 경제학,595,"Okun's Law(오쿤의 법칙): 한 나라의 실업률이 평소보다 1%포인트 상승하면, 그 국가의 실제 GDP가 잠재적인 경제 성장률보다 약 2%포인트나 크게 쪼그라든다는 실업과 경제 성장의 잔인한 역의 상관관계 법칙"
596,경제 금융 경제학(최종 550).hwpx,경제 금융 경제학,596,Oligopoly(과점): 소수의 거대한 몇몇 기업만이 시장을 장악하여 암묵적으로 가격을 담합하기 쉬운 시장 형태
597,경제 금융 경제학(최종 550).hwpx,경제 금융 경제학,597,"Open Economy(개방 경제): 자급자족하는 폐쇄 경제와 달리, 국가가 무역, 자본 이동, 노동력 이동을 허용하여 전 세계 다른 나라들과 활발하게 교류하고 거시경제적으로 연결된 경제 체제"
598,경제 금융 경제학(최종 550).hwpx,경제 금융 경제학,598,Open Innovation(오픈 이노베이션/개방형 혁신): 외부의 벤처기업이나 연구소 등과 기술을 공유하고 협력하여 신기술을 만드는 혁신
599,경제 금융 경제학(최종 550).hwpx,경제 금융 경제학,599,"Open Market Operation(OMO, 공개시장 조작): 중앙은행이 금융 시장에 국공채를 매입/매도하여 시중 통화량을 조절하는 핵심 통화정책 수단"
600,경제 금융 경제학(최종 550).hwpx,경제 금융 경제학,600,Operating Cost(운영비용/영업비용): 공장 기계를 돌리거나 직원을 고용하는 등 기업 운영에 필수적으로 들어가는 일상적인 경비
601,경제 금융 경제학(최종 550).hwpx,경제 금융 경제학,601,"Operating Margin(영업이익률): 매출액 중에서 순수한 영업이익이 차지하는 퍼센트로, 장사를 얼마나 알짜로 했는지 보여주는 효율성 지표 (= OPM)"
602,경제 금융 경제학(최종 550).hwpx,경제 금융 경제학,602,Operating Profit(영업이익): 매출액에서 매출원가와 판관비를 뺀 순수 영업 성과
603,경제 금융 경제학(최종 550).hwpx,경제 금융 경제학,603,"OPEX(Operating Expenditure, 운영비용): 인건비, 월세, 전기요금 등 매일 소모적으로 발생하는 영업 경비"
604,경제 금융 경제학(최종 550).hwpx,경제 금융 경제학,604,"OPM(Operating Profit Margin, 영업이익률): 순수 영업이익이 매출액에서 차지하는 비율로 영업 효율성을 나타냄"
605,경제 금융 경제학(최종 550).hwpx,경제 금융 경제학,605,Opportunity Cost(기회비용): 어떤 선택을 함으로써 포기해야 했던 대안들 중 가장 가치가 높은 것의 희생 비용
606,경제 금융 경제학(최종 550).hwpx,경제 금융 경제학,606,"Optimal Currency Area(최적 통화 지역): 유로존처럼 여러 국가가 각자의 돈을 버리고 유로화 같은 하나의 단일 화폐를 썼을 때, 비용보다 경제적 혜택과 효율성이 훨씬 더 크다고 판단되는 지리적 경제 구역"
607,경제 금융 경제학(최종 550).hwpx,경제 금융 경제학,607,Optimum(최적 상태): 제한된 예산과 자원 속에서 비용을 최소화하고 만족이나 이윤을 한계치까지 극대화하여 더 이상 개선할 여지가 없는 완벽한 상태
608,경제 금융 경제학(최종 550).hwpx,경제 금융 경제학,608,Option(옵션): 특정 시점에 정해진 가격으로 자산을 무조건 사거나 팔 수 있는 권리를 거래하는 파생상품
609,경제 금융 경제학(최종 550).hwpx,경제 금융 경제학,609,Options(옵션): 기초 자산을 미래의 약속된 날짜에 미리 정한 가격으로 무조건 사거나 무조건 팔 수 있는 '권리'를 사고파는 거래
610,경제 금융 경제학(최종 550).hwpx,경제 금융 경제학,610,"Ordinary Shares(보통주): 기업의 이익 배당이나 파산 시 돈을 돌려받는 순위는 후순위로 밀리지만, 주주총회에 나가 임원을 뽑거나 주요 안건에 찬성/반대표를 던질 수 있는 의결권(경영 참여권)이 온전히 있는 일반 주식"
611,경제 금융 경제학(최종 550).hwpx,경제 금융 경제학,611,Outlier(아웃라이어/이상치): 일반적인 경제 데이터 패턴에서 극단적으로 떨어져 전체 평균을 크게 왜곡시킬 수 있는 값
612,경제 금융 경제학(최종 550).hwpx,경제 금융 경제학,612,"Outsourcing(아웃소싱): 기업이 비용 절감과 효율성을 높이기 위해 청소, 경비, 콜센터, 심지어 IT 개발 업무까지 회사 내부에서 직접 하지 않고 외부의 전문 하청업체에 통째로 맡겨버리는 경영 방식"
613,경제 금융 경제학(최종 550).hwpx,경제 금융 경제학,613,"Overbought(과매수): 주식 차트 분석에서, 특정 주식이 단기간에 너무 미친 듯이 올라버려서 이제는 조정을 받고 곧 떨어질 때가 되었다고 판단되는 위태위태한 상태"
614,경제 금융 경제학(최종 550).hwpx,경제 금융 경제학,614,Overheating(경기 과열): 시중에 돈이 너무 많이 풀려 생산 설비가 100% 돌아가고 물가와 자산 가격이 치솟는 부작용
615,경제 금융 경제학(최종 550).hwpx,경제 금융 경제학,615,"Oversold(과매도): 주식이 특별한 악재 없이 사람들의 공포감 때문에 단기간에 너무 심하게 폭락하여, ""이 정도면 너무 빠졌다, 바닥이다""라고 보여 조만간 기술적 반등이 나올 것으로 기대되는 상태"
616,경제 금융 경제학(최종 550).hwpx,경제 금융 경제학,616,"Over-the-Counter(OTC, 장외 거래): 국가 공인 거래소를 통하지 않고 중개인을 통해 은밀하게 1대1로 사고파는 거래"
617,경제 금융 경제학(최종 550).hwpx,경제 금융 경제학,617,Overvaluation(고평가): 현재 주식시장에서 거래되고 있는 주가가 그 회사가 쥐고 있는 현금이나 미래 벌어들일 이익(내재가치)보다 훨씬 비싸게 거품이 끼어 거래되고 있는 상태
618,경제 금융 경제학(최종 550).hwpx,경제 금융 경제학,618,Overweight(비중 확대): 특정 주식의 미래 전망이 밝아 투자 포트폴리오에서 시장 평균보다 비율을 더 늘리라는 추천 의견
619,경제 금융 경제학(최종 550).hwpx,경제 금융 경제학,619,"Pacific Alliance(태평양 동맹): 멕시코, 콜롬비아, 페루, 칠레 등 중남미 태평양 연안의 자유 무역과 경제 통합을 위해 결성된 경제 블록"
620,경제 금융 경제학(최종 550).hwpx,경제 금융 경제학,620,Panic Selling(패닉 셀링/투매): 극도의 공포감에 사로잡혀 주식이나 코인을 헐값에 무차별적으로 매도하는 현상
621,경제 금융 경제학(최종 550).hwpx,경제 금융 경제학,621,Par Value(액면가): 채권이나 주식을 처음 발행할 때 증서 표면에 인쇄하여 박아놓은 기준 금액
622,경제 금융 경제학(최종 550).hwpx,경제 금융 경제학,622,Pareto Optimality(파레토 최적): 자원이 낭비 없이 완벽하게 분배되어 더 이상 누군가의 이익을 깎지 않고선 타인의 이익을 늘릴 수 없는 균형 상태
623,경제 금융 경제학(최종 550).hwpx,경제 금융 경제학,623,Pareto Principle(파레토 법칙/80:20 법칙): 전체 결과의 80%가 단 20%의 소수 핵심 원인에서 비롯된다는 법칙
624,경제 금융 경제학(최종 550).hwpx,경제 금융 경제학,624,"Passive Income(패시브 인컴/불로소득): 부동산 월세, 주식 배당금처럼 노동력을 직접 넣지 않아도 자동으로 창출되는 소득"
625,경제 금융 경제학(최종 550).hwpx,경제 금융 경제학,625,Patent(특허권): 발명가에게 일정 기간 기술을 독점하여 돈을 벌 수 있도록 국가가 부여하는 권리
626,경제 금융 경제학(최종 550).hwpx,경제 금융 경제학,626,Payout Ratio(배당 성향): 회사가 1년 동안 뼈 빠지게 벌어들인 순이익 중에서 과연 몇 퍼센트나 떼어다가 주주들에게 현금 배당으로 후하게 돌려주었는지를 보여주는 주주 친화성 지표
627,경제 금융 경제학(최종 550).hwpx,경제 금융 경제학,627,Payroll(비농업 고용 지수/급여): 미국 전체 경제에서 매달 얼마나 많은 일자리가 생겼는지를 보여주는 지표
628,경제 금융 경제학(최종 550).hwpx,경제 금융 경제학,628,"PBR(Price to Book Ratio, 주가순자산비율): 순자산 대비 현재 주가가 몇 배로 뻥튀기되어 거래되고 있는지를 보여주는 지표"
629,경제 금융 경제학(최종 550).hwpx,경제 금융 경제학,629,"PCE(Personal Consumption Expenditures, 개인소비지출): 소비자가 실제로 물건과 서비스에 쓴 돈의 물가 변동을 측정한 미국 중앙은행 핵심 물가 지표"
630,경제 금융 경제학(최종 550).hwpx,경제 금융 경제학,630,Peak(경기 정점/피크): 경제가 호황의 최고점에 달하여 더 이상 올라갈 곳이 없는 전환점
631,경제 금융 경제학(최종 550).hwpx,경제 금융 경제학,631,Pegged Exchange Rate(페그제/고정환율제): 자국 화폐 가치를 기축통화에 고정시키고 중앙은행이 무한 개입하여 환율을 유지하는 제도
632,경제 금융 경제학(최종 550).hwpx,경제 금융 경제학,632,"Pension Fund(연기금): 국민연금처럼 수천만 명의 가입자로부터 매달 거둔 연금 자산을 수십 년간 불리기 위해 전 세계 주식, 채권, 부동산에 수백조 원 단위로 공격적으로 투자하는 거대한 기관 큰손"
633,경제 금융 경제학(최종 550).hwpx,경제 금융 경제학,633,Pension(연금): 노후 생활 안정을 위해 정기적으로 지급받는 금융 제도
634,경제 금융 경제학(최종 550).hwpx,경제 금융 경제학,634,"PER(Price Earning Ratio, 주가수익비율): 주가가 1주당 벌어들이는 순이익의 몇 배로 평가받고 있는지를 보여주는 지표"
635,경제 금융 경제학(최종 550).hwpx,경제 금융 경제학,635,Perfect Competition(완전경쟁 시장): 무수히 많은 판매자와 구매자가 있어 아무도 가격을 조절할 수 없는 이상적인 시장 모델
636,경제 금융 경제학(최종 550).hwpx,경제 금융 경제학,636,"Permanent Income Hypothesis(항상 소득 가설): 밀턴 프리드먼의 이론으로, 사람들이 보너스처럼 어쩌다 한 번 들어오는 일시적 소득(임시 소득)으로는 외식을 늘리지 않으며, 장기적이고 고정적으로 들어올 것이 확실한 '항상 소득'에 맞춰 소비 수준을 굳건하게 결정한다는 이론"
637,경제 금융 경제학(최종 550).hwpx,경제 금융 경제학,637,"Personal Finance(개인 재무 관리): 개인의 예산 세우기, 저축, 투자, 은퇴 대비 등 자산을 불려나가는 일련의 경제 활동"
638,경제 금융 경제학(최종 550).hwpx,경제 금융 경제학,638,"Personal Income(개인 소득): 개인이 한 해 동안 근로, 배당, 이자, 임대, 정부 보조금 등 어떤 형태로든 모든 곳에서 벌어들여 세금을 내기 직전에 주머니에 들어온 돈의 총합"
639,경제 금융 경제학(최종 550).hwpx,경제 금융 경제학,639,"Petrodollar(페트로달러): 1970년대 이후 중동의 산유국들이 전 세계에 석유를 팔 때 결제 대금을 오직 미국 '달러'로만 받기로 협약을 맺어, 달러가 전 세계의 지배적 기축통화가 되게 만든 금융 패권 시스템"
640,경제 금융 경제학(최종 550).hwpx,경제 금융 경제학,640,Phillips Curve(필립스 곡선): 물가 상승률과 실업률 사이의 반비례 관계를 보여주는 곡선
641,경제 금융 경제학(최종 550).hwpx,경제 금융 경제학,641,Phishing(피싱): 공공기관이나 은행을 사칭해 금융 정보를 낚아채서 돈을 빼가는 사이버 범죄
642,경제 금융 경제학(최종 550).hwpx,경제 금융 경제학,642,"Physical Capital(물적 자본): 기업이 제품을 생산하기 위해 공장에 깔아놓은 컨베이어 벨트, 로봇 장비, 컴퓨터, 굴착기 등 만질 수 있는 유형의 기계와 설비"
643,경제 금융 경제학(최종 550).hwpx,경제 금융 경제학,643,Pigovian Tax(피구세): 환경오염 등 부정적 외부효과를 유발하는 기업에 피해 복구 비용만큼 세금을 부과하는 것
644,경제 금융 경제학(최종 550).hwpx,경제 금융 경제학,644,Pipeline(파이프라인): 제약사의 신약 프로젝트 목록이거나 자동으로 현금이 들어오는 불로소득 통로
645,경제 금융 경제학(최종 550).hwpx,경제 금융 경제학,645,"Pitch Deck(피치덱): 스타트업 창업자가 벤처캐피털(VC) 투자자들의 수십억 돈을 뜯어내기 위해 자사의 비전, 시장성, 재무 계획 등을 깔끔하고 섹시하게 요약해 놓은 투자 유치용 발표 슬라이드 자료"
646,경제 금융 경제학(최종 550).hwpx,경제 금융 경제학,646,Pivot(피벗/정책 전환): 중앙은행이 긴축에서 부양으로 통화정책을 전환하거나 스타트업이 사업 모델을 변경하는 것
647,경제 금융 경제학(최종 550).hwpx,경제 금융 경제학,647,Placebo Effect(플라시보 효과/위약 효과): 정부의 구두 개입만으로도 시장의 기대 심리가 변해 긍정적 효과가 나는 것
648,경제 금융 경제학(최종 550).hwpx,경제 금융 경제학,648,"Planned Economy(계획 경제): 북한처럼 시장의 가격 기능이 멸종되고, 중앙 정부 관료들이 무엇을 얼마나 생산하고 사람들에게 어떻게 분배할지를 100% 통제하고 결정하는 사회주의 경제 체제"
649,경제 금융 경제학(최종 550).hwpx,경제 금융 경제학,649,Platform Economy(플랫폼 경제): 기업이 디지털 장터만 제공하고 수수료나 데이터로 돈을 버는 경제 구조
650,경제 금융 경제학(최종 550).hwpx,경제 금융 경제학,650,"Point of Sale(POS, 포스 시스템): 편의점이나 마트 계산대에서 바코드를 찍어 물건값을 계산함과 동시에, 어떤 상품이 팔렸는지 데이터를 본사 전산망으로 즉각 전송해 재고와 매출을 실시간으로 관리하는 시스템"
651,경제 금융 경제학(최종 550).hwpx,경제 금융 경제학,651,Poison Pill(포이즌 필/독약 조항): 기존 주주들에게만 신주를 싼값에 살 권리를 주어 적대적 인수를 방어하는 전략
652,경제 금융 경제학(최종 550).hwpx,경제 금융 경제학,652,Policy Rate(정책 금리/기준 금리): 물가 안정을 위해 중앙은행 금융통화위원회가 인위적으로 결정하여 선포하는 국가의 뼈대가 되는 기본 이자율
653,경제 금융 경제학(최종 550).hwpx,경제 금융 경제학,653,"Political Economy(정치경제학): 순수한 경제적 숫자 계산을 넘어 국가의 권력, 법률, 정치 제도가 자원의 분배와 경제 현상에 어떻게 개입하고 영향을 미치는지를 종합적으로 연구하는 학문"
654,경제 금융 경제학(최종 550).hwpx,경제 금융 경제학,654,Ponzi Scheme(폰지 사기/다단계 금융 사기): 신규 투자자의 돈으로 기존 투자자에게 배당금을 지급하는 다단계 사기
655,경제 금융 경제학(최종 550).hwpx,경제 금융 경제학,655,"Portfolio(포트폴리오): 투자 위험을 줄이기 위해 주식, 채권, 부동산 등 다양한 자산으로 분산해 담아놓은 투자 목록"
656,경제 금융 경제학(최종 550).hwpx,경제 금융 경제학,656,"Positive Economics(실증 경제학): ""최저임금을 올리면 착한 사회다""라는 식의 가치 판단(규범 경제학)을 싹 배제하고, ""최저임금을 10% 올리면 실업률이 2% 증가한다""처럼 눈에 보이는 객관적 팩트와 수치 데이터만을 있는 그대로 분석하는 학문"
657,경제 금융 경제학(최종 550).hwpx,경제 금융 경제학,657,"Potential GDP(잠재 GDP): 한 나라에 있는 노동력, 공장, 자본을 인플레이션(물가 폭등) 부작용을 일으키지 않고 100% 최대로 풀가동했을 때 달성할 수 있는 경제 생산 능력의 최고 한계치"
658,경제 금융 경제학(최종 550).hwpx,경제 금융 경제학,658,Poverty Line(빈곤선): 육체적 생존을 유지하는 데 필요한 최소한의 소득 수준
659,경제 금융 경제학(최종 550).hwpx,경제 금융 경제학,659,"PPI(Producer Price Index, 생산자물가지수): 생산자가 다른 기업에 도매로 팔 때 가격의 변동을 측정한 것으로 소비자 물가 선행 지표"
660,경제 금융 경제학(최종 550).hwpx,경제 금융 경제학,660,Predatory Pricing(약탈적 가격 책정): 독점 기업이 경쟁사를 쫓아내기 위해 일시적으로 원가 이하로 가격을 깎는 횡포
661,경제 금융 경제학(최종 550).hwpx,경제 금융 경제학,661,Preferred Stock(우선주): 의결권은 없지만 이익 배당을 우선적으로 받을 권리가 있는 주식
662,경제 금융 경제학(최종 550).hwpx,경제 금융 경제학,662,"Premium(프리미엄/할증금): 옵션 권리금, 한정판의 웃돈, 또는 생명보험의 보험료"
663,경제 금융 경제학(최종 550).hwpx,경제 금융 경제학,663,Present Value(현재 가치): 10년 뒤에 받을 1억 원이 은행 이자율 등을 빼고 계산했을 때 과연 오늘 기준으로는 얼마의 가치가 있는지를 역산해서 쪼그라뜨린 돈의 가치
664,경제 금융 경제학(최종 550).hwpx,경제 금융 경제학,664,Price Ceiling(가격 상한제): 물가 급등을 막기 위해 정부가 최고 가격의 지붕을 통제하는 정책
665,경제 금융 경제학(최종 550).hwpx,경제 금융 경제학,665,"Price Discrimination(가격 차별): 비행기 표를 살 때 주말 여행객에게는 비싸게 받고 평일 학생에겐 싸게 파는 것처럼, 원가는 똑같은데 소비자의 지불 능력이나 상황에 따라 독점 기업이 가격을 다르게 후려치는 상술"
666,경제 금융 경제학(최종 550).hwpx,경제 금융 경제학,666,Price Elasticity of Demand(수요의 가격 탄력성): 가격이 10% 올랐을 때 수요량이 몇 퍼센트나 변동하는지 민감도를 나타냄
667,경제 금융 경제학(최종 550).hwpx,경제 금융 경제학,667,Price Floor(가격 하한제): 최저임금제처럼 공급자 보호를 위해 정부가 최저 가격 밑으로 내려가지 않게 받쳐주는 정책
668,경제 금융 경제학(최종 550).hwpx,경제 금융 경제학,668,"Price Index(물가 지수): 과거 특정 연도의 물가를 100으로 잡고, 현재의 물가가 그때보다 얼마나 뛰었는지 105, 110처럼 숫자로 수치화하여 보여주는 경제 온도계"
669,경제 금융 경제학(최종 550).hwpx,경제 금융 경제학,669,Price Maker(가격 설정자): 독점 기업처럼 시장을 혼자 장악하고 있어서 남들 눈치 안 보고 물건 가격을 자기 마음대로 쥐락펴락 결정할 수 있는 절대 권력자
670,경제 금융 경제학(최종 550).hwpx,경제 금융 경제학,670,"Price Taker(가격 수용자): 완전경쟁 시장의 치킨집 사장님처럼 경쟁자가 너무 많아서 자기가 가격을 결정하지 못하고, 그저 시장에서 정해진 시세 가격에 체념하고 무조건 따라야만 하는 주체"
671,경제 금융 경제학(최종 550).hwpx,경제 금융 경제학,671,Primary Market(발행 시장/1차 시장): 기업이 처음으로 주식(IPO)이나 채권을 찍어내어 증권사나 기관 투자자들에게 새 증서를 직접 팔아서 거액의 자금을 끌어모으는 신규 시장 (일반 개미들이 사고파는 2차 유통시장과 다름)
672,경제 금융 경제학(최종 550).hwpx,경제 금융 경제학,672,Prime Rate(우대 금리): 신한은행 같은 일반 시중 은행이 대기업이나 신용 1등급의 최우량 VIP 고객에게 대출해 줄 때 적용하는 가장 낮고 혜택이 좋은 이자율
673,경제 금융 경제학(최종 550).hwpx,경제 금융 경제학,673,"Principal-Agent Problem(주인-대리인 문제): 기업의 주인(주주)은 회사가 돈을 잘 벌기를 원하는데, 주인이 고용한 월급쟁이 대리인(경영진)은 회사 이익보다 자기 연봉이나 챙기고 횡령을 하는 딴짓을 벌여 주주에게 피해를 입히는 갈등 구조"
674,경제 금융 경제학(최종 550).hwpx,경제 금융 경제학,674,Principal(원금): 돈을 빌려주거나 투자할 때 이자나 수익금이 붙기 전의 최초 밑천 금액
675,경제 금융 경제학(최종 550).hwpx,경제 금융 경제학,675,Prisoner's Dilemma(죄수의 딜레마): 상호 불신과 이기심 때문에 둘 다 최악의 선택을 하게 되는 게임이론 모델
676,경제 금융 경제학(최종 550).hwpx,경제 금융 경제학,676,Private Equity(PE/사모펀드): 소수의 거대 자금을 모아 부실 기업의 경영권을 사들여 구조조정 후 비싸게 되파는 펀드
677,경제 금융 경제학(최종 550).hwpx,경제 금융 경제학,677,"Private Good(경합성 및 배제성 있는 사유재): 내가 돈을 내지 않으면 먹을 수 없고(배제성), 내가 아이스크림을 하나 먹어버리면 남이 먹을 아이스크림이 줄어드는(경합성) 일반적인 시장의 모든 상품들"
678,경제 금융 경제학(최종 550).hwpx,경제 금융 경제학,678,Privatization(민영화): 비효율적인 공기업의 주식과 경영권을 민간 기업에 팔아넘겨 경쟁 논리에 맡기는 개혁
679,경제 금융 경제학(최종 550).hwpx,경제 금융 경제학,679,"Producer Price Index(PPI, 생산자물가지수): 생산자 도매 가격 변동을 측정하여 소비자 물가 폭등을 예고하는 지표"
680,경제 금융 경제학(최종 550).hwpx,경제 금융 경제학,680,Producer Surplus(생산자 잉여): 생산자가 최소한 받고 싶었던 가격보다 시장에서 더 비싸게 팔면서 얻게 된 초과 이익
681,경제 금융 경제학(최종 550).hwpx,경제 금융 경제학,681,"Production Function(생산 함수): 빵 공장에 10명의 직원(노동)과 2대의 오븐 기계(자본)를 투입했을 때 최대 몇 개의 빵(생산량)을 뽑아낼 수 있는지를 보여주는 기술적, 수학적 관계식"
682,경제 금융 경제학(최종 550).hwpx,경제 금융 경제학,682,Productivity(생산성): 투입량 대비 산출량의 비율로 효율성의 끝판왕 지표
683,경제 금융 경제학(최종 550).hwpx,경제 금융 경제학,683,Profit Margin(이윤율/마진율): 매출액 중 원가를 제외하고 순수하게 남는 이익의 비율
684,경제 금융 경제학(최종 550).hwpx,경제 금융 경제학,684,Profit(이윤): 매출에서 모든 비용을 빼고 주주와 사장에게 떨어지는 순수한 잉여 현금
685,경제 금융 경제학(최종 550).hwpx,경제 금융 경제학,685,Progressive Tax(누진세): 재산이나 소득 금액이 커질수록 높은 세율을 부과하는 조세 제도
686,경제 금융 경제학(최종 550).hwpx,경제 금융 경제학,686,Promissory Note(약속어음): 미래 특정 날짜에 금액 지급을 약속하며 끊어주는 종이
687,경제 금융 경제학(최종 550).hwpx,경제 금융 경제학,687,Propensity to Consume(소비 성향): 소득 중 저축하지 않고 소비에 쓰는 비율
688,경제 금융 경제학(최종 550).hwpx,경제 금융 경제학,688,"Property Rights(재산권): 내가 산 집이나 발명한 특허를 다른 사람의 간섭 없이 마음대로 사용하고, 팔고, 이익을 독차지할 수 있도록 법으로 꽝꽝 보장해 주는 권리로 자본주의의 심장"
689,경제 금융 경제학(최종 550).hwpx,경제 금융 경제학,689,"Proportional Tax(비례세): 소득이 100만 원이든 100억 원이든 누진세처럼 세금을 왕창 물리지 않고, 부자와 빈자 모두에게 똑같이 10%의 동일한 세율을 적용하는 조세"
690,경제 금융 경제학(최종 550).hwpx,경제 금융 경제학,690,Protectionism(보호무역주의): 수입품에 높은 관세를 부과하여 자국 산업을 보호하는 정책
691,경제 금융 경제학(최종 550).hwpx,경제 금융 경제학,691,Public Debt(국가 부채/공공 부채): 국가가 적자를 메우기 위해 국채를 팔아 빌려 쓴 정부의 빚더미
692,경제 금융 경제학(최종 550).hwpx,경제 금융 경제학,692,"Public Good(공공재): 대가를 지불하지 않아도 누구나 이용 가능하고 경합성도 없는 국방, 경찰 등 정부 제공 재화"
693,경제 금융 경제학(최종 550).hwpx,경제 금융 경제학,693,Pump and Dump(펌프앤덤프 / 시세 조종): 쓰레기 주식을 거짓 소문으로 폭등시킨 뒤 비싼 값에 개미들에게 넘기는 사기
694,경제 금융 경제학(최종 550).hwpx,경제 금융 경제학,694,"Purchasing Power Parity(PPP, 구매력평가 지수): 각국 화폐의 진짜 물가 수준(구매력)을 기준으로 장기적인 적정 환율을 계산하는 이론"
695,경제 금융 경제학(최종 550).hwpx,경제 금융 경제학,695,Purchasing Power(구매력): 1만 원짜리 지폐 한 장으로 마트에서 진짜로 사과를 몇 개나 집어올 수 있는지 화폐의 실질적 교환 가치
696,경제 금융 경제학(최종 550).hwpx,경제 금융 경제학,696,Purple Ocean(퍼플오션): 레드오션에 발상의 전환을 더해 완전히 새로운 틈새시장을 창출해 내는 전략
697,경제 금융 경제학(최종 550).hwpx,경제 금융 경제학,697,"Put Option(풋옵션): 살 권리인 콜옵션의 반대로, 미래의 특정 시점에 미리 약속한 가격으로 주식이나 자산을 '팔 수 있는 권리'로 주가가 폭락할 때 손실을 막기 위해 가입하는 하락장 보험"
698,경제 금융 경제학(최종 550).hwpx,경제 금융 경제학,698,"QoQ(Quarter on Quarter, 전 분기 대비 증감률): 직전 분기와 비교해 실적이 얼마나 올랐거나 떨어졌는지 보여주는 단기 추세 지표"
699,경제 금융 경제학(최종 550).hwpx,경제 금융 경제학,699,"Qualitative Easing(질적완화): 중앙은행이 시중에 돈의 '총량(양)'을 무식하게 늘리지는 않으면서도, 안전한 국채 대신 부실한 회사채나 모기지 채권을 집중적으로 사들여서 경제의 곪은 곳(질)을 수술해 주는 통화정책"
700,경제 금융 경제학(최종 550).hwpx,경제 금융 경제학,700,"Quantitative Easing(QE, 양적완화): 중앙은행이 현금을 찍어내어 시중에 무차별적으로 쏟아붓는 강력한 경기 부양책"
701,경제 금융 경제학(최종 550).hwpx,경제 금융 경제학,701,"Quantitative Tightening(QT, 양적 긴축): 양적완화로 푼 돈을 중앙은행이 국채를 매각하여 시중에서 빨아들이는 긴축 정책"
702,경제 금융 경제학(최종 550).hwpx,경제 금융 경제학,702,"Quantity Theory of Money(화폐 수량설): 통화량(돈의 양)에 화폐의 유통 속도를 곱한 값은, 전체 물가에 거래량을 곱한 값과 항상 같기 때문에 결국 시중에 돈을 많이 찍어내면 찍어낼수록 무조건 물가가 폭등한다는 경제학의 고전 이론"
703,경제 금융 경제학(최종 550).hwpx,경제 금융 경제학,703,Quiet Quitting(조용한 사직): 승진 열정을 버리고 월급 받은 만큼만 최소한의 일만 하며 심리적으로 회사를 떠나있는 태도
704,경제 금융 경제학(최종 550).hwpx,경제 금융 경제학,704,Quota(할당제/쿼터제): 외국 물건의 수입 상한선을 정해놓는 수입 할당제 등
705,경제 금융 경제학(최종 550).hwpx,경제 금융 경제학,705,"Rally(랠리): 매수세가 몰리며 가격이 며칠, 몇 달 동안 계속해서 가파르게 치솟는 상승장"
706,경제 금융 경제학(최종 550).hwpx,경제 금융 경제학,706,"Random Walk Theory(랜덤워크 이론/무작위 보행 이론): 술 취한 사람의 걸음걸이처럼 주식시장의 가격 변동은 과거의 패턴과 아무런 상관없이 완벽하게 무작위로 미친 듯이 움직이기 때문에, 차트 분석으로 내일의 주가를 예측하는 것은 불가능하다는 이론"
707,경제 금융 경제학(최종 550).hwpx,경제 금융 경제학,707,Rate of Return(수익률): 투자 원금 대비 발생한 이득이나 손해를 백분율로 계산한 성적표
708,경제 금융 경제학(최종 550).hwpx,경제 금융 경제학,708,Rational Expectations(합리적 기대 이론): 경제 주체들이 모든 정보를 통해 미래를 똑똑하게 예측해 버려 정부 경제 정책이 효과가 없다는 이론
709,경제 금융 경제학(최종 550).hwpx,경제 금융 경제학,709,"Real Estate Investment Trust(REITs, 리츠): 소액 투자자들의 돈을 모아 부동산에 투자해 월세를 배당금으로 나눠주는 부동산 간접 투자 상품"
710,경제 금융 경제학(최종 550).hwpx,경제 금융 경제학,710,"Real Estate(부동산): 현금이나 주식처럼 들고 다닐 수 없는 동산과 달리, 땅(토지)과 그 위에 고정되어 움직일 수 없는 건물, 아파트, 상가 등 실물 자산의 총칭"
711,경제 금융 경제학(최종 550).hwpx,경제 금융 경제학,711,"Real Exchange Rate(실질환율): 뉴스에 나오는 표면적인 환율(명목환율)에다가 양쪽 두 나라의 실제 물가 상승률 차이까지 꼼꼼히 반영하여 조정한 것으로, 진짜 수출 가격 경쟁력을 보여주는 환율"
712,경제 금융 경제학(최종 550).hwpx,경제 금융 경제학,712,"Real GDP(실질 GDP): 명목 GDP에서 '물가 상승분'을 뺀, 국가가 실제로 물건을 얼마나 많이 만들어냈는지 그 진짜 경제 성장 규모를 보여주는 지표"
713,경제 금융 경제학(최종 550).hwpx,경제 금융 경제학,713,Real Interest Rate(실질금리): 명목금리에서 물가상승률을 뺀 진짜 이자율
714,경제 금융 경제학(최종 550).hwpx,경제 금융 경제학,714,Real Value(실질 가치): 물가 변동을 고려했을 때 화폐로 실제로 살 수 있는 재화의 양 (구매력)
715,경제 금융 경제학(최종 550).hwpx,경제 금융 경제학,715,"Real Wage(실질 임금): 내 통장에 찍힌 월급 액수(명목 임금)가 아니라, 그 월급에서 살인적인 물가 상승률을 빼서 내가 실제로 치킨을 몇 마리나 사 먹을 수 있는지를 보여주는 내 월급의 진짜 가치"
716,경제 금융 경제학(최종 550).hwpx,경제 금융 경제학,716,Recession(경기 침체/리세션): GDP 성장률이 2분기 연속 마이너스를 기록하며 실업자가 늘어나는 경기 후퇴 현상
717,경제 금융 경제학(최종 550).hwpx,경제 금융 경제학,717,Recovery(경기 회복): 경제가 저점을 찍고 반등하여 생산과 소비가 점차 살아나는 국면
718,경제 금융 경제학(최종 550).hwpx,경제 금융 경제학,718,Red Ocean(레드오션): 경쟁자들이 너무 득실거려 출혈 경쟁을 벌여야만 하는 포화 상태의 시장
719,경제 금융 경제학(최종 550).hwpx,경제 금융 경제학,719,"Regional Trade Agreement(RTA, 지역 무역 협정): 전 세계를 대상으로 하는 WTO와 달리, EU나 USMCA처럼 인접한 특정 지역의 몇몇 국가들끼리만 똘똘 뭉쳐서 자기들끼리만 관세를 없애고 경제를 통합하는 조약"
720,경제 금융 경제학(최종 550).hwpx,경제 금융 경제학,720,Regressive Tax(역진세): 저소득층일수록 소득 대비 세금 부담률이 더 높아지는 조세 제도 (부가가치세 등)
721,경제 금융 경제학(최종 550).hwpx,경제 금융 경제학,721,"Regulatory Capture(규제 포획): 기업을 엄격하게 감시하고 회초리를 들어야 할 정부 규제 기관이, 오히려 로비나 뇌물에 넘어가 타락해서 국민의 이익은 내팽개치고 그 기업들의 이익만을 충실하게 대변하는 하수인으로 전락한 현상"
722,경제 금융 경제학(최종 550).hwpx,경제 금융 경제학,722,"Relative Advantage(상대적 우위/비교 우위): 내가 남들보다 모든 걸 다 잘하더라도, 내가 가장 압도적으로 잘하는 하나에 집중하고 나머지는 수입하는 것이 둘 다에게 훨씬 더 큰 이익이 된다는 리카도의 무역 무적 논리"
723,경제 금융 경제학(최종 550).hwpx,경제 금융 경제학,723,Remittance(송금/해외 송금): 외국인 노동자가 본국 가족에게 보내는 외화 송금 등
724,경제 금융 경제학(최종 550).hwpx,경제 금융 경제학,724,Rent Control(임대료 통제): 세입자 보호를 위해 정부가 임대료 인상 상한선을 묶어버리는 정책
725,경제 금융 경제학(최종 550).hwpx,경제 금융 경제학,725,Rent Seeking(지대 추구): 부 창출 없이 로비나 독점권 등 기득권에 의존해 불로소득을 얻으려는 얌체 같은 경제 행위
726,경제 금융 경제학(최종 550).hwpx,경제 금융 경제학,726,"Repo Rate(환매조건부채권 금리/RP 금리): 중앙은행이 시중 은행에 일주일짜리 등 초단기로 급전을 꿔주면서 국채를 담보로 잡고(나중에 다시 되사는 조건) 매기는 이자율로, 단기 자금 시장의 핵심 금리"
727,경제 금융 경제학(최종 550).hwpx,경제 금융 경제학,727,Required Reserve Ratio(법정지급준비율): 뱅크런 사태를 막기 위해 은행이 예금 중 대출하지 않고 의무적으로 중앙은행 금고에 짱박아두어야 하는 현금의 최소 비율
728,경제 금융 경제학(최종 550).hwpx,경제 금융 경제학,728,"Research and Development(R&D, 연구개발): 기업이 단순히 오늘 팔 물건을 만드는 것을 넘어, 10년 뒤의 미래 먹거리를 위해 과학적 지식을 창출하고 획기적인 신제품과 신기술을 개발하는 데 막대한 자금을 쏟아붓는 활동"
729,경제 금융 경제학(최종 550).hwpx,경제 금융 경제학,729,"Reserve Currency(기축 통화): 달러화나 유로화처럼 전 세계 각국 중앙은행들이 외환위기를 막기 위해 비상금으로 금고에 산더미처럼 쟁여놓고, 국제 무역 결제에 가장 널리 쓰이는 가장 믿음직한 대장 화폐"
730,경제 금융 경제학(최종 550).hwpx,경제 금융 경제학,730,Reserve Requirement(지급준비율): 은행이 예금 중 무조건 금고에 현금으로 남겨두어야 하는 비율
731,경제 금융 경제학(최종 550).hwpx,경제 금융 경제학,731,Reshoring(리쇼어링): 해외로 나갔던 기업 생산 시설이 비용이나 공급망 문제로 다시 본국으로 유턴하는 현상
732,경제 금융 경제학(최종 550).hwpx,경제 금융 경제학,732,"Residual Value(잔존가치): 자동차나 공장 기계가 수명이 다 되어 더 이상 쓸 수 없게 되었을 때, 고철이나 중고 부품으로라도 팔아서 건질 수 있는 마지막 남은 가치"
733,경제 금융 경제학(최종 550).hwpx,경제 금융 경제학,733,"Resource Allocation(자원 배분): 희소한 자본, 노동, 토지를 어떻게 배치해야 사람들의 만족도(효용)와 생산성을 가장 완벽하게 쥐어짤 수 있는지 결정하는 경제학의 핵심 문제"
734,경제 금융 경제학(최종 550).hwpx,경제 금융 경제학,734,"Restructuring(구조조정): 기업이 빚더미에 앉았을 때 살아남기 위해 적자 나는 사업부를 싹둑 잘라내고, 직원들을 대량 해고하며, 임원들 연봉을 깎는 등 피눈물 나는 회사 체질 개선 수술"
735,경제 금융 경제학(최종 550).hwpx,경제 금융 경제학,735,"Retail Sales(소매 판매): 도매상이 아니라 백화점, 쿠팡, 동네 편의점 등에서 일반 소비자들이 실제로 지갑을 열어 돈을 쓰고 물건을 사 간 총액으로, 국가 소비 경제의 건강을 측정하는 체온계"
736,경제 금융 경제학(최종 550).hwpx,경제 금융 경제학,736,Retained Earnings(이익잉여금): 기업의 순이익 중 배당하지 않고 회사 금고에 비축해 둔 비상금
737,경제 금융 경제학(최종 550).hwpx,경제 금융 경제학,737,Retention Rate(잔존율/유지율): 구독 서비스 등에서 고객이 해지하지 않고 계속 결제하며 남아있는 비율
738,경제 금융 경제학(최종 550).hwpx,경제 금융 경제학,738,"Return on Assets(ROA, 총자산이익률): 부채를 포함한 총자산을 굴려 당기순이익을 얼마나 냈는지 보여주는 지표"
739,경제 금융 경제학(최종 550).hwpx,경제 금융 경제학,739,"Return on Equity(ROE, 자기자본이익률): 부채를 뺀 자기자본만을 굴려 알짜 이익을 남긴 비율 (투자 매력도 지표)"
740,경제 금융 경제학(최종 550).hwpx,경제 금융 경제학,740,"Return on Investment(ROI, 투자자본수익률): 투자 비용 대비 순이익이 얼마나 나왔는지를 계산하는 수익성 지표"
741,경제 금융 경제학(최종 550).hwpx,경제 금융 경제학,741,Revaluation(평가절상): 고정환율제를 쓰는 국가의 정부가 수입 물가를 잡기 위해 인위적이고 공식적으로 자국 화폐의 교환 가치를 예전보다 확 올려버리는 조치
742,경제 금융 경제학(최종 550).hwpx,경제 금융 경제학,742,Revenue / Sales(매출/매출액): 비용을 빼기 전 상품 판매로 들어온 총수입
743,경제 금융 경제학(최종 550).hwpx,경제 금융 경제학,743,Reverse Mortgage(역주택담보대출/주택연금): 살고 있는 집을 담보로 넘기고 죽을 때까지 매달 생활비를 연금처럼 받는 제도
744,경제 금융 경제학(최종 550).hwpx,경제 금융 경제학,744,"Reverse Split(주식 병합/액면 병합): 동전주처럼 주가가 너무 싸구려 취급을 받을 때, 1천 원짜리 주식 10주를 묶어서 1만 원짜리 1주로 합쳐버려 주식 수를 확 줄이고 주가를 무거워 보이게 만드는 꼼수"
745,경제 금융 경제학(최종 550).hwpx,경제 금융 경제학,745,RE100(Renewable Energy 100): 기업이 제품 생산 시 화석연료 대신 100% 재생에너지만 쓰겠다고 약속하는 캠페인
746,경제 금융 경제학(최종 550).hwpx,경제 금융 경제학,746,"Ricardian Equivalence(리카도 대등정리): 정부가 빚(국채)을 내서 국민에게 재난지원금을 뿌려봤자, 국민들은 ""어차피 나중에 세금 왕창 올려서 다 뺏어갈 거잖아""라고 꿰뚫어 보고 돈을 안 쓰고 몽땅 저축해 버리기 때문에 정부 정책이 헛수고가 된다는 경제 이론"
747,경제 금융 경제학(최종 550).hwpx,경제 금융 경제학,747,Rights Issue(유상증자): 주식을 새로 찍어 기존 주주나 새로운 투자자에게 돈을 받고 팔아 자본금을 모으는 것
748,경제 금융 경제학(최종 550).hwpx,경제 금융 경제학,748,Risk Asset(위험자산): 원금 보장이 되지 않고 큰 수익이나 손실이 가능한 변동성이 큰 자산
749,경제 금융 경제학(최종 550).hwpx,경제 금융 경제학,749,"Risk Aversion(위험 회피): 똑같이 1천만 원을 벌 확률이라도, 도박처럼 불확실성이 큰 주식 투자보다는 마음 편하게 이자가 적더라도 예금을 선택하려는 사람들의 쫄보 본능"
750,경제 금융 경제학(최종 550).hwpx,경제 금융 경제학,750,Risk Premium(위험 프리미엄): 위험한 투자에 대해 투자자가 감수하는 대가로 요구하는 초과 수익률
751,경제 금융 경제학(최종 550).hwpx,경제 금융 경제학,751,Risk Tolerance(위험 허용도): 가격 폭락 등 손실을 입을 때 멘탈을 유지하며 견뎌낼 수 있는 한계치
752,경제 금융 경제학(최종 550).hwpx,경제 금융 경제학,752,"ROA(Return On Assets, 총자산이익률): 총자산 대비 효율적으로 창출한 당기순이익 지표"
753,경제 금융 경제학(최종 550).hwpx,경제 금융 경제학,753,"ROAS(Return On Ad Spend, 광고비 대비 매출액): 광고비 대비 발생한 매출액을 계산해 마케팅 효과를 확인하는 지표"
754,경제 금융 경제학(최종 550).hwpx,경제 금융 경제학,754,"ROE(Return On Equity, 자기자본이익률): 자기자본만 굴려서 1년 동안 남긴 알짜 이익률 지표"
755,경제 금융 경제학(최종 550).hwpx,경제 금융 경제학,755,Royalty(로열티): 타인의 특허나 상표를 빌려 쓰는 대가로 지급하는 돈
756,경제 금융 경제학(최종 550).hwpx,경제 금융 경제학,756,Rule of 72(72의 법칙): 72를 연평균 수익률로 나누면 원금이 2배가 되는 데 걸리는 시간을 알 수 있는 공식
757,경제 금융 경제학(최종 550).hwpx,경제 금융 경제학,757,Run on the Bank(뱅크런/대규모 예금 인출): 은행에 돈이 떨어졌다는 소문이 돌아 극도의 공포에 질린 예금자들이 서로 먼저 돈을 빼내려고 은행 창구로 떼거지로 달려가는 금융 대재앙
758,경제 금융 경제학(최종 550).hwpx,경제 금융 경제학,758,"Safe Haven(안전자산): 경제 위기 시에도 가치가 떨어지지 않고 피난처로 꼽히는 자산 (예:금, 미국 국채)"
759,경제 금융 경제학(최종 550).hwpx,경제 금융 경제학,759,"Sales Tax(판매세): 미국의 마트에서 물건을 살 때 물건값표에 적혀 있지 않다가, 계산대에서 최종 결제할 때 주(State) 정부가 추가로 찰칵 때리는 소비자 부과 간접세"
760,경제 금융 경제학(최종 550).hwpx,경제 금융 경제학,760,Sandbox(규제 유예제도): 첨단 신사업을 시도하는 기업에 일정 기간 기존 규제를 면제해 주는 제도
761,경제 금융 경제학(최종 550).hwpx,경제 금융 경제학,761,Saving(저축): 소득 중 소비하지 않고 미래를 위해 쟁여두는 돈
762,경제 금융 경제학(최종 550).hwpx,경제 금융 경제학,762,"Savings Rate(저축률): 국민들이 번 총소득(가처분소득) 중에서, 소비하지 않고 은행에 쟁여둔 돈의 비율"
763,경제 금융 경제학(최종 550).hwpx,경제 금융 경제학,763,Scale-up(스케일업): 스타트업이 초기 개발 단계를 넘어 외부 대규모 투자를 받고 폭풍 성장하는 단계
764,경제 금융 경제학(최종 550).hwpx,경제 금융 경제학,764,Scarcity(희소성): 사람들의 무한한 욕망에 비해 자원이 한정되어 부족한 상태
765,경제 금융 경제학(최종 550).hwpx,경제 금융 경제학,765,"S-Curve(S커브): 제품이나 기술이 도입, 성장, 성숙기를 거치며 그리는 S자형 생명주기 곡선"
766,경제 금융 경제학(최종 550).hwpx,경제 금융 경제학,766,"SDR(Special Drawing Rights, 특별인출권): IMF 회원국이 외환위기 시 무담보로 외화를 인출할 수 있는 제3의 통화 권리"
767,경제 금융 경제학(최종 550).hwpx,경제 금융 경제학,767,Seasonal Unemployment(계절적 실업): 스키장 알바생이나 농부처럼 특정 계절이 지나면 일거리가 뚝 끊겨버려서 다음 시즌이 돌아올 때까지 어쩔 수 없이 겪어야 하는 계절적이고 반복적인 실업
768,경제 금융 경제학(최종 550).hwpx,경제 금융 경제학,768,"Secondary Market(유통 시장/2차 시장): 회사가 새로 발행한 주식을 처음 파는 1차 시장(발행 시장)과 달리, 이미 발행되어 돌아다니는 주식을 개미들과 기관 투자자들이 거래소(코스피 등)에서 서로 피 터지게 사고파는 중고 주식 시장"
769,경제 금융 경제학(최종 550).hwpx,경제 금융 경제학,769,"Securities(유가증권): 주식, 채권, 수표처럼 종이 쪼가리 자체에 재산적인 권리와 엄청난 돈의 가치가 새겨져 있어서 시장에서 돈처럼 유통되고 사고팔 수 있는 모든 권리 증서"
770,경제 금융 경제학(최종 550).hwpx,경제 금융 경제학,770,"Securitization(유동화/증권화): 은행이 대출해 주고받은 차용증(주택담보대출)처럼 현금으로 바꾸기 힘든 뻑뻑한 빚문서들을 수천 개 모아서, 예쁘게 포장한 뒤 채권(MBS)이라는 새로운 금융 상품으로 만들어 투자자들에게 확 팔아버려 즉시 현금으로 둔갑시키는 금융의 연금술"
771,경제 금융 경제학(최종 550).hwpx,경제 금융 경제학,771,Seed Money(시드 머니/종잣돈): 투자를 본격 시작하기 위해 모은 기초 자금이나 스타트업의 극초기 투자금
772,경제 금융 경제학(최종 550).hwpx,경제 금융 경제학,772,"Seigniorage(시뇨리지/화폐주조차익): 화폐의 액면가에서 화폐 제조 비용을 뺀, 화폐 발행 국가가 챙기는 특권적 이익"
773,경제 금융 경제학(최종 550).hwpx,경제 금융 경제학,773,"Seller's Market(매도자 우위 시장): 집이 없어서 난리 난 부동산 폭등기처럼, 사려는 사람은 미어터지는데 팔려는 물건이 없어서 물건 쥔 놈(판매자)이 왕이 되어 가격을 마음대로 배짱 튕기며 부를 수 있는 시장"
774,경제 금융 경제학(최종 550).hwpx,경제 금융 경제학,774,Shadow Banking(그림자 금융): 은행과 유사한 기능을 하면서도 규제 사각지대에 있는 비은행 금융 시스템
775,경제 금융 경제학(최종 550).hwpx,경제 금융 경제학,775,"Share Buyback(자사주 매입): 회사가 남아도는 현금으로 주식시장에서 자기 회사 주식을 싹쓸이로 사들여 불태워(소각) 버림으로써, 시장에 굴러다니는 주식 수를 줄여 남아있는 주주들의 주식 가치를 떡상시켜 주는 최고의 주주 환원 정책"
776,경제 금융 경제학(최종 550).hwpx,경제 금융 경제학,776,"Shareholder(주주): 회사의 주식을 보유하여 소유권, 의결권, 배당받을 권리를 가진 사람이나 기관"
777,경제 금융 경제학(최종 550).hwpx,경제 금융 경제학,777,"Sharpe Ratio(샤프 지수): 펀드 매니저의 진짜 실력을 평가하는 지표로, 그저 수익률만 높은 게 아니라 주가가 위아래로 미친 듯이 널뛰는 엄청난 '위험(변동성)'을 감수한 것에 비해서 과연 얼마나 짭짤한 추가 수익을 안전하게 뽑아냈는지를 계산한 위험 대비 수익률"
778,경제 금융 경제학(최종 550).hwpx,경제 금융 경제학,778,Short Position(매도 포지션/숏): 자산의 가격 하락에 베팅하여 내려가야만 수익이 나는 투자 방향 (예:공매도)
779,경제 금융 경제학(최종 550).hwpx,경제 금융 경제학,779,"Short Selling(공매도): 없는 주식을 빌려서 비싸게 팔고, 가격이 떨어지면 싸게 사서 갚아 시세차익을 챙기는 하락장 베팅"
780,경제 금융 경제학(최종 550).hwpx,경제 금융 경제학,780,Short Squeeze(숏 스퀴즈): 주가 폭락을 예상하고 공매도를 친 세력이 주가가 폭등하자 손실을 막기 위해 주식을 허겁지겁 사들여 주가가 더 수직 상승하는 현상
781,경제 금융 경제학(최종 550).hwpx,경제 금융 경제학,781,Showrooming(쇼루밍): 오프라인 매장에서는 구경만 하고 결제는 최저가 온라인 쇼핑몰에서 하는 소비 행태
782,경제 금융 경제학(최종 550).hwpx,경제 금융 경제학,782,Shrinkflation(슈링크플레이션): 가격은 그대로 두고 제품의 용량이나 크기를 몰래 줄여 사실상 가격을 올리는 꼼수
783,경제 금융 경제학(최종 550).hwpx,경제 금융 경제학,783,"Sinking Fund(감채 기금): 회사가 몇 년 뒤 만기가 돌아오는 수백억짜리 거대 회사채를 한 방에 갚으려다 부도나는 것을 막기 위해, 매년 이익의 일부를 따로 적금처럼 차곡차곡 떼어내어 모아두는 빚 갚기 전용 비상금 통장"
784,경제 금융 경제학(최종 550).hwpx,경제 금융 경제학,784,Skimpflation(스킴플레이션): 가격과 양은 그대로 두되 재료의 질이나 서비스 수준을 몰래 떨어뜨려 비용을 아끼는 현상
785,경제 금융 경제학(최종 550).hwpx,경제 금융 경제학,785,Small Cap(소형주/잡주): 시가총액이 작아 주가가 위아래로 요동치기 쉬운 변동성 큰 주식
786,경제 금융 경제학(최종 550).hwpx,경제 금융 경제학,786,"Smart Beta(스마트 베타): 단순히 코스피 200 지수만 기계적으로 따라가는 인덱스 펀드에서 벗어나, 배당이 높거나 가치가 저평가된 우량 기업들만 쏙쏙 더 골라 담는 공식을 섞어서 시장 평균보다 조금 더 높은 쏠쏠한 수익(알파)을 노리는 퓨전형 투자 전략"
787,경제 금융 경제학(최종 550).hwpx,경제 금융 경제학,787,Smart Contract(스마트 컨트랙트): 중개인 없이 블록체인 코드로 조건이 충족되면 자동으로 계약이 실행되는 기술
788,경제 금융 경제학(최종 550).hwpx,경제 금융 경제학,788,Snob Effect(스놉 효과/속물 효과/백로 효과): 유행하는 물건을 피하고 차별화를 위해 더 이상 사지 않는 소비 심리
789,경제 금융 경제학(최종 550).hwpx,경제 금융 경제학,789,"Social Cost(사회적 비용): 기업이 공장을 돌리느라 지출한 사적인 원가뿐만 아니라, 그 공장이 뿜어낸 매연 때문에 동네 주민들이 천식에 걸려 지출한 병원비(부정적 외부효과)까지 다 합쳐서 사회 전체가 치러야 하는 진짜 숨은 비용 총합"
790,경제 금융 경제학(최종 550).hwpx,경제 금융 경제학,790,"Social Security(사회보장제도): 질병, 실업 등에서 국민을 보호하기 위해 국가가 생계와 의료를 보장하는 안전망"
791,경제 금융 경제학(최종 550).hwpx,경제 금융 경제학,791,Soft Landing(연착륙): 경제가 거대한 충격 없이 부드럽게 진정되며 안정세를 찾는 현상
792,경제 금융 경제학(최종 550).hwpx,경제 금융 경제학,792,Soft Power(소프트파워): 문화나 이념 등 매력으로 타국이 자발적으로 우호적인 변화를 하도록 만드는 힘
793,경제 금융 경제학(최종 550).hwpx,경제 금융 경제학,793,Sovereign Debt(국가 부채/소버린 데트): 국가가 세금이 부족해 국채를 발행해 빌려 쓴 빚
794,경제 금융 경제학(최종 550).hwpx,경제 금융 경제학,794,Sovereign Wealth Fund(국부펀드): 국가가 외환보유고나 자원 수출 대금으로 해외 자산에 투자해 자산을 불리는 거대 국가 펀드
795,경제 금융 경제학(최종 550).hwpx,경제 금융 경제학,795,"Special Drawing Rights(SDR, 특별인출권): IMF 회원국이 외환위기 시 꺼내 쓸 수 있는 가상 준비 통화"
796,경제 금융 경제학(최종 550).hwpx,경제 금융 경제학,796,Speculation(투기): 자산의 내재 가치보다 단기적인 시세차익만을 노려 고위험에 자금을 쏟는 매매 행위
797,경제 금융 경제학(최종 550).hwpx,경제 금융 경제학,797,Spin-off(인적 분할/스핀오프): 기업의 알짜 사업 부문을 떼어내어 독립된 회사로 만들고 기존 주주에게 주식을 나누어 주는 것
798,경제 금융 경제학(최종 550).hwpx,경제 금융 경제학,798,"Spot Market(현물 시장): 미래에 물건을 넘기기로 약속하는 선물 시장과 달리, 주식이나 달러처럼 지금 당장 돈을 지불하고 그 자리에서 즉시 실물을 척척 맞교환하는 현재의 시장"
799,경제 금융 경제학(최종 550).hwpx,경제 금융 경제학,799,"Spread(스프레드): 은행이 대출해 줄 때 받는 높은 이자와 예금자에게 주는 낮은 이자의 차이(예대마진)이거나, 살려는 사람의 가격과 팔려는 사람의 가격 사이의 틈(호가 차이)처럼 두 금융 지표 사이의 격차"
800,경제 금융 경제학(최종 550).hwpx,경제 금융 경제학,800,"Stabilization Policy(안정화 정책): 경제가 너무 과열되어 물가가 미친 듯이 오르거나 반대로 불황의 늪에 빠졌을 때, 정부와 중앙은행이 총출동하여 재정과 금리를 조절하며 경제를 정상 궤도(완전 고용과 물가 안정)로 되돌려 놓으려는 모든 경제 정책"
801,경제 금융 경제학(최종 550).hwpx,경제 금융 경제학,801,Stable Coin(스테이블 코인): 1개의 가치를 1달러 등에 고정시켜 가격 변동성을 없앤 암호화폐
802,경제 금융 경제학(최종 550).hwpx,경제 금융 경제학,802,Stagflation(스태그플레이션): 불황(실업) 속에서도 물가가 미친 듯이 폭등하는 최악의 경제 상태
803,경제 금융 경제학(최종 550).hwpx,경제 금융 경제학,803,"Stakeholder(이해관계자): 주주뿐만 아니라 직원, 협력사, 소비자, 지역 사회 등 기업 활동에 영향을 주고받는 모든 집단"
804,경제 금융 경제학(최종 550).hwpx,경제 금융 경제학,804,Standard of Living(생활 수준): 국민들이 소비할 수 있는 재화 등 물질적으로 풍요롭고 안락한 정도 (보통 1인당 GDP로 측정)
805,경제 금융 경제학(최종 550).hwpx,경제 금융 경제학,805,Startup(스타트업): 혁신적인 아이디어로 기하급수적인 폭발적 성장을 노리는 설립 초기 벤처기업
806,경제 금융 경제학(최종 550).hwpx,경제 금융 경제학,806,"State-Owned Enterprise(SOE, 공기업/국영 기업): 한국전력이나 코레일처럼 개인 주주가 아니라 국가가 100% 지분을 소유하거나 강력하게 통제하며, 이윤 추구보다는 국민에게 필수적인 공공 서비스를 안정적으로 제공하기 위해 세운 기업"
807,경제 금융 경제학(최종 550).hwpx,경제 금융 경제학,807,Sticky Prices(가격의 경직성/끈적거리는 가격): 메뉴판 가격이나 임금처럼 수요 감소에도 쉽게 하락하지 않고 버티는 현상
808,경제 금융 경제학(최종 550).hwpx,경제 금융 경제학,808,Stock Market(주식시장): 기업이 발행한 주식을 투자자들이 사고파는 유통 시장
809,경제 금융 경제학(최종 550).hwpx,경제 금융 경제학,809,Stock Option(스톡옵션/주식매수선택권): 임직원에게 훗날 자사 주식을 싼값에 살 수 있는 권리를 주는 보너스 제도
810,경제 금융 경제학(최종 550).hwpx,경제 금융 경제학,810,Stock Split(액면분할): 1주의 가격을 낮추고 주식 수를 늘려 거래를 활성화하는 것
811,경제 금융 경제학(최종 550).hwpx,경제 금융 경제학,811,Stock(주식): 회사의 소유권을 잘게 쪼개어 투자자에게 발행해 주는 증서
812,경제 금융 경제학(최종 550).hwpx,경제 금융 경제학,812,Stop Loss(손절매/스탑 로스): 손실이 마지노선에 도달하면 더 큰 손실을 막기 위해 기계적으로 팔아버리는 것
813,경제 금융 경제학(최종 550).hwpx,경제 금융 경제학,813,"Stress Test(스트레스 테스트): 2008년 금융위기 같은 상상할 수 있는 최악의 경제 폭망 시나리오(금리 10% 폭등, 집값 반토막)를 가정해 놓고, 은행들이 이런 지옥 같은 상황에서도 파산하지 않고 버틸 수 있는 자본 체력을 가졌는지 정부가 모의실험하며 쥐어짜 보는 건전성 평가"
814,경제 금융 경제학(최종 550).hwpx,경제 금융 경제학,814,"Structural Unemployment(구조적 실업): 키오스크가 캐시어를 대체하듯 산업의 뼈대 자체가 인공지능이나 로봇으로 완전히 바뀌어버려서, 기존 노동자들의 낡은 기술력으로는 아무리 이력서를 내도 새로운 일자리에 영원히 취업할 수 없는 비극적인 실업"
815,경제 금융 경제학(최종 550).hwpx,경제 금융 경제학,815,Sub-lease(전대차): 세입자가 빌린 공간을 집주인 동의를 얻어 제삼자에게 재임대하여 차익을 챙기는 행위
816,경제 금융 경제학(최종 550).hwpx,경제 금융 경제학,816,Subprime Loan(서브프라임 대출): 신용등급이 낮아 상환 능력이 부족한 불량 신용자들에게 고금리로 빌려준 주택 담보 대출
817,경제 금융 경제학(최종 550).hwpx,경제 금융 경제학,817,Subprime Mortgage Crisis(서브프라임 모기지 사태): 2008년 미국에서 저신용자 주택담보대출 부실로 인해 전 세계 금융 시장이 박살 난 위기
818,경제 금융 경제학(최종 550).hwpx,경제 금융 경제학,818,Subsidy(보조금): 특정 산업 육성이나 약자 보호를 위해 정부가 대가 없이 지원해 주는 무상 지원금
819,경제 금융 경제학(최종 550).hwpx,경제 금융 경제학,819,Substitute Good(대체재): 콜라와 사이다처럼 가격 인상 시 서로 대신 쓸 수 있는 경쟁 관계의 재화
820,경제 금융 경제학(최종 550).hwpx,경제 금융 경제학,820,Sunk Cost Fallacy(매몰비용의 오류): 회수할 수 없는 매몰비용에 집착해 더 큰 손해를 보는 어리석은 심리
821,경제 금융 경제학(최종 550).hwpx,경제 금융 경제학,821,Sunk Cost(매몰비용): 지불해서 환불받을 수 없거나 절대로 회수할 수 없는 과거 지출 비용
822,경제 금융 경제학(최종 550).hwpx,경제 금융 경제학,822,Supply and Demand(수요와 공급): 사려는 사람(수요)과 팔려는 사람(공급)이 가격과 거래량을 결정짓는 시장 경제의 두 근본적인 힘
823,경제 금융 경제학(최종 550).hwpx,경제 금융 경제학,823,"Supply Chain(공급망): 원자재에서 소비자에게 도달하기까지의 물리적, 정보적 연결망 전체"
824,경제 금융 경제학(최종 550).hwpx,경제 금융 경제학,824,Supply Shock(공급 충격): 전쟁이나 자연재해로 중요 물자 공급이 갑자기 끊겨 가격이 폭등하는 충격
825,경제 금융 경제학(최종 550).hwpx,경제 금융 경제학,825,"Supply-Side Economics(공급중시 경제학): 수요를 자극해 봤자 물가만 오르니, 정부가 획기적으로 세금을 깎아주고(감세) 규제를 박살 내어 기업들이 춤을 추며 공장을 짓고 '공급'을 미친 듯이 늘리게 만들어야 경제가 떡상한다는 레이건 시대의 경제 철학"
826,경제 금융 경제학(최종 550).hwpx,경제 금융 경제학,826,Surplus(잉여/흑자): 벌어들인 돈이 쓴 돈보다 많아 남은 이익 또는 거래를 통해 덤으로 얻은 경제적 효용
827,경제 금융 경제학(최종 550).hwpx,경제 금융 경제학,827,"Sustainable Development(지속가능한 개발): 지금 당장 후세대가 써야 할 석탄과 나무를 다 파헤쳐서 멸망의 길을 걷는 것이 아니라, 환경을 박살 내지 않으면서도 현재의 경제 성장을 조화롭게 끌고 나가는 친환경적 장기 발전 전략"
828,경제 금융 경제학(최종 550).hwpx,경제 금융 경제학,828,"Swap(스와프): 중앙은행 간의 통화 스와프나 이자율 스와프처럼, 미래의 위험을 피하기 위해 두 당사자가 미리 약속된 조건으로 통화나 금리를 서로 교환하는 파생상품 거래"
829,경제 금융 경제학(최종 550).hwpx,경제 금융 경제학,829,Sweat Equity(땀의 지분/노력 지분): 돈이 없는 창업자가 스타트업에 제공한 노동력과 아이디어의 대가를 회사 주식이나 지분으로 받는 것
830,경제 금융 경제학(최종 550).hwpx,경제 금융 경제학,830,Syndicate(신디케이트/차관단): 거액의 자금을 공동으로 빌려주기 위해 여러 금융 기관이 결성한 연합
831,경제 금융 경제학(최종 550).hwpx,경제 금융 경제학,831,Systemic Risk(시스템 리스크): 거대 금융 기관 하나가 쓰러지면서 연쇄 파산을 일으켜 금융 시스템 전체가 붕괴되는 멸망급 위험
832,경제 금융 경제학(최종 550).hwpx,경제 금융 경제학,832,Takeover(기업 인수): 내가 돈을 주고 남의 회사의 주식(의결권)을 절반 이상 사 모아서 그 회사의 경영권을 완전히 꿀꺽 삼키고 내 맘대로 통제하는 행위
833,경제 금융 경제학(최종 550).hwpx,경제 금융 경제학,833,"Tangible Asset(유형 자산): 보이지 않는 특허권(무형 자산)과 달리, 현금, 삐까뻔쩍한 사옥 건물, 돌아가는 기계 설비, 창고에 쌓인 재고처럼 두 눈으로 똑똑히 보이고 손으로 만질 수 있는 확실한 물리적 형태의 재산"
834,경제 금융 경제학(최종 550).hwpx,경제 금융 경제학,834,"Target Rate(목표 금리): 중앙은행(Fed 등)이 경제를 살리거나 인플레이션을 때려잡기 위해 ""우리는 시장 금리를 딱 이 숫자에 맞추겠다""라고 점찍어 놓고 발표하는 기준 금리의 조준점"
835,경제 금융 경제학(최종 550).hwpx,경제 금융 경제학,835,Tariff(관세): 자국 산업 보호를 위해 수입 물품에 국가가 부과하는 세금
836,경제 금융 경제학(최종 550).hwpx,경제 금융 경제학,836,Tax Avoidance(조세 회피): 세법의 빈틈을 합법적으로 활용하여 내야 할 세금을 최소화하는 절세 행위
837,경제 금융 경제학(최종 550).hwpx,경제 금융 경제학,837,"Tax Bracket(과세 표준 구간): 내 월급이 5천만 원일 때와 1억 원일 때 각각 15%, 24% 식으로 세율이 다르게 적용되도록, 정부가 소득 금액의 크기에 따라 층층이 나누어 놓은 세금 부과 계단"
838,경제 금융 경제학(최종 550).hwpx,경제 금융 경제학,838,Tax Evasion(탈세): 장부를 조작하는 등 명백히 법을 위반하여 세금을 떼먹는 범죄 행위
839,경제 금융 경제학(최종 550).hwpx,경제 금융 경제학,839,Tax Haven(조세피난처/조세회피처): 세금이 없거나 매우 낮고 금융 비밀이 보장되어 다국적 기업의 페이퍼컴퍼니가 몰리는 곳
840,경제 금융 경제학(최종 550).hwpx,경제 금융 경제학,840,"Tax Incidence(조세 귀착): 정부가 치킨집 사장님에게 세금을 때렸는데, 사장님이 닭값을 올려버려서 결국 치킨 사 먹는 소비자의 주머니에서 세금이 빠져나가듯, 최종적으로 그 세금의 부담을 독박 쓰는 사람이 누구인지를 따지는 것"
841,경제 금융 경제학(최종 550).hwpx,경제 금융 경제학,841,"Technical Analysis(기술적 분석): 기업의 재무제표(실적) 따위는 무시하고, 오직 과거 주식 차트의 캔들, 거래량 솟구침, 이동평균선의 꺾임 같은 그래프의 움직임만 보고 내일의 주가를 예측하려는 실전 차트 매매 기법"
842,경제 금융 경제학(최종 550).hwpx,경제 금융 경제학,842,"Terms of Trade(교역 조건): 우리나라가 반도체 1개를 팔아 번 달러로 중동에서 석유를 몇 배럴이나 사 올 수 있는지를 보여주는 비율로, 수출 가격이 오르고 수입 가격이 내릴수록 이 조건이 좋아져 국민들의 지갑이 두둑해짐"
843,경제 금융 경제학(최종 550).hwpx,경제 금융 경제학,843,Tight Money(긴축 금융/타이트 머니): 물가를 잡기 위해 기준금리를 올리고 대출 규제를 조여 시중 자금이 얼어붙은 상태
844,경제 금융 경제학(최종 550).hwpx,경제 금융 경제학,844,"Time Deposit(정기 예금): 은행에 돈을 3년 등 딱 기간을 정해놓고 묶어두는 조건으로 요구불예금보다 훨씬 높은 이자를 받는 상품으로, 중간에 깨면 이자 손해를 엄청나게 봄"
845,경제 금융 경제학(최종 550).hwpx,경제 금융 경제학,845,"Time Value of Money(TMV, 돈의 시간 가치): 오늘 가진 돈이 이자 수익 때문에 미래의 같은 금액보다 더 가치가 있다는 재무학의 핵심 원리"
846,경제 금융 경제학(최종 550).hwpx,경제 금융 경제학,846,To the Moon(급등/투더문): 주식이나 비트코인 가격이 차트를 뚫고 수직 폭등하기를 바라는 은어
847,경제 금융 경제학(최종 550).hwpx,경제 금융 경제학,847,"Tobin Tax(토빈세): 투기 자본이 국경을 미친 듯이 넘나들며 환율을 박살 내는 것을 막기 위해, 노벨상 수상자 토빈이 제안한 아이디어로 외환 거래(달러 샀다 팔았다 할 때마다)에 무조건 아주 적은 비율의 세금을 떼서 투기꾼들의 발목을 잡자는 세금"
848,경제 금융 경제학(최종 550).hwpx,경제 금융 경제학,848,Token Economy(토큰 이코노미): 생태계 기여자에게 자체 암호화폐를 보상으로 주어 플랫폼 전체를 성장시키는 블록체인 경제 시스템
849,경제 금융 경제학(최종 550).hwpx,경제 금융 경제학,849,Too Big to Fail(대마불사/너무 커서 망할 수 없다): 거대 은행이나 대기업이 망하면 국가 경제 전체가 도미노로 무너지기 때문에 정부가 세금으로 살려줄 수밖에 없는 상황
850,경제 금융 경제학(최종 550).hwpx,경제 금융 경제학,850,"Total Cost(총비용): 공장 월세(고정비)와 빵 반죽 재료비(변동비)를 전부 합쳐서, 기업이 제품 100개를 생산하는 데 들어간 모든 돈의 합계"
851,경제 금융 경제학(최종 550).hwpx,경제 금융 경제학,851,Total Revenue(총수익): 치킨집 사장님이 치킨 100마리를 마리당 2만 원에 팔았을 때 계산대 금고에 들어온 총 현금 200만 원 (원가 빼기 전)
852,경제 금융 경제학(최종 550).hwpx,경제 금융 경제학,852,Trade Balance(무역수지): 한 나라가 1년 동안 수출액에서 수입액을 뺀 차액
853,경제 금융 경제학(최종 550).hwpx,경제 금융 경제학,853,Trade Barrier(무역 장벽): 외국 물건이 우리나라로 쉽게 들어오지 못하게 관세를 무지막지하게 때리거나 위생 검사를 핑계로 돌려보내는 등 정부가 치는 경제적 바리케이드
854,경제 금융 경제학(최종 550).hwpx,경제 금융 경제학,854,"Trade Creation(무역 창출): FTA(자유무역협정)를 맺어서 관세가 0%가 되자, 예전에는 비싸서 안 사 먹던 외국산 소고기와 와인이 불티나게 팔리면서 두 나라 사이에 새롭게 거래가 폭발적으로 늘어나는 긍정적 효과"
855,경제 금융 경제학(최종 550).hwpx,경제 금융 경제학,855,Trade Deficit(무역 적자): 수출액보다 수입액이 더 많아서 국가의 외환 금고에 펑크가 난 상태
856,경제 금융 경제학(최종 550).hwpx,경제 금융 경제학,856,"Trade Diversion(무역 전환): FTA 때문에 관세가 없어진 비싼 미국산 쇠고기만 사 먹게 되면서, 원래 싸게 잘 사 먹던 다른 나라(FTA 안 맺은 나라) 쇠고기 수입이 뚝 끊겨버리는 무역 왜곡 부작용"
857,경제 금융 경제학(최종 550).hwpx,경제 금융 경제학,857,Trade Surplus(무역 흑자): 수입액보다 수출액이 더 많아서 외화를 쓸어 담아 외환 금고가 두둑해진 상태
858,경제 금융 경제학(최종 550).hwpx,경제 금융 경제학,858,Trade War(무역전쟁): 두 국가가 자국 산업 보호를 위해 상대국 제품에 보복 관세 등을 부과하며 벌이는 경제적 전면전
859,경제 금융 경제학(최종 550).hwpx,경제 금융 경제학,859,Trademark(상표권): 특정 브랜드를 타인이 함부로 사용하지 못하도록 국가가 부여하는 독점적인 브랜드 사용 권리
860,경제 금융 경제학(최종 550).hwpx,경제 금융 경제학,860,Trade-off(트레이드오프/상충 관계): 물가와 실업률처럼 하나를 얻으려면 다른 하나를 희생해야 하는 경제의 딜레마
861,경제 금융 경제학(최종 550).hwpx,경제 금융 경제학,861,"Tragedy of the Commons(공유지의 비극): 주인이 없는 공용 목초지(공유지)에 마을 사람들이 자기 양 떼를 무제한으로 풀어 풀을 다 뜯어 먹게 방치하다가, 결국 풀밭이 황무지가 되어 마을 사람 전부가 다 굶어 죽고 망해버리는 이기심의 참사"
862,경제 금융 경제학(최종 550).hwpx,경제 금융 경제학,862,"Transaction Cost(거래 비용): 물건값 외에 탐색, 사기 위험 확인, 차비 등 거래 성사를 위해 들어가는 눈에 보이지 않는 잉여 비용"
863,경제 금융 경제학(최종 550).hwpx,경제 금융 경제학,863,"Transfer Payment(이전 소득/이전 지출): 실업급여나 노령 연금처럼, 개인이 국가에 노동력이나 물건을 제공한 대가가 아니라 오직 정부가 시혜적으로 그냥 지갑에 꽂아주는 무상 복지 돈"
864,경제 금융 경제학(최종 550).hwpx,경제 금융 경제학,864,"Treasury Bill(T-Bill, 단기 국채): 미국 정부가 1년 미만으로 급전이 필요할 때 이자 없이 액면가보다 싸게 파는 세상에서 가장 안전한 무위험 단기 채권"
865,경제 금융 경제학(최종 550).hwpx,경제 금융 경제학,865,"Treasury Bond(T-Bond, 장기 국채): 미국 정부가 10~30년 만기로 이자를 주며 발행하는 장기 채권으로 글로벌 장기 금리의 척도"
866,경제 금융 경제학(최종 550).hwpx,경제 금융 경제학,866,Treasury Stock(자사주/자기주식): 회사가 자기 회사 주식을 사들여 시장의 유통 주식 수를 줄여 주가를 올리는 주주 친화 정책 수단
867,경제 금융 경제학(최종 550).hwpx,경제 금융 경제학,867,Trickle-down(낙수효과): 부유층과 대기업의 세금을 깎아주고 성장을 유도하면 그 부가 중소기업과 서민에게 흘러내린다는 경제 논리
868,경제 금융 경제학(최종 550).hwpx,경제 금융 경제학,868,Trust(신탁/트러스트): 재산 소유권을 금융 기관에 넘겨 관리하고 투자해 불려주도록 맡기는 서비스
869,경제 금융 경제학(최종 550).hwpx,경제 금융 경제학,869,Turnaround(턴어라운드): 적자에 빠졌던 기업이 뼈를 깎는 구조조정이나 획기적 신제품으로 흑자 전환하며 회생하는 현상
870,경제 금융 경제학(최종 550).hwpx,경제 금융 경제학,870,Twin Deficit(쌍둥이 적자): 정부의 재정 적자와 국가의 경상수지 적자가 동시에 터져 경제가 골병이 드는 상황
871,경제 금융 경제학(최종 550).hwpx,경제 금융 경제학,871,Unbundling(언번들링/분할 판매): 패키지 상품을 해체해 고객이 원하는 콘텐츠나 서비스만 골라 결제할 수 있게 파는 전략
872,경제 금융 경제학(최종 550).hwpx,경제 금융 경제학,872,Underemployment(불완전 고용/반실업): 전일제 근무를 원하나 파트타임으로 일하거나 자신의 능력을 다 발휘하지 못해 사실상 실업과 같은 고용 상태
873,경제 금융 경제학(최종 550).hwpx,경제 금융 경제학,873,Underground Economy(지하경제): 불법 거래나 탈세를 목적으로 세무 당국의 감시망을 피하는 모든 숨겨진 경제 활동
874,경제 금융 경제학(최종 550).hwpx,경제 금융 경제학,874,Undervaluation(저평가): 어떤 주식이나 원화의 가치가 그 회사의 실력이나 진짜 경제력에 비해 시장에서 턱없이 헐값에 후려쳐져서 거래되고 있는 안타까운 상태
875,경제 금융 경제학(최종 550).hwpx,경제 금융 경제학,875,Unemployment Rate(실업률): 일할 의사와 능력이 있으나 구직 활동에도 일자리를 구하지 못한 사람의 비율
876,경제 금융 경제학(최종 550).hwpx,경제 금융 경제학,876,Unfunded Mandate(재원 없는 위임/재정 부담 전가): 중앙 정부가 지자체에 법적 의무만 지우고 예산은 지원하지 않는 행위
877,경제 금융 경제학(최종 550).hwpx,경제 금융 경제학,877,Unicorn(유니콘): 비상장 벤처기업 중 기업 가치가 10억 달러 이상으로 평가받은 초거대 스타트업
878,경제 금융 경제학(최종 550).hwpx,경제 금융 경제학,878,Unit of Account(가치 척도/계산 단위): 모든 물건의 가치를 쉽게 비교하고 계산할 수 있게 숫자로 매겨주는 화폐의 핵심 기능
879,경제 금융 경제학(최종 550).hwpx,경제 금융 경제학,879,Universal Basic Income(기본소득): 모든 국민에게 아무 조건 없이 국가가 매달 똑같이 지급하는 최소 생활비
880,경제 금융 경제학(최종 550).hwpx,경제 금융 경제학,880,"Unsecured Loan(신용대출/무담보 대출): 집이나 자동차 같은 확실한 담보물을 잡지 않고, 오직 돈 빌리는 사람의 빵빵한 직장, 연봉, 과거 빚 갚은 훌륭한 이력(신용 점수)만 믿고 돈을 꿔주는 은행 대출"
881,경제 금융 경제학(최종 550).hwpx,경제 금융 경제학,881,Usury(고리대금업): 법정 이자율을 무시하고 서민들에게 살인적인 이자 폭탄을 뜯어내는 불법 사채업
882,경제 금융 경제학(최종 550).hwpx,경제 금융 경제학,882,Utility(효용): 소비자가 재화나 서비스를 소비했을 때 주관적으로 느끼는 기쁨이나 만족도의 크기
883,경제 금융 경제학(최종 550).hwpx,경제 금융 경제학,883,"Valuation(밸류에이션/가치 평가): 기업의 자산, 미래 성장성 등을 분석해 주식이 싼지 고평가되었는지 계산하는 작업"
884,경제 금융 경제학(최종 550).hwpx,경제 금융 경제학,884,"Value Added Tax(VAT, 부가가치세): 물건의 유통 단계마다 새로 추가된 가치(이윤)에 대해 부과하는 간접세"
885,경제 금융 경제학(최종 550).hwpx,경제 금융 경제학,885,"Value Added(부가가치): 밀가루 1천 원짜리가 빵 5천 원짜리가 되었을 때, 제빵사가 자신의 노동력과 오븐을 갈아 넣어 새롭게 창출해 낸 4천 원어치의 진짜 추가 경제적 가치"
886,경제 금융 경제학(최종 550).hwpx,경제 금융 경제학,886,Value Chain(가치 사슬): 연구 개발(R&D) ➔ 부품 구매 ➔ 조립 ➔ 마케팅 ➔ 고객 AS까지 기업이 돈을 벌기 위해 한 제품을 탄생시키고 파는 과정의 꼬리에 꼬리를 무는 전체 사슬
887,경제 금융 경제학(최종 550).hwpx,경제 금융 경제학,887,Value Stock(가치주): 내재 가치에 비해 주가가 말도 안 되게 헐값에 거래되고 있는 저평가 주식
888,경제 금융 경제학(최종 550).hwpx,경제 금융 경제학,888,Variable Cost(변동비): 생산량이 늘어날수록 똑같이 비례해서 늘어나는 재료비 같은 비용
889,경제 금융 경제학(최종 550).hwpx,경제 금융 경제학,889,Veblen Effect(베블런 효과): 과시욕 때문에 가격이 비쌀수록 오히려 명품 등이 더 잘 팔리는 현상
890,경제 금융 경제학(최종 550).hwpx,경제 금융 경제학,890,Velocity of Money(화폐 유통 속도): 돈이 경제 속에서 손바뀜하며 유통되는 속도로 경제 활력을 나타냄
891,경제 금융 경제학(최종 550).hwpx,경제 금융 경제학,891,"Venture Capital(VC, 벤처캐피털): 벤처기업의 극초기 단계에 모험적으로 투자해 상장 시 수백 배의 잭팟을 노리는 모험 자본 투자사"
892,경제 금융 경제학(최종 550).hwpx,경제 금융 경제학,892,"Vertical Integration(수직적 통합): 자동차 회사가 타이어 공장과 쇳물 뽑는 제철소까지 모조리 다 사들여서, 원자재부터 최종 완성차까지 모든 생산 단계를 몽땅 자기들 손아귀에 쥐고 비용을 박살 내는 경영 전략"
893,경제 금융 경제학(최종 550).hwpx,경제 금융 경제학,893,"Vicious Circle(악순환): 불황이 실업을, 실업이 다시 불황을 낳듯 나쁜 원인과 결과가 반복되는 뫼비우스의 띠"
894,경제 금융 경제학(최종 550).hwpx,경제 금융 경제학,894,Volatility(변동성): 주식이나 코인 가격이 위아래로 크게 널뛰기하는 가격 등락의 폭
895,경제 금융 경제학(최종 550).hwpx,경제 금융 경제학,895,"Voluntary Unemployment(자발적 실업): 일자리가 널려 있는데도, 구직자가 ""내 눈이 너무 높아서 이 월급 받고는 험한 일 죽어도 안 해""라며 스스로 콧대를 높이고 취업을 거부하며 푹 쉬고 있는 백수 상태"
896,경제 금융 경제학(최종 550).hwpx,경제 금융 경제학,896,Vulture Fund(벌처 펀드): 파산 직전 기업의 채권을 헐값에 쓸어 담아 무자비한 구조조정으로 폭리를 취하는 투기 펀드
897,경제 금융 경제학(최종 550).hwpx,경제 금융 경제학,897,"Wage-Price Spiral(임금-물가 악순환): 물가가 너무 오르니 노조가 파업해서 월급을 왕창 올리고, 사장님은 인건비가 올랐다며 다시 라면 값을 올려버려서 물가와 임금이 미친 듯이 서로 꼬리를 물고 나선형으로 끝없이 폭등하는 경제의 늪"
898,경제 금융 경제학(최종 550).hwpx,경제 금융 경제학,898,Wage(임금): 노동자가 노동력과 시간을 제공한 대가로 받는 모든 돈
899,경제 금융 경제학(최종 550).hwpx,경제 금융 경제학,899,Wealth Effect(부의 효과/자산 효과): 부동산이나 주식 가격이 폭등해 진짜 부자가 된 것 같은 착각에 소비를 늘리는 심리 현상
900,경제 금융 경제학(최종 550).hwpx,경제 금융 경제학,900,Welfare Economics(후생경제학): 자원을 어떻게 배분해야 이 사회 전체의 행복감(파레토 최적)과 분배의 공평성을 극대화할 수 있는지를 철학적이고 수학적으로 따져보는 경제학의 한 분야
901,경제 금융 경제학(최종 550).hwpx,경제 금융 경제학,901,"White Collar(화이트칼라): 기획, 관리, 행정, 금융 등의 사무직 직업군"
902,경제 금융 경제학(최종 550).hwpx,경제 금융 경제학,902,White Knight(백기사): 적대적 M&A 세력으로부터 현 경영진을 구해주기 위해 우호적으로 개입하는 제3의 세력
903,경제 금융 경제학(최종 550).hwpx,경제 금융 경제학,903,"Wholesale Price Index(도매 물가 지수): 마트에서 파는 가격이 아니라, 도매상들이 물건을 떼어올 때 도매 시장에서 거래되는 대량 물품의 가격 변동을 측정한 것으로 PPI와 비슷한 물가 지표"
904,경제 금융 경제학(최종 550).hwpx,경제 금융 경제학,904,"Windfall Tax(횡재세): 정유사나 은행들이 본인들이 혁신을 한 것도 아닌데 전쟁이나 금리 폭등 같은 외부의 운 좋은 요인으로 수조 원의 잭팟(횡재)을 터뜨렸을 때, 정부가 그 꼴을 못 보고 부당 이익이라며 무자비하게 추가로 징수해 버리는 세금"
905,경제 금융 경제학(최종 550).hwpx,경제 금융 경제학,905,Window Dressing(윈도우 드레싱/분식 결산): 자산운용사 등이 연말 결산을 앞두고 수익률을 좋게 보이려 포장하는 꼼수
906,경제 금융 경제학(최종 550).hwpx,경제 금융 경제학,906,Winner Takes All(승자독식): 1등 기업이 플랫폼 특성 등을 이용해 시장 파이의 거의 전부를 싹쓸이하는 법칙
907,경제 금융 경제학(최종 550).hwpx,경제 금융 경제학,907,Winner's Curse(승자의 저주): M&A 등에서 무리하게 빚을 내어 인수전에 승리했지만 결국 이자 부담으로 파산하는 비극
908,경제 금융 경제학(최종 550).hwpx,경제 금융 경제학,908,Working Age Population(생산가능인구): 국가 경제의 허리를 담당하며 실제로 경제 활동을 하고 세금을 낼 수 있는 만 15세 이상 64세 이하의 핵심 청장년층 인구
909,경제 금융 경제학(최종 550).hwpx,경제 금융 경제학,909,Working Capital(운전 자본): 회사를 하루하루 안 멈추고 굴러가게 만드는 데 필수적인 유동 현금 자산
910,경제 금융 경제학(최종 550).hwpx,경제 금융 경제학,910,"World Bank(WB, 세계은행): 개발도상국의 경제 발전과 빈곤 퇴치를 목적으로 자금을 빌려주는 국제 다자개발은행"
911,경제 금융 경제학(최종 550).hwpx,경제 금융 경제학,911,"World Trade Organization(WTO, 세계무역기구): 전 세계 160개가 넘는 국가들이 모여 자유무역을 방해하는 관세 장벽을 허물도록 강제하고 국가 간의 치열한 무역 분쟁이 터지면 법원처럼 판결을 내려주는 글로벌 경제 경찰"
912,경제 금융 경제학(최종 550).hwpx,경제 금융 경제학,912,"Yield Curve(수익률 곡선): 보통 만기가 짧은 국채는 이자가 낮고 만기가 긴 10년짜리 국채는 이자가 높은데, 이 만기와 이자율(수익률)의 관계를 그래프로 그린 선 (이 선이 거꾸로 뒤집히면 경제 대공황의 불길한 전조로 읽힘)"
913,경제 금융 경제학(최종 550).hwpx,경제 금융 경제학,913,"Yield to Maturity(YTM, 만기 수익률): 지금 채권을 사서 중간에 안 팔고 만기일까지 끝까지 꽉 쥐고 버텼을 때, 내가 원금과 이자를 싹 다 합쳐서 최종적으로 얻게 되는 진짜 알짜 연평균 수익률"
914,경제 금융 경제학(최종 550).hwpx,경제 금융 경제학,914,Yield(수익률/이자율): 주식 배당금이나 채권 이자처럼 투자한 금액 대비 실제로 돌아오는 수익의 비율
915,경제 금융 경제학(최종 550).hwpx,경제 금융 경제학,915,"Zero Bound(제로 하한): 중앙은행이 불황을 살리려고 기준금리를 0%까지 미친 듯이 깎아 내렸는데, 그 밑으로(마이너스) 더 내릴 수는 없어 통화정책의 총알이 바닥나고 벽에 부딪혀버린 암담한 한계 상황"
916,경제 금융 경제학(최종 550).hwpx,경제 금융 경제학,916,"Zero-Base Budgeting(영기준 예산): 작년에 이 부서에서 예산 10억을 썼으니 올해는 물가 올려서 11억 주자는 식의 구태의연한 관행을 싹 다 박살 내고, 아예 '0원(Zero)'의 백지상태에서 시작해 지금 당장 이 사업이 진짜 필요한지부터 다시 깐깐하게 심사해 예산을 짜는 혁신적 예산 편성법"
917,경제 금융 경제학(최종 550).hwpx,경제 금융 경제학,917,"Zero-coupon Bond(무이표채/할인채): 1년 동안 다달이 이자를 찔끔찔끔 주는 대신, 만기가 1억 원짜리 채권을 지금 당장 9천만 원에 엄청나게 할인해서 쿨하게 팔아버린 뒤 만기 날에 이자 없이 원금 1억 원만 딱 돌려주는 화끈한 채권"
918,경제 금융 경제학(최종 550).hwpx,경제 금융 경제학,918,"Zero-sum Game(제로섬 게임): 한쪽이 딴 돈의 액수와 한쪽이 잃은 돈의 액수가 완벽하게 똑같아서 둘을 합치면 '0'이 되는, 파이를 키우지 못하고 남의 피를 빨아먹어야만 내가 사는 살벌한 도박 같은 경쟁 상태"
919,과학과 기술(20260317).hwpx,과학과 기술,1,"과학과 기술(물리, 화학, 생명과학, 지구과학, 천문학, IT, 소프트웨어, 하드웨어, 통신 등 전반추가 AI, 양자역학, 우주항공, 바이오) 관련 전문 용어 500개"
920,과학과 기술(20260317).hwpx,과학과 기술,2,Absolute Humidity(절대습도): 공기 1세제곱미터 속에 포함된 수증기의 양을 질량으로 나타낸 것
921,과학과 기술(20260317).hwpx,과학과 기술,3,"Absolute Zero(절대영도): 열역학적으로 생각할 수 있는 가장 낮은 온도 (섭씨 -273.15도, 0 켈빈)"
922,과학과 기술(20260317).hwpx,과학과 기술,4,"Absorption(흡수): 물질이 빛, 열, 액체, 기체 등을 내부로 빨아들이는 현상"
923,과학과 기술(20260317).hwpx,과학과 기술,5,Acceleration(가속도): 단위 시간 동안 일어나는 물체의 속도(빠르기와 방향) 변화량
924,과학과 기술(20260317).hwpx,과학과 기술,6,"Acid(산): 수용액 상태에서 수소 이온(H+)을 내놓으며, 신맛이 나고 푸른색 리트머스 종이를 붉게 변화시키는 물질"
925,과학과 기술(20260317).hwpx,과학과 기술,7,"Acoustics(음향학): 소리의 발생, 전달, 수신 등 음파의 모든 현상을 연구하는 물리학의 한 분야"
926,과학과 기술(20260317).hwpx,과학과 기술,8,Activation Energy(활성화 에너지): 화학 반응이 일어나기 위해 반응물이 최소한으로 가져야 하는 에너지 장벽
927,과학과 기술(20260317).hwpx,과학과 기술,9,Active Directory(액티브 디렉토리): 마이크로소프트 윈도우 환경에서 네트워크 자원을 중앙에서 관리하는 서비스
928,과학과 기술(20260317).hwpx,과학과 기술,10,"Actuator(액추에이터): 전기적, 유압적 신호를 물리적인 움직임이나 동력으로 변환하는 구동 장치 (모터 등)"
929,과학과 기술(20260317).hwpx,과학과 기술,11,Adhesion(부착력/접착력): 서로 다른 종류의 물질 표면이 서로 달라붙으려는 분자 간의 당기는 힘
930,과학과 기술(20260317).hwpx,과학과 기술,12,Aerodynamics(공기역학): 공기의 흐름과 공기 속을 운동하는 물체에 작용하는 힘을 연구하는 학문
931,과학과 기술(20260317).hwpx,과학과 기술,13,Aerospace Engineering(항공우주공학): 항공기와 우주선의 설계 및 개발을 연구하는 학문
932,과학과 기술(20260317).hwpx,과학과 기술,14,Agile(애자일): 유연하고 신속하게 변경하며 짧은 주기로 반복 개발하는 소프트웨어 방법론
933,과학과 기술(20260317).hwpx,과학과 기술,15,AGI(범용 인공지능): 인간이 할 수 있는 모든 지적 업무를 스스로 이해하고 수행할 수 있는 궁극의 인공지능
934,과학과 기술(20260317).hwpx,과학과 기술,16,"AI(인공지능): 컴퓨터가 인간의 학습, 추론, 지각 등의 지능적 행동을 모방하고 구현하는 기술"
935,과학과 기술(20260317).hwpx,과학과 기술,17,Albedo(알베도): 천체나 지표면에 도달한 태양 복사 에너지 중 반사되어 나가는 비율
936,과학과 기술(20260317).hwpx,과학과 기술,18,Algorithm(알고리즘): 컴퓨터가 어떤 문제를 해결하기 위해 정해진 일련의 논리적인 절차와 규칙
937,과학과 기술(20260317).hwpx,과학과 기술,19,Allele(대립유전자): 상동 염색체의 같은 위치에 존재하며 동일 형질에 대해 서로 다른 특징을 나타내는 유전자
938,과학과 기술(20260317).hwpx,과학과 기술,20,Alloy(합금): 두 종류 이상의 금속을 녹여 섞어 원래보다 우수한 성질을 갖게 한 물질
939,과학과 기술(20260317).hwpx,과학과 기술,21,"Alternating Current(AC, 교류): 시간에 따라 주기적으로 크기와 흐르는 방향이 계속 바뀌는 전류"
940,과학과 기술(20260317).hwpx,과학과 기술,22,Amino Acid(아미노산): 펩타이드 결합을 통해 단백질을 구성하는 가장 기본적인 단위 분자
941,과학과 기술(20260317).hwpx,과학과 기술,23,Amplitude(진폭): 파동이 진동할 때 중심(평형) 위치에서 최대로 이동한 거리
942,과학과 기술(20260317).hwpx,과학과 기술,24,Analog(아날로그): 시간의 흐름에 따라 연속적으로 변화하는 물리량을 그대로 표현하는 방식
943,과학과 기술(20260317).hwpx,과학과 기술,25,"Anatomy(해부학): 생물체의 구조와 형태, 각 기관의 위치와 상호 관계를 연구하는 생물학 분야"
944,과학과 기술(20260317).hwpx,과학과 기술,26,Android(안드로이드): 구글이 리눅스 커널을 기반으로 개발한 개방형 모바일 운영체제(OS)
945,과학과 기술(20260317).hwpx,과학과 기술,27,Anion(음이온): 중성인 원자가 전자를 얻어서 전체적으로 마이너스(-) 전하를 띠게 된 입자
946,과학과 기술(20260317).hwpx,과학과 기술,28,Antibody(항체): 면역계의 B세포가 항원을 인식하고 무력화하기 위해 생성하는 단백질
947,과학과 기술(20260317).hwpx,과학과 기술,29,Antigen(항원): 체내에 침입하여 면역 반응을 자극하고 항체를 생성하게 만드는 외부 이물질
948,과학과 기술(20260317).hwpx,과학과 기술,30,Antimatter(반물질): 일반 입자와 질량은 같지만 전하가 정반대인 반입자들로 이루어진 물질
949,과학과 기술(20260317).hwpx,과학과 기술,31,API(응용 프로그램 인터페이스): 소프트웨어의 기능을 다른 프로그램에서 쉽게 가져다 쓸 수 있도록 연결해 주는 규약
950,과학과 기술(20260317).hwpx,과학과 기술,32,Applet(애플릿): 다른 응용 프로그램 안에 삽입되어 실행되는 작고 간단한 자바 프로그램
951,과학과 기술(20260317).hwpx,과학과 기술,33,Architecture(아키텍처): 컴퓨터 시스템이나 소프트웨어를 구성하는 기본 구조 및 설계 방식
952,과학과 기술(20260317).hwpx,과학과 기술,34,"Artificial Neural Network(ANN, 인공신경망): 인간 뇌의 뉴런 구조를 모방하여 패턴을 인식하고 학습하게 만든 알고리즘"
953,과학과 기술(20260317).hwpx,과학과 기술,35,AR/VR(증강/가상현실): 현실 배경에 가상 이미지를 겹치는 기술(AR)과 100% 가상 세계를 체험하는 기술(VR)
954,과학과 기술(20260317).hwpx,과학과 기술,36,Asteroid(소행성): 태양 주위를 돌며 행성보다 훨씬 작고 불규칙한 모양을 한 암석 덩어리 천체
955,과학과 기술(20260317).hwpx,과학과 기술,37,Astrobiology(우주생물학): 우주 환경에서 생명체 탄생 조건과 외계 생명체 존재 가능성을 탐구하는 학문
956,과학과 기술(20260317).hwpx,과학과 기술,38,"Astrophysics(천체물리학): 물리 법칙을 적용하여 천체의 기원, 진화, 물리적 성질을 연구하는 천문학 분야"
957,과학과 기술(20260317).hwpx,과학과 기술,39,Atmosphere(대기): 지구를 비롯한 천체의 표면을 중력에 의해 붙잡혀 둘러싸고 있는 여러 기체의 혼합 층
958,과학과 기술(20260317).hwpx,과학과 기술,40,Atmospheric Pressure(기압): 대기권에 있는 공기의 무게 때문에 지표면 단위 면적에 내리누르는 압력
959,과학과 기술(20260317).hwpx,과학과 기술,41,"Atom(원자): 물질을 구성하는 기본 입자로, 원자핵과 그 주위를 도는 전자로 구성됨"
960,과학과 기술(20260317).hwpx,과학과 기술,42,"Atomic Number(원자 번호): 원자핵 속에 들어 있는 양성자의 개수로, 화학 원소의 종류를 결정함"
961,과학과 기술(20260317).hwpx,과학과 기술,43,Attenuation(감쇠): 파동이나 신호가 매질을 통과하면서 그 세기나 진폭이 점점 약해지는 현상
962,과학과 기술(20260317).hwpx,과학과 기술,44,Aurora(오로라): 태양 대전 입자가 지구 자기장에 이끌려 대기 상층부 기체와 충돌하며 빛을 내는 현상
963,과학과 기술(20260317).hwpx,과학과 기술,45,Autonomous Vehicle(자율주행차): 센서와 AI를 이용해 운전자의 조작 없이 스스로 주행하는 자동차
964,과학과 기술(20260317).hwpx,과학과 기술,46,Avogadro's Number(아보가드로수): 1몰의 물질 속에 들어 있는 입자 수 (약 6.022 × 10^23개)
965,과학과 기술(20260317).hwpx,과학과 기술,47,Axis of Rotation(자전축): 천체나 물체가 자전할 때 회전의 중심이 되어 관통하는 가상의 직선
966,과학과 기술(20260317).hwpx,과학과 기술,48,"Backend(백엔드): 서버, 데이터베이스 등 사용자의 눈에 보이지 않는 내부 로직과 데이터 처리를 담당하는 영역"
967,과학과 기술(20260317).hwpx,과학과 기술,49,Background Radiation(우주 배경 복사): 빅뱅 직후에 발생하여 현재 전 우주 공간에 균일하게 관측되는 전자기파
968,과학과 기술(20260317).hwpx,과학과 기술,50,"Bacteria(박테리아/세균): 핵막이 없는 단세포 원핵생물로, 분열을 통해 번식하며 환경의 분해자 역할을 함"
969,과학과 기술(20260317).hwpx,과학과 기술,51,Bandwidth(대역폭): 통신 채널을 통해 일정 시간 동안 전송할 수 있는 데이터의 최대 용량
970,과학과 기술(20260317).hwpx,과학과 기술,52,Barometer(기압계): 대기의 압력을 측정하여 날씨 변화나 고도를 예측하는 데 사용되는 기구
971,과학과 기술(20260317).hwpx,과학과 기술,53,"Base(염기): 수용액 상태에서 수산화 이온(OH-)을 내놓으며, 쓴맛이 나고 미끌미끌한 물질"
972,과학과 기술(20260317).hwpx,과학과 기술,54,Battery(배터리/전지): 화학 에너지를 전기 에너지로 변환하여 전력을 저장하고 방출하는 장치
973,과학과 기술(20260317).hwpx,과학과 기술,55,"Benthos(저서생물): 바다나 강, 호수의 바닥(해저면)에 서식하는 생물들의 총칭"
974,과학과 기술(20260317).hwpx,과학과 기술,56,"Big Bang(빅뱅/대폭발): 우주가 초고온, 초고밀도의 한 점에서 대폭발을 일으켜 시작되었다는 우주론"
975,과학과 기술(20260317).hwpx,과학과 기술,57,Big Data(빅데이터): 규모가 방대하고 형태가 복잡하여 기존 도구로 분석하기 어려운 데이터 집합
976,과학과 기술(20260317).hwpx,과학과 기술,58,Binary(이진법): 0과 1 두 개의 숫자만을 사용하여 모든 정보를 표현하는 컴퓨터의 기본 진법
977,과학과 기술(20260317).hwpx,과학과 기술,59,Biochemistry(생화학): 생명체 내에서 일어나는 화학 반응과 물질대사를 분자 수준에서 연구하는 학문
978,과학과 기술(20260317).hwpx,과학과 기술,60,Biodegradable(생분해성): 미생물 등에 의해 자연적인 상태로 분해되어 썩어 없어질 수 있는 환경 친화적 성질
979,과학과 기술(20260317).hwpx,과학과 기술,61,"Biodiversity(생물 다양성): 생물종의 다양성, 유전자의 다양성, 생태계의 다양성을 모두 포함하는 개념"
980,과학과 기술(20260317).hwpx,과학과 기술,62,Bioethics(생명윤리): 생명공학 기술 발달이 인간의 생명과 존엄성에 미치는 영향을 다루는 윤리학
981,과학과 기술(20260317).hwpx,과학과 기술,63,Bioinformatics(생물정보학): 생물학적 데이터를 컴퓨터 과학 및 통계학을 활용하여 분석하고 저장하는 학문
982,과학과 기술(20260317).hwpx,과학과 기술,64,Biomass(바이오매스): 에너지 생산 연료로 쓰일 수 있는 식물과 동물 등 모든 생물 자원
983,과학과 기술(20260317).hwpx,과학과 기술,65,Biome(생물군계): 기후 조건에 따라 비슷한 동식물 군집이 형성된 거대한 지역적 생태계
984,과학과 기술(20260317).hwpx,과학과 기술,66,Bionics(생체공학): 생물체의 구조나 기능 원리를 연구하여 기계 공학 등 공학적 문제 해결에 응용하는 기술
985,과학과 기술(20260317).hwpx,과학과 기술,67,Biosphere(생물권): 지구상에서 생명체가 실제로 존재하고 서식하고 있는 모든 영역의 총합
986,과학과 기술(20260317).hwpx,과학과 기술,68,"Biotechnology(생명공학): 생물체를 조작하고 활용하여 의약품, 식량 등을 상업적으로 개발하는 학문"
987,과학과 기술(20260317).hwpx,과학과 기술,69,Black Hole(블랙홀): 중력이 무한대에 가까워 빛조차 빠져나갈 수 없는 우주 공간의 시공간 영역
988,과학과 기술(20260317).hwpx,과학과 기술,70,Blockchain(블록체인): 데이터를 분산 저장하여 위변조를 막는 탈중앙화 기술
989,과학과 기술(20260317).hwpx,과학과 기술,71,Bluetooth(블루투스): 휴대 기기들을 근거리에서 무선 전파로 연결해 데이터를 교환하는 통신 표준 기술
990,과학과 기술(20260317).hwpx,과학과 기술,72,Boiling Point(끓는점): 액체의 증기압이 외부 대기압과 같아져 내부에서 기화가 시작될 때의 온도
991,과학과 기술(20260317).hwpx,과학과 기술,73,Boson(보손): 우주의 기본 힘을 매개하여 입자들 사이에서 힘을 전달하는 소립자들
992,과학과 기술(20260317).hwpx,과학과 기술,74,"Botany(식물학): 식물의 구조, 성장, 분류, 생태적 역할 등을 연구하는 생물학의 한 분과"
993,과학과 기술(20260317).hwpx,과학과 기술,75,Browser(브라우저): 웹 서버와 통신하여 웹 문서와 미디어를 해석해 화면에 보여주는 소프트웨어
994,과학과 기술(20260317).hwpx,과학과 기술,76,Buffer Solution(완충용액): 산이나 염기를 소량 가하더라도 pH가 급격하게 변하지 않는 용액
995,과학과 기술(20260317).hwpx,과학과 기술,77,Bug(버그): 소프트웨어의 코딩 오류나 하드웨어 결함으로 프로그램이 오작동하는 현상
996,과학과 기술(20260317).hwpx,과학과 기술,78,Buoyancy(부력): 유체 속에 있는 물체가 밀어낸 유체의 무게만큼 위로 밀어 올려지는 힘
997,과학과 기술(20260317).hwpx,과학과 기술,79,"Byte(바이트): 컴퓨터 데이터 처리 기본 단위로, 8개의 비트(bit)가 모여 1바이트를 구성함"
998,과학과 기술(20260317).hwpx,과학과 기술,80,C(C Language): 운영체제나 시스템 제어 등에 널리 쓰이는 절차 지향적 프로그래밍 언어
999,과학과 기술(20260317).hwpx,과학과 기술,81,C++(C Plus Plus): C 언어에 객체 지향 프로그래밍(OOP) 개념을 추가한 언어
1000,과학과 기술(20260317).hwpx,과학과 기술,82,Cache(캐시): CPU와 RAM 사이의 속도 차이를 줄이기 위해 자주 쓰는 데이터를 임시 저장하는 메모리
1001,과학과 기술(20260317).hwpx,과학과 기술,83,CAD(컴퓨터 지원 설계): 컴퓨터 소프트웨어를 이용하여 정밀한 도면을 설계하고 시뮬레이션하는 기술
1002,과학과 기술(20260317).hwpx,과학과 기술,84,Capillary Action(모세관 현상): 액체가 가느다란 관의 내벽을 타고 중력을 거슬러 스스로 이동하는 현상
1003,과학과 기술(20260317).hwpx,과학과 기술,85,"Carbohydrate(탄수화물): 생명체의 주된 에너지원으로 쓰이는 탄소, 수소, 산소 구성 유기 화합물"
1004,과학과 기술(20260317).hwpx,과학과 기술,86,"Carbon Credit(탄소배출권): 일정량의 온실가스를 배출할 수 있는 권리로, 시장에서 거래가 가능함"
1005,과학과 기술(20260317).hwpx,과학과 기술,87,"Carbon Cycle(탄소 순환): 탄소가 대기, 생물, 해양, 지각 등을 거치며 지구 환경을 순환하는 과정"
1006,과학과 기술(20260317).hwpx,과학과 기술,88,Carbon Footprint(탄소 발자국): 상품 생산과 소비 과정에서 발생하는 온실가스의 총량
1007,과학과 기술(20260317).hwpx,과학과 기술,89,Carbon Nanotube(탄소 나노튜브): 탄소 원자들이 결합하여 원통형 구조를 이룬 나노 물질 (강철보다 강하고 전도성 높음)
1008,과학과 기술(20260317).hwpx,과학과 기술,90,Carnivore(육식동물): 주로 다른 동물을 사냥하여 잡아먹고 살아가는 생물
1009,과학과 기술(20260317).hwpx,과학과 기술,91,Catalyst(촉매): 자신은 변하지 않으면서 화학 반응 속도를 빠르게 하거나 느리게 변화시키는 물질
1010,과학과 기술(20260317).hwpx,과학과 기술,92,"Cathode(음극): 전류가 흘러나가는 전극, 또는 환원 반응이 일어나는 전극"
1011,과학과 기술(20260317).hwpx,과학과 기술,93,"CDMO(위탁개발생산): 약품 개발부터 세포주 배양, 임상 약품 생산까지 대행해 주는 위탁 사업"
1012,과학과 기술(20260317).hwpx,과학과 기술,94,Cell Membrane(세포막): 세포 내부를 보호하고 필요한 물질의 출입을 통제하는 선택적 투과막
1013,과학과 기술(20260317).hwpx,과학과 기술,95,"Cell Wall(세포벽): 식물, 세균 등의 세포막 바깥쪽에 존재하여 형태를 유지하고 보호하는 단단한 층"
1014,과학과 기술(20260317).hwpx,과학과 기술,96,Cell(세포): 생명체를 구성하는 가장 기본적인 구조적·기능적 최소 단위
1015,과학과 기술(20260317).hwpx,과학과 기술,97,Center of Mass(질량 중심): 물체의 모든 질량이 한 곳에 모여 있는 것처럼 간주할 수 있는 가상의 중심점
1016,과학과 기술(20260317).hwpx,과학과 기술,98,Centrifugal Force(원심력): 원운동을 하는 관찰자가 느낄 때 중심 밖으로 튕겨 나가려 하는 가상의 힘
1017,과학과 기술(20260317).hwpx,과학과 기술,99,Centripetal Force(구심력): 물체가 원운동을 유지할 수 있도록 원의 중심을 향해 작용하는 실제 힘
1018,과학과 기술(20260317).hwpx,과학과 기술,100,Centrifuge(원심분리기): 고속 회전의 원심력을 이용해 용액 속 물질을 밀도에 따라 분리하는 장치
1019,과학과 기술(20260317).hwpx,과학과 기술,101,Chain Reaction(연쇄 반응): 한 반응의 결과물이 다음 반응의 원인이 되어 연속적으로 일어나는 반응
1020,과학과 기술(20260317).hwpx,과학과 기술,102,Chaos Theory(카오스 이론): 초기 조건의 미세한 변화가 결과에 예측 불가능한 큰 파장을 미치는 복잡계 연구 이론
1021,과학과 기술(20260317).hwpx,과학과 기술,103,Charge(전하): 입자가 띠고 있는 전기적인 성질이나 정전기의 양 (양전하와 음전하)
1022,과학과 기술(20260317).hwpx,과학과 기술,104,Chemical Bond(화학 결합): 원자들이 전자를 주고받거나 공유하여 안정된 화합물을 형성하는 현상
1023,과학과 기술(20260317).hwpx,과학과 기술,105,Chloroplast(엽록체): 엽록소를 함유하여 빛 에너지를 흡수해 광합성이 일어나는 식물 세포 내 소기관
1024,과학과 기술(20260317).hwpx,과학과 기술,106,Chromatin(염색사): 세포핵 속에 DNA와 단백질이 실처럼 복잡하게 얽혀 있는 유전 물질의 구조
1025,과학과 기술(20260317).hwpx,과학과 기술,107,Chromosome(염색체): 세포 분열 시 유전 정보를 나누기 위해 염색사가 X자 모양으로 응축된 구조물
1026,과학과 기술(20260317).hwpx,과학과 기술,108,Circuit(회로): 전류가 끊기지 않고 한 바퀴 돌아 흐를 수 있도록 만든 닫힌 경로
1027,과학과 기술(20260317).hwpx,과학과 기술,109,Climate Change(기후 변화): 온실가스 배출 등으로 인해 지구의 평균 기온과 날씨 패턴이 변하는 현상
1028,과학과 기술(20260317).hwpx,과학과 기술,110,CLI(명령줄 인터페이스): 텍스트 명령어를 직접 타이핑하여 컴퓨터를 조작하는 방식
1029,과학과 기술(20260317).hwpx,과학과 기술,111,Client(클라이언트): 서버에 데이터나 서비스를 요청하고 결과를 받아서 사용자에게 보여주는 프로그램
1030,과학과 기술(20260317).hwpx,과학과 기술,112,Cloning(복제): 체세포 핵 이식 등을 통해 원래 개체와 유전적으로 동일한 개체를 만드는 기술
1031,과학과 기술(20260317).hwpx,과학과 기술,113,Cloud Computing(클라우드 컴퓨팅): 인터넷을 통해 원격 서버의 저장 공간과 소프트웨어를 빌려 쓰는 서비스
1032,과학과 기술(20260317).hwpx,과학과 기술,114,Cohesion(응집력): 같은 종류의 분자들끼리 서로 끌어당겨 뭉치게 만드는 힘
1033,과학과 기술(20260317).hwpx,과학과 기술,115,"Comet(혜성): 얼음과 가스, 먼지로 이루어져 태양 주위를 돌며 긴 꼬리를 뿜어내는 천체"
1034,과학과 기술(20260317).hwpx,과학과 기술,116,Compiler(컴파일러): 고급 언어 코드를 컴퓨터가 알아듣는 기계어로 번역해 실행 파일을 만드는 프로그램
1035,과학과 기술(20260317).hwpx,과학과 기술,117,Compound(화합물): 두 종류 이상의 원소가 화학적 결합을 통해 새로운 성질을 갖게 된 물질
1036,과학과 기술(20260317).hwpx,과학과 기술,118,Computer Vision(컴퓨터 비전): AI가 시각적 이미지나 동영상으로부터 객체를 식별하고 분석하는 기술
1037,과학과 기술(20260317).hwpx,과학과 기술,119,Conduction(전도): 고체 내부에서 입자 간 충돌을 통해 열 에너지나 전기가 이동하는 현상
1038,과학과 기술(20260317).hwpx,과학과 기술,120,Constellation(별자리): 밤하늘의 별들을 연결하여 신화 속 인물이나 동물의 이름을 붙인 구역
1039,과학과 기술(20260317).hwpx,과학과 기술,121,Container(컨테이너): 앱 실행 환경을 하나로 묶어 어떤 운영체제에서도 동일하게 구동시키는 가상화 기술
1040,과학과 기술(20260317).hwpx,과학과 기술,122,Continental Shelf(대륙붕): 대륙 가장자리에서 연장된 수심 200m 이내의 완만한 해저 지형
1041,과학과 기술(20260317).hwpx,과학과 기술,123,Convection(대류): 액체나 기체에서 입자가 직접 순환하며 열을 전달하는 현상
1042,과학과 기술(20260317).hwpx,과학과 기술,124,"Core(핵 / 코어): 지구 내부의 중심부 층, 혹은 컴퓨터 CPU의 실제 연산 처리 핵심 단위"
1043,과학과 기술(20260317).hwpx,과학과 기술,125,Coriolis Effect(전향력): 지구 자전으로 인해 이동하는 바람이나 해류의 방향이 휘어지게 만드는 가상의 힘
1044,과학과 기술(20260317).hwpx,과학과 기술,126,"Cosmology(우주론): 우주의 기원, 구조, 팽창, 진화 및 결말을 물리·수학적으로 연구하는 학문"
1045,과학과 기술(20260317).hwpx,과학과 기술,127,Covalent Bond(공유결합): 원자들이 바깥 껍질 전자를 서로 공유함으로써 형성되는 강력한 화학 결합
1046,과학과 기술(20260317).hwpx,과학과 기술,128,CPU(중앙처리장치): 데이터를 연산하고 다른 하드웨어 장치를 제어하는 컴퓨터의 핵심 두뇌
1047,과학과 기술(20260317).hwpx,과학과 기술,129,Crust(지각): 지구의 겉부분을 가장 얇게 덮고 있는 단단한 암석층
1048,과학과 기술(20260317).hwpx,과학과 기술,130,Cryptography(암호학): 데이터를 암호화하여 권한 있는 자만 해독할 수 있게 하는 정보 보안 학문
1049,과학과 기술(20260317).hwpx,과학과 기술,131,"CSS: 웹 문서의 폰트, 색상, 레이아웃 등 시각적 디자인을 제어하는 스타일 시트 언어"
1050,과학과 기술(20260317).hwpx,과학과 기술,132,"Cyber Security(사이버 보안): 디지털 공격으로부터 네트워크, 소프트웨어, 데이터를 안전하게 보호하는 모든 기술"
1051,과학과 기술(20260317).hwpx,과학과 기술,133,Cytoplasm(세포질): 세포핵을 제외하고 세포막 안쪽을 채우고 있는 젤리 형태의 물질
1052,과학과 기술(20260317).hwpx,과학과 기술,134,Dark Energy(암흑 에너지): 우주 팽창 속도를 가속시키는 정체불명의 강력한 척력 에너지
1053,과학과 기술(20260317).hwpx,과학과 기술,135,Dark Matter(암흑 물질): 눈에 보이지 않지만 거대한 중력을 행사하여 은하를 유지하는 미지의 물질
1054,과학과 기술(20260317).hwpx,과학과 기술,136,Data Mining(데이터 마이닝): 방대한 데이터 속에서 AI와 통계학을 이용해 유용한 패턴과 규칙을 찾아내는 과정
1055,과학과 기술(20260317).hwpx,과학과 기술,137,Database(데이터베이스): 수많은 데이터를 체계적으로 구조화하여 통합 저장하고 관리하는 데이터 집합
1056,과학과 기술(20260317).hwpx,과학과 기술,138,"DBMS: 데이터베이스를 저장, 검색, 수정, 삭제하며 관리하는 소프트웨어 엔진"
1057,과학과 기술(20260317).hwpx,과학과 기술,139,Debugging(디버깅): 소프트웨어나 하드웨어의 오류인 버그(Bug)를 추적하여 수정하는 과정
1058,과학과 기술(20260317).hwpx,과학과 기술,140,Deep Learning(딥러닝): 인간 뇌의 신경망 구조를 모방한 층을 통해 스스로 학습하는 최첨단 AI 기술
1059,과학과 기술(20260317).hwpx,과학과 기술,141,Deep Seek(딥시크): 추론 및 코딩 능력이 뛰어난 중국의 오픈 소스 기반 대규모 언어 모델(LLM)
1060,과학과 기술(20260317).hwpx,과학과 기술,142,Density(밀도): 물질의 일정한 부피 안에 들어가 있는 질량의 크기
1061,과학과 기술(20260317).hwpx,과학과 기술,143,Desktop(데스크톱): 책상 위에 고정된 자리에서 전원을 꽂아 쓰는 개인용 PC
1062,과학과 기술(20260317).hwpx,과학과 기술,144,DevOps(데브옵스): 개발과 운영을 통합하여 소프트웨어 개발 및 업데이트를 자동화·협업하는 문화
1063,과학과 기술(20260317).hwpx,과학과 기술,145,Dew Point(이슬점): 수증기가 포화 상태에 도달해 물방울로 맺히기 시작하는 온도
1064,과학과 기술(20260317).hwpx,과학과 기술,146,Diffraction(회절): 파동이 장애물 뒤쪽으로 부채꼴 모양으로 휘어져 퍼져 나가는 현상
1065,과학과 기술(20260317).hwpx,과학과 기술,147,Diffusion(확산): 입자들이 스스로 운동하여 고농도에서 저농도로 퍼져 나가는 현상
1066,과학과 기술(20260317).hwpx,과학과 기술,148,Digestion(소화): 섭취한 영양소를 흡수 가능한 크기로 잘게 쪼개고 분해하는 과정
1067,과학과 기술(20260317).hwpx,과학과 기술,149,Digital Twin(디지털 트윈): 현실 세계의 사물을 컴퓨터 가상 공간에 동일하게 복제하여 시뮬레이션하는 기술
1068,과학과 기술(20260317).hwpx,과학과 기술,150,Diode(다이오드): 전류를 한쪽 방향으로만 흐르게 하고 반대 방향은 차단하는 반도체 소자
1069,과학과 기술(20260317).hwpx,과학과 기술,151,"Direct Current(DC, 직류): 전류의 흐름과 전압의 크기가 일정한 전류"
1070,과학과 기술(20260317).hwpx,과학과 기술,152,Dispersion(분산): 빛이 매질을 통과할 때 파장에 따라 굴절률이 달라 무지개색으로 나뉘는 현상
1071,과학과 기술(20260317).hwpx,과학과 기술,153,DNA: 생명체의 모든 유전 정보를 염기 배열 순서로 기록하여 보관하는 이중 나선 핵산
1072,과학과 기술(20260317).hwpx,과학과 기술,154,DNS: 도메인 이름을 컴퓨터가 찾아갈 수 있는 숫자 IP 주소로 변환해 주는 시스템
1073,과학과 기술(20260317).hwpx,과학과 기술,155,Domain(도메인): 특정 웹 서버의 위치인 숫자 IP 주소 대신 사용하는 영문 이름 체계
1074,과학과 기술(20260317).hwpx,과학과 기술,156,Doppler Effect(도플러 효과): 파원과 관측자의 거리 변화에 따라 관측되는 진동수가 변하는 현상
1075,과학과 기술(20260317).hwpx,과학과 기술,157,Dynamics(역학): 힘이 가해진 물체의 운동 상태 변화와 인과관계를 연구하는 물리학 분야
1076,과학과 기술(20260317).hwpx,과학과 기술,158,Earth Observing System(지구 관측 시스템): 위성을 통해 지표면과 대기를 24시간 장기 관측하는 감시 프로그램
1077,과학과 기술(20260317).hwpx,과학과 기술,159,Earthquake(지진): 지각 내부 에너지의 한순간 방출로 인해 지표면이 심하게 흔들리는 현상
1078,과학과 기술(20260317).hwpx,과학과 기술,160,Eclipse(식 / 일식·월식): 우주 공간에서 천체들이 늘어서며 한 천체가 다른 천체에 가려지는 현상
1079,과학과 기술(20260317).hwpx,과학과 기술,161,Ecology(생태학): 생물들끼리의 먹이 관계와 생물과 무기 환경 사이의 상호작용을 연구하는 학문
1080,과학과 기술(20260317).hwpx,과학과 기술,162,Ecosystem(생태계): 특정 공간 안의 생물 군집과 무기 환경이 물질과 에너지를 순환하는 체계
1081,과학과 기술(20260317).hwpx,과학과 기술,163,Edge Computing(엣지 컴퓨팅): 데이터 발생 기기 근처에서 즉시 분석 처리하여 지연 시간을 없애는 기술
1082,과학과 기술(20260317).hwpx,과학과 기술,164,Elasticity(탄성): 변형된 물체가 외부 힘이 사라졌을 때 원래 모양으로 되돌아가려는 성질
1083,과학과 기술(20260317).hwpx,과학과 기술,165,Electric Current(전류): 전위차에 의해 도선을 따라 이동하는 전하의 흐름 (단위: A)
1084,과학과 기술(20260317).hwpx,과학과 기술,166,Electric Field(전기장): 전하 주변 공간에 전기력이 미치고 있는 영향권 공간
1085,과학과 기술(20260317).hwpx,과학과 기술,167,Electromagnetic Wave(전자기파): 전기장과 자기장이 교차하며 우주 공간으로 퍼져 나가는 파동 (빛 등)
1086,과학과 기술(20260317).hwpx,과학과 기술,168,Electron(전자): 원자핵 주위를 돌며 마이너스(-) 전하를 띠고 있는 가벼운 기본 입자
1087,과학과 기술(20260317).hwpx,과학과 기술,169,Element(원소): 어떠한 화학적 방법으로도 더 쪼갤 수 없는 물질의 가장 기본 성분
1088,과학과 기술(20260317).hwpx,과학과 기술,170,El Niño(엘니뇨): 적도 무역풍이 약해지며 동태평양 해수면 온도가 평년보다 높아지는 현상
1089,과학과 기술(20260317).hwpx,과학과 기술,171,Embryology(발생학): 수정란이 분열과 분화를 거쳐 완전한 개체로 자라나는 과정을 연구하는 학문
1090,과학과 기술(20260317).hwpx,과학과 기술,172,Encryption(암호화): 데이터를 권한 없는 자가 읽을 수 없도록 복잡한 알고리즘으로 변환하는 과정
1091,과학과 기술(20260317).hwpx,과학과 기술,173,Endocrine System(내분비계): 호르몬을 체액 속으로 분비하여 신체의 성장과 대사를 조절하는 시스템
1092,과학과 기술(20260317).hwpx,과학과 기술,174,Endothermic Reaction(흡열 반응): 화학 반응 중 주위 환경으로부터 열 에너지를 흡수하는 반응
1093,과학과 기술(20260317).hwpx,과학과 기술,175,Energy(에너지): 물리학에서 역학적인 일을 할 수 있는 잠재적인 능력의 총칭
1094,과학과 기술(20260317).hwpx,과학과 기술,176,Enthalpy(엔탈피): 일정한 기압 하에서 어떤 물질계가 품고 있는 총 열에너지의 양
1095,과학과 기술(20260317).hwpx,과학과 기술,177,Entropy(엔트로피): 자연 현상이 항상 무질서한 상태로 변화하려 한다는 정도를 나타내는 척도
1096,과학과 기술(20260317).hwpx,과학과 기술,178,Enzyme(효소): 생물체 내에서 단백질 촉매제로 작용하여 화학 반응 속도를 빠르게 돕는 물질
1097,과학과 기술(20260317).hwpx,과학과 기술,179,Epicenter(진앙): 지하의 진원에서 수직으로 올라온 지표면의 한 지점
1098,과학과 기술(20260317).hwpx,과학과 기술,180,Equator(적도): 북극과 남극의 중간에서 지구의 자전축에 수직인 가상의 중심선 (위도 0도)
1099,과학과 기술(20260317).hwpx,과학과 기술,181,"Erosion(침식): 지표의 암석이나 흙이 물, 바람 등의 자연력에 의해 깎여 나가는 현상"
1100,과학과 기술(20260317).hwpx,과학과 기술,182,Escape Velocity(탈출 속도): 중력을 이겨내고 우주 공간으로 날아가기 위해 필요한 최소 속도
1101,과학과 기술(20260317).hwpx,과학과 기술,183,"ESG: 기업의 환경 보호(E), 사회적 책임(S), 지배구조(G)를 중시하는 지속 가능성 투자 지표"
1102,과학과 기술(20260317).hwpx,과학과 기술,184,Ether(에테르): 과거 빛의 전달 매질로 가정되었으나 아인슈타인에 의해 부정된 가상의 물질
1103,과학과 기술(20260317).hwpx,과학과 기술,185,Ethernet(이더넷): 유선 케이블을 통해 기기들을 연결하는 가장 표준화된 근거리 통신망(LAN) 기술
1104,과학과 기술(20260317).hwpx,과학과 기술,186,Event Horizon(사건의 지평선): 블랙홀에서 빛조차 빠져나올 수 없는 돌아올 수 없는 경계면
1105,과학과 기술(20260317).hwpx,과학과 기술,187,Evolution(진화): 생물 집단이 세대를 거치며 환경에 적응하여 유전적 형질이 점진적으로 변하는 과정
1106,과학과 기술(20260317).hwpx,과학과 기술,188,Exoplanet(외계 행성): 태양계 저 너머 다른 항성(별)의 중력에 이끌려 공전하고 있는 행성
1107,과학과 기술(20260317).hwpx,과학과 기술,189,Exothermic Reaction(발열 반응): 화학 반응 중 에너지를 밖으로 뿜어내어 열을 방출하는 반응
1108,과학과 기술(20260317).hwpx,과학과 기술,190,Fabless(팹리스): 제조 공장 없이 반도체 회로 설계와 개발만을 전문으로 하는 기업
1109,과학과 기술(20260317).hwpx,과학과 기술,191,Fault(단층): 지각 변동에 의해 암석 지층이 갈라지며 양쪽 땅덩어리가 어긋난 지질 구조
1110,과학과 기술(20260317).hwpx,과학과 기술,192,"FDA: 미국의 식품, 의약품, 의료기기 안전성을 검증하고 규제하는 연방 최고 기관"
1111,과학과 기술(20260317).hwpx,과학과 기술,193,Fermentation(발효): 미생물이 유기물을 분해하여 인간에게 유익한 젖산이나 알코올을 만드는 과정
1112,과학과 기술(20260317).hwpx,과학과 기술,194,Fiber Optics(광섬유): 투명 유리 섬유 속 전반사 원리를 이용해 레이저 빛으로 데이터를 장거리 전송하는 케이블
1113,과학과 기술(20260317).hwpx,과학과 기술,195,Firmware(펌웨어): 하드웨어를 직접 제어하기 위해 ROM 등에 저장된 기초적인 운영 프로그램
1114,과학과 기술(20260317).hwpx,과학과 기술,196,Firewall(방화벽): 네트워크 사이에서 불법적인 트래픽 침입을 감시하고 차단하는 보안 시스템
1115,과학과 기술(20260317).hwpx,과학과 기술,197,Fission(핵분열): 무거운 원자핵이 쪼개지며 막대한 에너지를 뿜어내는 반응 (원자력 발전의 원리)
1116,과학과 기술(20260317).hwpx,과학과 기술,198,Fluid Dynamics(유체역학): 액체와 기체 등 흐르는 성질을 가진 물질의 운동을 연구하는 물리학 분과
1117,과학과 기술(20260317).hwpx,과학과 기술,199,Force(힘): 물체의 모양을 변형시키거나 운동 상태를 변화시키는 근본 원인 (단위: N)
1118,과학과 기술(20260317).hwpx,과학과 기술,200,Fossil Fuel(화석 연료): 고대 생물 사체가 오랜 시간 열과 압력을 받아 만들어진 탄소 기반 연료
1119,과학과 기술(20260317).hwpx,과학과 기술,201,Fossil(화석): 지질 시대 생물의 유해나 흔적이 지층 속에 남아 돌처럼 굳어진 기록
1120,과학과 기술(20260317).hwpx,과학과 기술,202,Foundry(파운드리): 반도체 설계 도면을 받아 칩을 위탁 생산(제조)만 해주는 거대 전문 기업
1121,과학과 기술(20260317).hwpx,과학과 기술,203,Framework(프레임워크): 앱 개발 시 효율을 위해 미리 세팅된 공통 코드와 구조를 제공하는 개발 틀
1122,과학과 기술(20260317).hwpx,과학과 기술,204,Free Fall(자유 낙하): 공기 저항 없이 오직 중력만을 받아 가속되며 아래로 떨어지는 운동
1123,과학과 기술(20260317).hwpx,과학과 기술,205,Frequency(진동수/주파수): 1초 동안 파동이 완벽한 주기를 반복한 횟수 (단위: Hz)
1124,과학과 기술(20260317).hwpx,과학과 기술,206,Friction(마찰력): 물체의 표면이 맞닿아 미끄러지는 운동을 방해하고 억제하는 저항의 힘
1125,과학과 기술(20260317).hwpx,과학과 기술,207,Front(전선 - 기상학): 성질이 다른 두 기단이 만나서 섞이지 못하고 생기는 거대한 경계면
1126,과학과 기술(20260317).hwpx,과학과 기술,208,Fungus(균류): 광합성을 하지 못하고 유기물에 기생하며 분해하여 영양을 얻는 생물 (버섯 등)
1127,과학과 기술(20260317).hwpx,과학과 기술,209,Fusion(핵융합): 가벼운 원자핵들을 합쳐 무거운 핵이 되면서 막대한 에너지를 내뿜는 현상 (인공태양)
1128,과학과 기술(20260317).hwpx,과학과 기술,210,"Galaxy(은하): 수천억 개의 별, 블랙홀, 가스, 암흑 물질 등이 중력으로 뭉친 거대한 천체 시스템"
1129,과학과 기술(20260317).hwpx,과학과 기술,211,Gamete(배우자 / 생식세포): 유성 생식을 위해 생식 기관에서 특별히 만들어내는 난자와 정자
1130,과학과 기술(20260317).hwpx,과학과 기술,212,Gamma Ray(감마선): 방사능 붕괴 시 나오는 가장 파장이 짧고 에너지가 매우 높은 전자기파
1131,과학과 기술(20260317).hwpx,과학과 기술,213,Gas(기체): 분자 간 결합이 약해 용기를 가득 채우며 자유롭게 팽창·확산되는 물질 상태
1132,과학과 기술(20260317).hwpx,과학과 기술,214,Gene(유전자): 형질을 결정지어 자손에게 물려주는 암호(염기 서열)가 담긴 유전 정보의 단위
1133,과학과 기술(20260317).hwpx,과학과 기술,215,Genetics(유전학): 부모의 형질이 어떻게 다음 세대로 전달되는지 연구하는 생물학 분야
1134,과학과 기술(20260317).hwpx,과학과 기술,216,Genome(유전체/게놈): 한 생물체가 가진 모든 DNA 유전 정보와 염색체 설계도의 총합
1135,과학과 기술(20260317).hwpx,과학과 기술,217,"Geology(지질학): 지구의 구성 물질, 역사, 화산·지진 활동 등을 연구하는 지구과학 분야"
1136,과학과 기술(20260317).hwpx,과학과 기술,218,"Geometry(기하학): 도형의 각도, 면적, 대칭성 등 공간적 성질을 기호와 증명을 통해 다루는 수학"
1137,과학과 기술(20260317).hwpx,과학과 기술,219,Geothermal Energy(지열 에너지): 지구 내부의 마그마나 방사성 원소 붕괴열을 이용하는 재생 에너지
1138,과학과 기술(20260317).hwpx,과학과 기술,220,Glaciation(빙하 작용): 거대 빙하가 형성되어 미끄러져 내려오며 지형을 깎고 쌓는 파괴적 작용
1139,과학과 기술(20260317).hwpx,과학과 기술,221,Global Warming(지구 온난화): 온실가스 증가로 인해 지구 표면의 평균 온도가 비정상적으로 상승하는 현상
1140,과학과 기술(20260317).hwpx,과학과 기술,222,GPS: 위성 신호를 받아 삼각측량 원리로 현재의 정확한 위치 좌표를 알아내는 시스템
1141,과학과 기술(20260317).hwpx,과학과 기술,223,GPU(그래픽처리장치): 대량의 반복 연산을 병렬 처리하는 데 특화되어 AI 딥러닝에 쓰이는 핵심 칩
1142,과학과 기술(20260317).hwpx,과학과 기술,224,Gravity(중력): 질량을 가진 모든 물체가 서로를 끌어당기는 만유인력
1143,과학과 기술(20260317).hwpx,과학과 기술,225,Greenhouse Effect(온실효과): 대기가 지표면의 열을 가두어 지구가 따뜻하게 보온되는 자연 현상
1144,과학과 기술(20260317).hwpx,과학과 기술,226,GUI(그래픽 사용자 인터페이스): 시각적인 요소를 통해 마우스나 터치로 컴퓨터를 조작하는 방식
1145,과학과 기술(20260317).hwpx,과학과 기술,227,Gyroscope(자이로스코프): 고속 회전하는 관성을 이용해 물체의 3차원 기울기와 자세를 측정하는 센서
1146,과학과 기술(20260317).hwpx,과학과 기술,228,Habitat(서식지): 특정 생물이 생존하고 번식하기에 적합한 자연적인 보금자리 공간
1147,과학과 기술(20260317).hwpx,과학과 기술,229,Hacker(해커): 시스템 구조를 깊이 탐구하는 전문가 또는 악질적으로 데이터를 훔치는 침입자
1148,과학과 기술(20260317).hwpx,과학과 기술,230,Half-life(반감기): 방사성 원소나 약물 농도가 원래 양의 절반으로 줄어들 때까지 걸리는 절대적 시간
1149,과학과 기술(20260317).hwpx,과학과 기술,231,Hardware(하드웨어): 컴퓨터나 기기에서 눈에 보이고 손으로 만질 수 있는 물리적인 모든 장치
1150,과학과 기술(20260317).hwpx,과학과 기술,232,HBM(고대역폭 메모리): D램을 수직으로 쌓고 구멍을 뚫어 데이터 처리 속도를 혁신적으로 높인 AI 메모리
1151,과학과 기술(20260317).hwpx,과학과 기술,233,Heat(열): 온도가 높은 곳에서 낮은 곳으로 이동하는 에너지의 한 형태
1152,과학과 기술(20260317).hwpx,과학과 기술,234,Herbivore(초식동물): 식물성 먹이만 뜯어 먹고 소화시키며 살아가도록 특화된 소비자 생물
1153,과학과 기술(20260317).hwpx,과학과 기술,235,Heredity(유전): 생물학적 특징이 유전자 설계도를 통해 자식 세대에게 복사되어 전달되는 현상
1154,과학과 기술(20260317).hwpx,과학과 기술,236,"Hertz(헤르츠, Hz): 파동이 1초 동안 완벽한 주기를 반복하는 횟수를 나타내는 국제 표준 단위"
1155,과학과 기술(20260317).hwpx,과학과 기술,237,"Homeostasis(항상성): 외부 변화에도 체온, 혈당 등 몸속 생리 상태를 일정하게 유지하려는 생물의 성질"
1156,과학과 기술(20260317).hwpx,과학과 기술,238,Hormone(호르몬): 혈액을 타고 이동하여 표적 기관의 대사와 성장을 미세하게 조절하는 화학 물질
1157,과학과 기술(20260317).hwpx,과학과 기술,239,"HTML: 웹 문서의 제목, 이미지 등 뼈대와 구조를 표시하는 가장 기초적인 웹 표준 언어"
1158,과학과 기술(20260317).hwpx,과학과 기술,240,HTTP: 웹 클라이언트와 서버가 정보를 주고받기 위해 약속한 가장 핵심적인 통신 규약
1159,과학과 기술(20260317).hwpx,과학과 기술,241,Humanoid Robot(휴머노이드): 인간의 겉모습과 관절 움직임이 비슷하게 설계된 궁극의 로봇 형태
1160,과학과 기술(20260317).hwpx,과학과 기술,242,Humidity(습도): 대기 중에 포함되어 있는 수증기의 양이나 비율을 나타내는 척도
1161,과학과 기술(20260317).hwpx,과학과 기술,243,Hurricane(허리케인): 최대 풍속 33m/s 이상의 강력한 비바람을 동반하는 북미의 열대성 저기압
1162,과학과 기술(20260317).hwpx,과학과 기술,244,Hybrid(하이브리드): 두 가지 이상의 전혀 다른 기술이나 요소를 혼합하여 효율을 극대화한 시스템
1163,과학과 기술(20260317).hwpx,과학과 기술,245,Hypothesis(가설): 현상을 설명하기 위해 잠정적으로 세워놓은 아직 증명되지 않은 논리적 추측
1164,과학과 기술(20260317).hwpx,과학과 기술,246,IaaS: 서버와 네트워크 장비 인프라 자원을 인터넷으로 빌려 쓰는 클라우드 서비스 모델
1165,과학과 기술(20260317).hwpx,과학과 기술,247,Ice Age(빙하기): 지구 전체 평균 기온이 뚝 떨어져 넓은 지역이 거대 빙하로 덮였던 지질 시대
1166,과학과 기술(20260317).hwpx,과학과 기술,248,Igneous Rock(화성암): 마그마나 용암이 차가운 물이나 공기를 만나 굳어져 만들어진 암석
1167,과학과 기술(20260317).hwpx,과학과 기술,249,Immune System(면역계): 병원체나 외부 이물질이 들어왔을 때 신체를 방어하는 생체 네트워크 시스템
1168,과학과 기술(20260317).hwpx,과학과 기술,250,Impedance(임피던스): 교류 전기 회로에서 전류의 흐름을 복합적으로 방해하는 총 저항값
1169,과학과 기술(20260317).hwpx,과학과 기술,251,Impulse(충격량): 물체에 가해진 힘(F)과 그 힘이 작용한 시간(t)을 곱한 물리량
1170,과학과 기술(20260317).hwpx,과학과 기술,252,"Incubation(부화 / 잠복기): 알을 품어 병아리가 깨어나는 과정, 또는 감염 후 첫 증상이 나타나기 전까지의 기간"
1171,과학과 기술(20260317).hwpx,과학과 기술,253,Inertia(관성): 외부 힘이 없는 한 물체가 현재의 운동 상태를 계속 고집하며 유지하려는 성질
1172,과학과 기술(20260317).hwpx,과학과 기술,254,Infection(감염): 병원성 미생물이 체내 세포에 침입하여 증식하고 질병을 일으키는 현상
1173,과학과 기술(20260317).hwpx,과학과 기술,255,Infrared(적외선): 가시광선보다 파장이 길고 열작용이 강해 야간 투시 등에 쓰이는 전자기파
1174,과학과 기술(20260317).hwpx,과학과 기술,256,"Inorganic Chemistry(무기화학): 탄소 화합물을 제외한 금속, 반도체 등 모든 무기물을 연구하는 화학 분과"
1175,과학과 기술(20260317).hwpx,과학과 기술,257,Insulator(절연체 / 부도체): 자유 전자가 묶여 있어 전하(전기)가 거의 흐르지 못하게 차단하는 물질
1176,과학과 기술(20260317).hwpx,과학과 기술,258,"Integrated Circuit(IC, 집적회로): 기판 위에 수억 개의 전자 소자를 사진 찍듯 새겨넣어 통째로 모은 초소형 칩"
1177,과학과 기술(20260317).hwpx,과학과 기술,259,Interference(간섭): 두 파동이 겹쳐서 진폭이 커지거나(보강) 작아지는(상쇄) 현상
1178,과학과 기술(20260317).hwpx,과학과 기술,260,Internet of Things(사물인터넷/IoT): 세상의 모든 사물에 센서와 통신 칩을 심어 인터넷에 연결하는 기술
1179,과학과 기술(20260317).hwpx,과학과 기술,261,Intranet(인트라넷): 특정 조직 내부 직원들만 사용할 수 있도록 차단되어 구축된 전용 사설 네트워크
1180,과학과 기술(20260317).hwpx,과학과 기술,262,Invertebrate(무척추동물): 등뼈(척추)를 가지고 있지 않아 몸이 흐물흐물하거나 겉껍질이 딱딱한 동물들
1181,과학과 기술(20260317).hwpx,과학과 기술,263,Ion(이온): 전자를 얻거나 잃어서 전기적 성질(전하)을 띠게 된 입자
1182,과학과 기술(20260317).hwpx,과학과 기술,264,Ionic Bond(이온결합): 양이온과 음이온 사이의 강력한 정전기적 인력으로 형성된 화학 결합
1183,과학과 기술(20260317).hwpx,과학과 기술,265,IP: 인터넷망에서 데이터 패킷이 목적지까지 정확히 배달되게 하는 핵심 통신 규약
1184,과학과 기술(20260317).hwpx,과학과 기술,266,IP Address: 네트워크상 기기들을 식별하기 위해 고유하게 부여받는 집 주소 같은 숫자 식별 번호
1185,과학과 기술(20260317).hwpx,과학과 기술,267,Isomer(이성질체): 분자식은 같으나 원자들의 배열과 구조가 달라 성질이 다른 형제 화합물
1186,과학과 기술(20260317).hwpx,과학과 기술,268,Isotope(동위원소): 양성자 수는 같으나 중성자 수가 달라 질량만 차이 나는 같은 원소의 변종들
1187,과학과 기술(20260317).hwpx,과학과 기술,269,Java(자바): 가상 머신 위에서 돌아가 운영체제에 독립적으로 실행되는 객체 지향 프로그래밍 언어
1188,과학과 기술(20260317).hwpx,과학과 기술,270,JavaScript(자바스크립트): 웹 페이지에 동적인 기능을 구현하여 생동감을 불어넣는 프로그래밍 언어
1189,과학과 기술(20260317).hwpx,과학과 기술,271,"Joule(줄, J): 일, 열, 전기가 한 일 등 우주의 모든 형태의 에너지 크기를 측정하는 단위"
1190,과학과 기술(20260317).hwpx,과학과 기술,272,Jupiter(목성): 태양계에서 가장 덩치가 크고 질량이 무거운 가스형 거대 행성
1191,과학과 기술(20260317).hwpx,과학과 기술,273,Kernel(커널): 하드웨어와 소프트웨어 사이에서 자원을 할당하고 제어하는 운영체제의 핵심 심장부
1192,과학과 기술(20260317).hwpx,과학과 기술,274,"Kinematics(운동학): 원인(힘)을 무시하고 오직 물체의 변위, 속도, 가속도의 기하학적 궤적만 연구함"
1193,과학과 기술(20260317).hwpx,과학과 기술,275,Kinetic Energy(운동 에너지): 질량을 가진 물체가 특정 속력으로 운동함으로써 품게 되는 파괴적 에너지
1194,과학과 기술(20260317).hwpx,과학과 기술,276,La Niña(라니냐): 무역풍이 강해지며 동태평양 해수면 온도가 평년보다 비정상적으로 낮아지는 현상
1195,과학과 기술(20260317).hwpx,과학과 기술,277,LAN: 좁은 지역 내에 한정되어 기기들을 연결해 자원을 공유하게 묶어놓은 소규모 통신망
1196,과학과 기술(20260317).hwpx,과학과 기술,278,Laser(레이저): 파장과 위상을 일치시켜 직진성이 강력하게 뻗어나가도록 증폭된 순수한 빛의 광선
1197,과학과 기술(20260317).hwpx,과학과 기술,279,Latency(지연 시간): 데이터 패킷이 네트워크를 통해 목적지 도달 후 반응이 돌아오기까지의 대기 시간
1198,과학과 기술(20260317).hwpx,과학과 기술,280,Latitude(위도): 적도를 기준으로 북극이나 남극 쪽으로의 거리를 나타내는 가상의 가로선 좌표
1199,과학과 기술(20260317).hwpx,과학과 기술,281,Lava(용암): 땅속의 마그마가 지표면 위로 분출되어 수증기가 빠져나가고 흘러내리는 상태
1200,과학과 기술(20260317).hwpx,과학과 기술,282,Lens(렌즈): 빛을 굴절시켜 한곳에 모으거나 분산시켜 확대 및 시력을 교정하는 광학 기구
1201,과학과 기술(20260317).hwpx,과학과 기술,283,LIDAR(라이다): 레이저 펄스를 쏘고 반사파를 받아 주변 거리를 정밀하게 감지하는 스캐닝 기술
1202,과학과 기술(20260317).hwpx,과학과 기술,284,Light Year(광년): 빛이 진공 우주 공간에서 1년 동안 날아간 엄청난 거리 단위
1203,과학과 기술(20260317).hwpx,과학과 기술,285,Linux(리눅스): 누구나 무료로 코드를 수정 배포할 수 있는 안드로이드의 기반이 된 오픈 소스 OS
1204,과학과 기술(20260317).hwpx,과학과 기술,286,Liquid(액체): 용기 모양에 따라 흐르지만 분자 간 거리가 일정해 부피는 쪼그라들지 않는 물질 상태
1205,과학과 기술(20260317).hwpx,과학과 기술,287,Lithosphere(암석권): 지각 전체와 맨틀 최상부 암석층을 포함한 딱딱한 지구의 겉 껍질
1206,과학과 기술(20260317).hwpx,과학과 기술,288,LLM(대규모 언어 모델): 방대한 데이터를 학습해 인간처럼 문맥을 완벽히 이해하고 문장을 생성하는 AI
1207,과학과 기술(20260317).hwpx,과학과 기술,289,Longitude(경도): 본초 자오선을 기준으로 동쪽이나 서쪽 위치를 나타내는 가상의 세로선 좌표
1208,과학과 기술(20260317).hwpx,과학과 기술,290,Luminescence(발광): 열이 나지 않는 차가운 상태에서 화학 반응 등으로 전자가 들떠 빛을 내는 현상
1209,과학과 기술(20260317).hwpx,과학과 기술,291,Machine Learning(머신러닝): 데이터로부터 스스로 패턴을 학습하여 정답을 예측하고 판단하게 만드는 기술
1210,과학과 기술(20260317).hwpx,과학과 기술,292,Macromolecule(고분자): 수만 개의 단위체 분자들이 결합하여 분자량이 매우 큰 거대한 화합물
1211,과학과 기술(20260317).hwpx,과학과 기술,293,Magma(마그마): 땅속 깊은 곳에서 고온·고압에 의해 암석이 녹아내린 끈적한 용융 상태 물질
1212,과학과 기술(20260317).hwpx,과학과 기술,294,Magnetism(자기): 전류가 흐르거나 전자 스핀 운동에 의해 형성된 자기장의 인력·척력 현상
1213,과학과 기술(20260317).hwpx,과학과 기술,295,Malware(악성 소프트웨어): 시스템 파괴나 데이터 절취를 목적으로 제작된 모든 불법적 코드의 총칭
1214,과학과 기술(20260317).hwpx,과학과 기술,296,Mammal(포유류): 새끼를 뱃속에서 길러 직접 낳고 젖을 먹여 기르는 진화한 정온 척추동물
1215,과학과 기술(20260317).hwpx,과학과 기술,297,Manganese Nodule(망가니즈 단괴): 심해저 바닥에 뭉쳐 있는 산업 필수 희귀 금속 덩어리 자원
1216,과학과 기술(20260317).hwpx,과학과 기술,298,Mantle(맨틀): 지각 아래부터 외핵 위까지 위치하며 지구 부피의 80% 이상을 차지하는 거대 암석층
1217,과학과 기술(20260317).hwpx,과학과 기술,299,Mass(질량): 장소에 따라 변하지 않는 물체 고유의 총량으로 관성의 척도가 되는 물리량
1218,과학과 기술(20260317).hwpx,과학과 기술,300,Matter(물질): 질량을 가지고 우주 공간을 차지하여 만지고 느낄 수 있는 모든 것
1219,과학과 기술(20260317).hwpx,과학과 기술,301,Mechanics(역학): 힘이 가해진 물체의 운동 상태가 어떻게 규칙적으로 변화하는지 연구하는 물리학
1220,과학과 기술(20260317).hwpx,과학과 기술,302,Meiosis(감수 분열): 생식세포 형성 시 염색체 수가 부모 체세포의 절반으로 줄어드는 특별한 세포 분열
1221,과학과 기술(20260317).hwpx,과학과 기술,303,Melting Point(녹는점): 고체 결합이 끊어지면서 액체 상태로 융해되어 변화를 시작하는 특정 온도
1222,과학과 기술(20260317).hwpx,과학과 기술,304,Memory(메모리): 실행 중인 프로그램 데이터나 연산 결과를 임시 저장하는 반도체 기억 장치(RAM)
1223,과학과 기술(20260317).hwpx,과학과 기술,305,Metabolism(물질대사): 생명 유지를 위해 세포 내에서 일어나는 모든 연쇄 화학 반응의 총칭
1224,과학과 기술(20260317).hwpx,과학과 기술,306,Metal(금속): 열과 전기를 잘 전달하며 특유의 광택을 가지고 상온에서 주로 단단한 고체 원소들
1225,과학과 기술(20260317).hwpx,과학과 기술,307,Metamorphic Rock(변성암): 땅속 높은 열과 압력을 받아 성질과 구조가 변질되어 만들어진 암석
1226,과학과 기술(20260317).hwpx,과학과 기술,308,Metaverse(메타버스): 가상 세계 아바타를 통해 사회·경제·문화 활동이 현실처럼 이루어지는 3D 공간
1227,과학과 기술(20260317).hwpx,과학과 기술,309,Meteor(유성/별똥별): 우주 먼지가 지구 대기권 진입 시 마찰열로 불타며 꼬리를 끌고 빛나는 현상
1228,과학과 기술(20260317).hwpx,과학과 기술,310,Meteorite(운석): 대기권에서 다 타버리지 않고 지표면까지 떨어진 우주 기원의 암석이나 철 덩어리
1229,과학과 기술(20260317).hwpx,과학과 기술,311,Meteorology(기상학): 대기 현상을 관측하고 물리적으로 연구하여 날씨와 기후를 분석하는 학문
1230,과학과 기술(20260317).hwpx,과학과 기술,312,Microbe(미생물): 맨눈으로는 볼 수 없고 현미경을 통해서만 관찰 가능한 아주 작은 생물체의 총칭
1231,과학과 기술(20260317).hwpx,과학과 기술,313,"Microcontroller(MCU): CPU, 메모리 등을 칩 하나에 담아 특정 기기 기능을 제어하는 소형 컴퓨터"
1232,과학과 기술(20260317).hwpx,과학과 기술,314,Middleware(미들웨어): 운영체제와 응용 프로그램 사이에서 통신과 데이터 관리를 돕는 징검다리 소프트웨어
1233,과학과 기술(20260317).hwpx,과학과 기술,315,Milky Way(우리 은하): 태양계가 속해 있으며 중심 블랙홀 주위로 수천억 개의 별이 모인 막대 나선 은하
1234,과학과 기술(20260317).hwpx,과학과 기술,316,Mineral(광물): 화학 조성이 일정하고 원자들이 규칙적인 결정 구조를 가진 자연산 고체 무기물
1235,과학과 기술(20260317).hwpx,과학과 기술,317,Mitochondria(미토콘드리아): 포도당을 태워 세포 활동 에너지인 ATP를 생산하는 세포 내 발전소 소기관
1236,과학과 기술(20260317).hwpx,과학과 기술,318,Mitosis(체세포 분열): 복사된 유전 정보와 염색체 수가 똑같은 두 개의 딸세포로 나뉘는 일반적 분열
1237,과학과 기술(20260317).hwpx,과학과 기술,319,"MLLM: 텍스트뿐만 아니라 이미지, 음성 등 여러 형태의 데이터를 동시에 처리하는 차세대 AI 모델"
1238,과학과 기술(20260317).hwpx,과학과 기술,320,Molecule(분자): 물질의 고유한 성질을 간직한 채 독립적으로 존재할 수 있는 가장 작은 알갱이 입자
1239,과학과 기술(20260317).hwpx,과학과 기술,321,"Momentum(운동량): 운동하고 있는 물체의 관성의 크기로, 질량과 속도를 곱한 물리량"
1240,과학과 기술(20260317).hwpx,과학과 기술,322,Moon(달 / 위성): 행성의 중력에 묶여 그 주위를 일정한 궤도로 공전하는 자연 암석 천체
1241,과학과 기술(20260317).hwpx,과학과 기술,323,Mutation(돌연변이): DNA 복사 과정 중 구조 변화가 발생하여 부모에게 없던 새로운 형질이 나타나는 현상
1242,과학과 기술(20260317).hwpx,과학과 기술,324,Nanotechnology(나노기술): 10억 분의 1미터 크기 초미세 세계에서 원자와 분자를 조작하고 결합하는 기술
1243,과학과 기술(20260317).hwpx,과학과 기술,325,Natural Selection(자연선택): 환경 시련 속에서 적응한 우월한 변이를 가진 개체만이 살아남아 번식하는 원리
1244,과학과 기술(20260317).hwpx,과학과 기술,326,Nebula(성운): 우주 공간의 가스와 먼지들이 구름처럼 뭉친 것으로 새로운 별들이 태어나는 탄생지
1245,과학과 기술(20260317).hwpx,과학과 기술,327,Nervous System(신경계): 자극을 전달하고 상황을 판단하여 신체 활동을 지휘하는 생체 통신 신경망
1246,과학과 기술(20260317).hwpx,과학과 기술,328,Network(네트워크): 기기들이 통신망으로 연결되어 정보와 자원을 전 세계와 공유하게 한 거대 시스템
1247,과학과 기술(20260317).hwpx,과학과 기술,329,Neuron(뉴런 / 신경세포): 전기 신호와 화학 물질을 통해 정보를 광속으로 전달하는 신경계의 기본 세포
1248,과학과 기술(20260317).hwpx,과학과 기술,330,Neutron(중성자): 원자핵 속에서 전기를 띠지 않으며 양성자와 함께 핵을 구성하는 묵직한 입자
1249,과학과 기술(20260317).hwpx,과학과 기술,331,"Newton's Laws(뉴턴의 운동 법칙): 관성, 가속도, 작용-반작용으로 이루어진 고전 역학의 세 가지 기둥 법칙"
1250,과학과 기술(20260317).hwpx,과학과 기술,332,NLP(자연어 처리): 인간의 일상 언어 문맥을 컴퓨터가 사람처럼 알아듣고 처리하게 만드는 AI 기술
1251,과학과 기술(20260317).hwpx,과학과 기술,333,Noble Gas(비활성 기체): 바깥 전자가 꽉 차 있어 화학적으로 매우 안정해 결합을 잘 하지 않는 18족 기체
1252,과학과 기술(20260317).hwpx,과학과 기술,334,"Node(노드): 네트워크 통신망에 연결된 단말기 지점, 또는 파동의 진폭이 0이 되어 정지한 마디"
1253,과학과 기술(20260317).hwpx,과학과 기술,335,NPU(신경망 처리 장치): AI 딥러닝 연산을 동시다발적으로 처리하기 위해 뇌 신경망을 모방 설계한 반도체
1254,과학과 기술(20260317).hwpx,과학과 기술,336,Nuclear Fission(핵분열): 무거운 원자핵에 중성자를 충돌시켜 쪼개며 막대한 에너지를 내뿜는 붕괴 현상
1255,과학과 기술(20260317).hwpx,과학과 기술,337,Nuclear Fusion(핵융합): 가벼운 원자핵들을 초고온에서 합체시켜 막대한 청정에너지를 만드는 현상 (태양의 원리)
1256,과학과 기술(20260317).hwpx,과학과 기술,338,"Nucleus(원자핵 / 세포핵): 원자 중심의 양성자·중성자 뭉치, 또는 세포 내에서 유전 정보를 보관하는 본부 기관"
1257,과학과 기술(20260317).hwpx,과학과 기술,339,Ocean Current(해류): 바람과 밀도 차이 등에 의해 일정한 속도와 방향으로 흐르는 바닷물의 흐름
1258,과학과 기술(20260317).hwpx,과학과 기술,340,"Oceanography(해양학): 해류, 지질, 화학 성분, 해양 생태계를 종합적으로 연구하는 지구과학 학문"
1259,과학과 기술(20260317).hwpx,과학과 기술,341,Omnivore(잡식동물): 환경에 따라 식물성 먹이와 동물의 고기를 가리지 않고 섭취해 소화시키는 동물
1260,과학과 기술(20260317).hwpx,과학과 기술,342,Open Ko-LLM LeaderBoard: 한국어 대규모 언어모델의 성능을 평가하여 순위를 매기는 국내 AI 평가 플랫폼
1261,과학과 기술(20260317).hwpx,과학과 기술,343,Open Source(오픈 소스): 설계도인 소스 코드를 공개하여 누구나 수정 및 재배포할 수 있게 한 소프트웨어 정책
1262,과학과 기술(20260317).hwpx,과학과 기술,344,"Operating System(OS, 운영체제): 하드웨어를 관리하고 응용 프로그램 실행 환경을 제공하는 컴퓨터 지휘 시스템"
1263,과학과 기술(20260317).hwpx,과학과 기술,345,"Optics(광학): 빛의 발생, 전파, 반사, 굴절 및 물질과의 상호작용 원리를 연구하는 물리학 분야"
1264,과학과 기술(20260317).hwpx,과학과 기술,346,Orbit(궤도): 중력 밧줄에 묶인 천체나 우주선이 더 큰 질량의 천체 주위를 맴돌며 그리는 정해진 길
1265,과학과 기술(20260317).hwpx,과학과 기술,347,Organic Chemistry(유기화학): 탄소($C$) 원자를 뼈대로 하는 수많은 화합물의 구조와 성질을 연구하는 화학 분야
1266,과학과 기술(20260317).hwpx,과학과 기술,348,Organism(생물 / 유기체): 대사 활동을 하며 자극에 반응하고 번식하는 살아 움직이는 모든 개체
1267,과학과 기술(20260317).hwpx,과학과 기술,349,Osmosis(삼투): 농도 차이를 맞추기 위해 물(용매)이 반투과성 막을 통과해 저농도에서 고농도로 이동하는 현상
1268,과학과 기술(20260317).hwpx,과학과 기술,350,Oxidation and Reduction(산화와 환원): 화학 반응 중 전자를 잃고(산화) 얻는(환원) 동전의 양면 같은 동시 반응
1269,과학과 기술(20260317).hwpx,과학과 기술,351,Oxidation(산화): 물질이 산소와 결합하거나 전자를 뺏겨서 화학적 성질이 변하는 과정
1270,과학과 기술(20260317).hwpx,과학과 기술,352,Oxygen(산소): 생물의 호흡과 물질의 연소에 폭발적으로 필수적인 생명의 원소
1271,과학과 기술(20260317).hwpx,과학과 기술,353,Ozone Layer(오존층): 성층권에서 태양의 치명적인 자외선을 차단하여 생명체를 보호해 주는 대기 방패
1272,과학과 기술(20260317).hwpx,과학과 기술,354,PaaS: 앱 개발에 필요한 플랫폼 환경 전체를 인터넷으로 빌려 쓰는 클라우드 서비스 모델
1273,과학과 기술(20260317).hwpx,과학과 기술,355,Paleontology(고생물학): 지층에 남은 화석을 분석하여 과거 지질 시대 생물 기록과 역사를 연구하는 학문
1274,과학과 기술(20260317).hwpx,과학과 기술,356,Paradigm(패러다임): 특정 시대 과학자 집단이 공유하는 지식 체계와 세상을 보는 논리적 틀
1275,과학과 기술(20260317).hwpx,과학과 기술,357,Parasitism(기생): 다른 살아있는 숙주에 찰싹 달라붙어 영양분을 뺏으며 피해를 주는 생태계 관계
1276,과학과 기술(20260317).hwpx,과학과 기술,358,Particle Physics(입자물리학): 물질의 가장 근원적인 소립자와 우주 기본 힘의 상호작용 원리를 연구하는 분야
1277,과학과 기술(20260317).hwpx,과학과 기술,359,Pathogen(병원체): 숙주 체내에 침입하여 증식하고 독소를 뿜어 질병을 일으키는 바이러스나 세균 등
1278,과학과 기술(20260317).hwpx,과학과 기술,360,"Payload(페이로드): 로켓의 실질적 화물(위성 등), 또는 통신의 주소 정보를 뺀 실제 전송 데이터 내용물"
1279,과학과 기술(20260317).hwpx,과학과 기술,361,Period(주기): 파동이 한 번 진동하거나 천체가 한 바퀴 공전하는 데 딱 걸리는 물리적 시간의 길이
1280,과학과 기술(20260317).hwpx,과학과 기술,362,Periodic Table(주기율표): 모든 화학 원소들을 원자 번호와 성질에 따라 수학적으로 배열한 지도 표
1281,과학과 기술(20260317).hwpx,과학과 기술,363,"Permafrost(영구동토층): 땅속 깊은 곳이 2년 이상, 수백만 년 동안 꽁꽁 얼어붙어 유지되는 딱딱한 토양층"
1282,과학과 기술(20260317).hwpx,과학과 기술,364,pH(수소 이온 농도 지수): 수용액의 산성이나 염기성 정도를 나타내는 0~14 사이의 로그 척도 지수
1283,과학과 기술(20260317).hwpx,과학과 기술,365,Phishing(피싱): 신뢰할 수 있는 기관을 사칭하여 개인 정보나 금융 비밀번호를 낚아채는 사이버 사기
1284,과학과 기술(20260317).hwpx,과학과 기술,366,Photon(광자): 빛의 입자적 단위이자 에너지를 나르는 질량 0의 가장 작은 빛의 덩어리 입자
1285,과학과 기술(20260317).hwpx,과학과 기술,367,Photosynthesis(광합성): 빛 에너지를 이용해 이산화탄소와 물로 포도당을 합성하고 산소를 내뿜는 과정
1286,과학과 기술(20260317).hwpx,과학과 기술,368,Phylogeny(계통 발생): 생물 종들이 공통 조상으로부터 갈라져 진화해 온 역사적 족보와 관계
1287,과학과 기술(20260317).hwpx,과학과 기술,369,Physical AI(피지컬 AI): AI가 현실 세계의 물리 법칙을 이해하고 로봇 등 실제 하드웨어와 결합해 작동하는 기술
1288,과학과 기술(20260317).hwpx,과학과 기술,370,Physical Chemistry(물리화학): 화학 반응 현상을 물리학의 열역학 및 양자역학적 원리로 설명하려는 분야
1289,과학과 기술(20260317).hwpx,과학과 기술,371,"Physics(물리학): 물질, 에너지, 시공간의 본질과 만물이 상호작용하는 작동 원리를 연구하는 기초 과학"
1290,과학과 기술(20260317).hwpx,과학과 기술,372,Pipeline (파이프라인): 제약사가 현재 연구소에서 개발 및 임상시험 중인 출시 전 신약 프로젝트 대기 목록
1291,과학과 기술(20260317).hwpx,과학과 기술,373,Planet(행성): 스스로 빛을 내지는 못하지만 항성 주위를 돌며 중력으로 구형을 유지하고 궤도를 청소한 천체
1292,과학과 기술(20260317).hwpx,과학과 기술,374,Plasma(플라스마): 초고온 상태에서 원자핵과 전자가 분리되어 자유롭게 날뛰는 제4의 물질 상태
1293,과학과 기술(20260317).hwpx,과학과 기술,375,Plate Tectonics(판구조론): 지구 겉껍질인 지각판들이 이동하고 충돌하며 지각 변동을 일으킨다는 이론
1294,과학과 기술(20260317).hwpx,과학과 기술,376,Polymer(고분자): 수천 수만 개의 단위체들이 결합하여 분자량이 매우 크고 탄성이 우수한 화합물
1295,과학과 기술(20260317).hwpx,과학과 기술,377,Potential Energy(위치 에너지): 높은 위치나 응축된 상태에 놓여 있어 비축하고 있는 잠재적인 에너지
1296,과학과 기술(20260317).hwpx,과학과 기술,378,Pressure(압력): 단위 면적당 수직으로 꾹 누르는 전체적인 힘의 크기를 나타내는 값 (단위: Pa)
1297,과학과 기술(20260317).hwpx,과학과 기술,379,"Protein(단백질): 아미노산이 엮인 구조로 신체 구성과 효소, 항체 역할을 수행하는 핵심 일꾼 분자"
1298,과학과 기술(20260317).hwpx,과학과 기술,380,Protocol(프로토콜): 네트워크 통신 시 데이터 포장 방식과 전송 속도 등을 서로 맞추기로 약속한 언어 규칙
1299,과학과 기술(20260317).hwpx,과학과 기술,381,Proton(양성자): 원자핵 속에 있으며 플러스(+) 양전하를 띠어 화학 원소 정체를 결정짓는 핵심 입자
1300,과학과 기술(20260317).hwpx,과학과 기술,382,Pulsar(펄사): 고속 회전하며 규칙적인 전파 빔을 뿜어내어 지구로 쏘아대는 무서운 중성자별 천체
1301,과학과 기술(20260317).hwpx,과학과 기술,383,Quantum Computing(양자 컴퓨팅): 중첩과 얽힘을 이용해 큐비트 상태로 복잡한 연산을 단번에 처리하는 미래 기술
1302,과학과 기술(20260317).hwpx,과학과 기술,384,Quantum Entanglement(양자 얽힘): 멀리 떨어진 두 입자가 연결되어 상태가 즉각 연동되는 기괴한 양자 현상
1303,과학과 기술(20260317).hwpx,과학과 기술,385,Quantum Mechanics(양자역학): 미시 세계의 확률적 운동과 상식 밖의 물리 현상을 확률 파동으로 연구하는 분야
1304,과학과 기술(20260317).hwpx,과학과 기술,386,Quantum Tunneling(양자 터널링): 미세 입자가 에너지가 부족함에도 에너지 장벽을 마법처럼 투과하는 현상
1305,과학과 기술(20260317).hwpx,과학과 기술,387,Quark(쿼크): 더 이상 쪼개질 수 없는 우주 바닥의 기본 소립자로 양성자와 중성자를 구성함
1306,과학과 기술(20260317).hwpx,과학과 기술,388,Quasar(퀘이사): 블랙홀 주변 마찰열로 엄청난 빛을 내며 은하보다 밝게 보이는 초기 우주의 천체
1307,과학과 기술(20260317).hwpx,과학과 기술,389,Radar(레이더): 전파를 발사하고 튕겨 돌아오는 신호를 수신하여 물체의 거리와 방향을 탐지하는 장치
1308,과학과 기술(20260317).hwpx,과학과 기술,390,"Radiation(복사 / 방사선): 열이 빛의 형태로 직접 전달되는 현상, 또는 핵 붕괴 시 나오는 치명적인 입자선"
1309,과학과 기술(20260317).hwpx,과학과 기술,391,Radioactivity(방사능): 불안정한 원자핵이 스스로 붕괴하면서 방사선을 뿜어내어 에너지를 방출하는 성질
1310,과학과 기술(20260317).hwpx,과학과 기술,392,RAM: 영구 창고에서 꺼낸 파일을 작업 책상에 펼쳐놓듯 데이터를 읽고 쓰는 임시 휘발성 기억장치
1311,과학과 기술(20260317).hwpx,과학과 기술,393,Ransomware(랜섬웨어): 데이터를 암호화해 열지 못하게 인질로 잡고 비트코인 등 금전을 협박하는 악성 코드
1312,과학과 기술(20260317).hwpx,과학과 기술,394,Rare Earth Elements(희토류): 첨단 배터리 및 전기차 모터 등에 필수적인 자연계의 17개 희귀 핵심 광물 원소 군
1313,과학과 기술(20260317).hwpx,과학과 기술,395,RE100: 기업 사용 전력의 100%를 재생에너지로만 충당하겠다고 약속하는 자발적 환경 캠페인
1314,과학과 기술(20260317).hwpx,과학과 기술,396,Reactant(반응물): 화학 반응에 직접 참여하여 소모되면서 새로운 물질(생성물)로 변하기 전의 원료 물질
1315,과학과 기술(20260317).hwpx,과학과 기술,397,Redshift(적색편이): 멀어지는 천체의 별빛 파장이 붉은색 쪽으로 늘어나는 팽창 우주의 증거 현상
1316,과학과 기술(20260317).hwpx,과학과 기술,398,Reflection(반사): 파동이 다른 매질의 경계면에 부딪혀 통과하지 못하고 원래 매질로 튕겨 나오는 현상
1317,과학과 기술(20260317).hwpx,과학과 기술,399,Refraction(굴절): 매질 통과 시 속도 차이로 인해 파동의 진행 방향 각도가 꺾이고 휘어지는 현상
1318,과학과 기술(20260317).hwpx,과학과 기술,400,Relativity(상대성 이론): 시간과 공간의 상대성 및 중력에 의한 시공간 왜곡을 설명하는 아인슈타인의 이론
1319,과학과 기술(20260317).hwpx,과학과 기술,401,Repository(저장소): 프로그래머들이 코드와 버전 기록을 체계적으로 안전하게 모아두는 중앙 서버 창고 공간
1320,과학과 기술(20260317).hwpx,과학과 기술,402,Reproduction(생식 / 번식): 유전자를 퍼뜨려 자신과 닮은 개체를 만들어내어 대를 잇는 증식 과정
1321,과학과 기술(20260317).hwpx,과학과 기술,403,Resistor(저항기): 전류 흐름을 의도적으로 방해하여 알맞게 전압을 조절하는 전자 회로 핵심 부품
1322,과학과 기술(20260317).hwpx,과학과 기술,404,Respiration(호흡): 산소를 이용해 포도당을 분해하여 세포가 생명 에너지(ATP)를 뽑아내는 과정
1323,과학과 기술(20260317).hwpx,과학과 기술,405,Ribosome(리보솜): 유전 설계도를 읽어 내 몸에 필요한 단백질을 뚝딱 조립하는 세포 내 단백질 공장
1324,과학과 기술(20260317).hwpx,과학과 기술,406,RNA: DNA 정보를 복사해 전달하고 단백질 조립을 현장 지휘하는 한 가닥의 실 모양 핵산 분자
1325,과학과 기술(20260317).hwpx,과학과 기술,407,"Robotics(로봇공학): 로봇의 뼈대 설계, 두뇌 제조, 작동 알고리즘을 융합적으로 종합 연구하는 공학 기술"
1326,과학과 기술(20260317).hwpx,과학과 기술,408,ROM: 전원 차단 시에도 지워지지 않는 공장 출하 시 기록된 읽기 전용의 비휘발성 기억장치
1327,과학과 기술(20260317).hwpx,과학과 기술,409,Router(라우터): 인터넷망에서 데이터 패킷의 주소를 검사하고 지름길인 최적 전송 경로를 찾아주는 장비
1328,과학과 기술(20260317).hwpx,과학과 기술,410,SaaS: 설치 없이 인터넷 접속만으로 소프트웨어 앱을 빌려 쓰는 현대적인 구독형 클라우드 서비스
1329,과학과 기술(20260317).hwpx,과학과 기술,411,Salinity(염분): 해수 1kg 속에 녹아 포함되어 있는 여러 가지 염류 덩어리들의 총 질량 비율
1330,과학과 기술(20260317).hwpx,과학과 기술,412,"Satellite(위성): 행성 주위를 공전하는 자연 달, 혹은 인간이 쏘아 올린 인공 통신·관측 장치"
1331,과학과 기술(20260317).hwpx,과학과 기술,413,Scalar(스칼라): 방향성은 없이 오로지 숫자 크기 하나만으로 완벽하게 표현되는 물리량
1332,과학과 기술(20260317).hwpx,과학과 기술,414,Scripting(스크립팅): 가벼운 언어를 사용해 프로그램을 작성하여 소프트웨어 동작을 자동화하는 개발 작업
1333,과학과 기술(20260317).hwpx,과학과 기술,415,SDK: 특정 환경에서 앱을 쉽게 만들 수 있게 툴과 라이브러리를 모아 제공하는 프로그래밍 도구 상자
1334,과학과 기술(20260317).hwpx,과학과 기술,416,Sedimentary Rock(퇴적암): 퇴적물 부스러기들이 쌓여 압력을 받아 굳어져 층리가 생기고 화석이 남는 암석
1335,과학과 기술(20260317).hwpx,과학과 기술,417,Semiconductor(반도체): 전류의 흐름을 인위적으로 켰다 껐다 완벽하게 제어할 수 있는 IT 문명의 핵심 칩
1336,과학과 기술(20260317).hwpx,과학과 기술,418,Sensor(센서): 외부의 물리적 변화를 감지하여 컴퓨터용 전기적 신호로 재빠르게 변환해 주는 탐지 장치
1337,과학과 기술(20260317).hwpx,과학과 기술,419,Server(서버): 24시간 잠들지 않고 네트워크로 수많은 사용자에게 서비스와 정보를 뿌려주는 중심 컴퓨터
1338,과학과 기술(20260317).hwpx,과학과 기술,420,Shale Gas(셰일 가스): 진흙 암석층 미세 틈새에 갇힌 가스로 수압 파쇄법을 통해 채굴하는 에너지 주역
1339,과학과 기술(20260317).hwpx,과학과 기술,421,sLLM(경량화 LLM): 덩치를 줄여 보안이 중요한 기업 내부나 모바일 기기에서도 빠르게 돌아가는 AI 모델
1340,과학과 기술(20260317).hwpx,과학과 기술,422,Software(소프트웨어): 하드웨어 기계들에 명령을 내려 생명을 불어넣는 비물질적 프로그램 코드와 문서
1341,과학과 기술(20260317).hwpx,과학과 기술,423,"Solar System(태양계): 태양과 그 중력에 묶여 공전하는 행성, 위성, 혜성, 소행성 띠 등의 천체 가족 시스템"
1342,과학과 기술(20260317).hwpx,과학과 기술,424,Solar Wind(태양풍): 태양에서 우주 공간으로 미친 듯이 뿜어져 나오는 플라스마 고에너지 입자들의 폭풍우
1343,과학과 기술(20260317).hwpx,과학과 기술,425,Solid(고체): 입자들이 강하게 결합되어 외부 압력에도 부피와 딱딱한 모양을 유지하는 상태의 물질
1344,과학과 기술(20260317).hwpx,과학과 기술,426,Solution(용액): 용질 입자들이 용매 분자 사이로 완벽히 쪼개져 고르게 섞여 있는 투명한 혼합물 상태
1345,과학과 기술(20260317).hwpx,과학과 기술,427,Solvent(용매): 용액을 만들 때 용질을 안아서 녹이는 바탕 매체가 되는 물질 (가장 흔한 용매는 물)
1346,과학과 기술(20260317).hwpx,과학과 기술,428,Source Code(소스 코드): 사람이 이해할 수 있는 프로그래밍 문법으로 작성된 소프트웨어의 원시 설계도 문서
1347,과학과 기술(20260317).hwpx,과학과 기술,429,Species(종): 서로 교배하여 번식 가능한 자손을 남길 수 있는 생물 분류의 가장 작은 기본 단위
1348,과학과 기술(20260317).hwpx,과학과 기술,430,Spectrum(스펙트럼): 빛을 분해했을 때 파장별로 연속적으로 배열되어 띠 모양으로 펼쳐지는 성질 분해 표
1349,과학과 기술(20260317).hwpx,과학과 기술,431,Speed of Light(빛의 속도): 진공에서 초속 약 30만 km인 우주에서 정보가 도달할 수 있는 불변의 최고 속도
1350,과학과 기술(20260317).hwpx,과학과 기술,432,Spin(스핀): 미시 입자가 공간 방향에 따라 고유하게 지니는 양자적·자기적인 신비한 성질의 값
1351,과학과 기술(20260317).hwpx,과학과 기술,433,SSD: 반도체 낸드플래시 칩에 데이터를 전기적으로 기록하여 부팅과 로딩이 아주 빠른 보조기억장치
1352,과학과 기술(20260317).hwpx,과학과 기술,434,Star(별 / 항성): 중심핵에서 수소 핵융합 반응을 일으켜 스스로 눈부신 빛과 열을 내뿜는 거대 가스 천체
1353,과학과 기술(20260317).hwpx,과학과 기술,435,Stem Cell(줄기세포): 인체 모든 조직으로 자라날 수 있는 능력을 품은 미분화 원시 세포 (재생 의학의 열쇠)
1354,과학과 기술(20260317).hwpx,과학과 기술,436,Stratosphere(성층권): 오존층이 존재하여 자외선을 차단해 주며 비행기 항로로 쓰이는 안정한 대기층
1355,과학과 기술(20260317).hwpx,과학과 기술,437,"Sublimation(승화): 액체 단계를 거치지 않고 고체에서 기체로, 또는 그 반대로 직접 변화하는 상태 변화 현상"
1356,과학과 기술(20260317).hwpx,과학과 기술,438,Supercomputer(슈퍼컴퓨터): 수조 번의 수학 연산을 병렬 처리하여 기상이나 신약 등을 계산하는 국가 핵심 컴퓨터
1357,과학과 기술(20260317).hwpx,과학과 기술,439,Superconductor(초전도체): 특정 온도 이하에서 전기 저항이 0이 되어 자석 위에 둥둥 뜨는 마법의 물질
1358,과학과 기술(20260317).hwpx,과학과 기술,440,Supernova(초신성): 거대한 별이 늙어서 붕괴했다가 튕겨 나가며 우주에서 가장 눈부신 폭발을 일으키는 현상
1359,과학과 기술(20260317).hwpx,과학과 기술,441,Superposition(중첩): 관측 전까지 여러 가지 모든 가능한 상태가 확률적으로 동시에 겹쳐 있는 양자적 성질
1360,과학과 기술(20260317).hwpx,과학과 기술,442,Surface Tension(표면 장력): 액체가 표면적을 최소화하려고 스스로 웅크리며 표면에 팽팽한 막을 형성하는 힘
1361,과학과 기술(20260317).hwpx,과학과 기술,443,Symbiosis(공생): 종류가 다른 생물들이 밀접한 관계를 맺고 상부상조하며 함께 살아가는 공동체 생명 현상
1362,과학과 기술(20260317).hwpx,과학과 기술,444,Synapse(시냅스): 뉴런 사이의 미세한 틈새로 화학 신경 전달 물질을 통해 정보를 건네주고 받는 관문
1363,과학과 기술(20260317).hwpx,과학과 기술,445,Tectonics(구조론): 판 이동과 지각 내부 힘에 의해 산맥이 솟고 바다가 형성되는 지각 변동 메커니즘 연구
1364,과학과 기술(20260317).hwpx,과학과 기술,446,Telecommunication(원격 통신): 전파나 케이블을 통해 멀리 떨어진 곳과 음성·데이터 정보를 실시간 교환하는 기술
1365,과학과 기술(20260317).hwpx,과학과 기술,447,Telescope(망원경): 먼 천체의 희미한 빛을 한곳으로 쫙 모아 확대하여 상을 맺히게 관찰하는 광학 기구
1366,과학과 기술(20260317).hwpx,과학과 기술,448,Temperature(온도): 물질 구성 알갱이들이 얼마나 활발하게 운동하고 있는지 분자 운동 에너지를 나타낸 지표
1367,과학과 기술(20260317).hwpx,과학과 기술,449,Tension(장력): 팽팽하게 당겨진 줄의 내부에서 팽팽함을 유지하며 줄에 매달린 물체를 잡아당기는 복원력
1368,과학과 기술(20260317).hwpx,과학과 기술,450,Terminal(터미널): 텍스트 명령어를 직접 타이핑해 시스템 커널과 대화하고 통제하는 인터페이스 화면
1369,과학과 기술(20260317).hwpx,과학과 기술,451,Theory(이론): 수많은 검증을 거쳐 자연 현상의 원리와 인과관계를 논리적으로 설명하는 정립된 지식 체계
1370,과학과 기술(20260317).hwpx,과학과 기술,452,Thermodynamics(열역학): 열 에너지가 운동 에너지나 일로 어떻게 전환되는지 그 이동 법칙을 다루는 학문
1371,과학과 기술(20260317).hwpx,과학과 기술,453,Tide(조석 / 밀물과 썰물): 달과 태양의 인력에 의해 해수면 높이가 주기적으로 오르내리는 거대한 바다 운동
1372,과학과 기술(20260317).hwpx,과학과 기술,454,Tissue(조직): 구조와 기능이 비슷한 동일 종류의 세포 덩어리들이 뭉쳐 특정 생리 작용을 전담하는 단계
1373,과학과 기술(20260317).hwpx,과학과 기술,455,Titration(적정): 표준 용액을 떨어뜨려 미지 용액의 농도를 정밀하게 알아내는 정량 화학 분석법
1374,과학과 기술(20260317).hwpx,과학과 기술,456,"Topology(토폴로지): 공간적 연결 상태의 본질을 연구하는 수학, 또는 네트워크 망의 물리적 배치 구조 방식"
1375,과학과 기술(20260317).hwpx,과학과 기술,457,Torque(토크 / 돌림힘): 물체의 회전축을 중심으로 그 물체를 비틀어 뱅글 돌아가게 만드는 회전력 물리량
1376,과학과 기술(20260317).hwpx,과학과 기술,458,Trait(형질): 유전자에 의해 결정되어 대를 이어 자식에게 전달되는 생물의 모든 생김새와 고유한 속성
1377,과학과 기술(20260317).hwpx,과학과 기술,459,Transistor(트랜지스터): 전류 신호를 증폭하거나 0과 1로 켰다 끄는(스위칭) 핵심 전자 반도체 소자 부품
1378,과학과 기술(20260317).hwpx,과학과 기술,460,Trench(해구): 지각판 충돌로 빨려 들어가 만들어진 바다 밑바닥의 좁고 길게 움푹 파인 깊은 골짜기 지대
1379,과학과 기술(20260317).hwpx,과학과 기술,461,Trojan Horse(트로이 목마): 정상 프로그램으로 위장해 잠입한 뒤 뒷구멍을 열어 해커를 돕는 악질적인 악성 코드
1380,과학과 기술(20260317).hwpx,과학과 기술,462,Troposphere(대류권): 활발한 대류 작용으로 구름과 비 등 모든 날씨 현상이 발생하는 지표 위 첫 번째 대기층
1381,과학과 기술(20260317).hwpx,과학과 기술,463,Tsunami(쓰나미 / 지진해일): 해저 지진 등으로 솟구친 바닷물이 거대한 벽이 되어 밀려오는 파괴적인 자연 재해
1382,과학과 기술(20260317).hwpx,과학과 기술,464,UI/UX: 시각적인 화면 디자인 설계(UI)와 사용자가 서비스를 이용하며 느끼는 전반적 만족도(UX)
1383,과학과 기술(20260317).hwpx,과학과 기술,465,Ultraviolet(자외선): 가시광선보다 짧고 에너지가 높아 살균을 하거나 피부암을 유발하는 눈에 안 보이는 빛
1384,과학과 기술(20260317).hwpx,과학과 기술,466,Uncertainty Principle(불확정성 원리): 미시 입자의 위치와 속도를 동시에 100% 정확히 알 수는 없다는 양자 원리
1385,과학과 기술(20260317).hwpx,과학과 기술,467,Universe(우주): 빅뱅으로 탄생하여 팽창하는 무한한 공간과 그 안의 모든 물질·에너지를 포함한 총합
1386,과학과 기술(20260317).hwpx,과학과 기술,468,Upwelling(용승): 심해저의 차갑고 영양가 풍부한 물이 표면 위로 쫙 솟구쳐 올라 황금 어장을 만드는 현상
1387,과학과 기술(20260317).hwpx,과학과 기술,469,URL: 인터넷 바다 속 특정 문서나 파일의 위치를 나타내는 가장 정확하고 유일무이한 표준 웹 주소
1388,과학과 기술(20260317).hwpx,과학과 기술,470,Vaccine(백신): 면역계에 가짜 전투 훈련을 시켜 항체 무기를 대비하게 하는 생물학적 예방 약품
1389,과학과 기술(20260317).hwpx,과학과 기술,471,Vacuum(진공): 어떠한 기체 분자나 입자도 100% 존재하지 않는 텅 빈 0 기압 상태의 깨끗한 공간
1390,과학과 기술(20260317).hwpx,과학과 기술,472,Valence Electron(원자가 전자): 원자의 가장 바깥 껍질을 돌며 화학 반응과 결합에 직접 참여하는 핵심 전자
1391,과학과 기술(20260317).hwpx,과학과 기술,473,Vaporization(기화): 액체가 열 에너지를 흡수해 분자 간 인력을 끊고 기체 상태로 변화하며 날아가는 현상
1392,과학과 기술(20260317).hwpx,과학과 기술,474,Vector(벡터): 숫자적인 크기와 함께 나아가는 뚜렷한 방향성을 동시에 가져야만 설명되는 물리량
1393,과학과 기술(20260317).hwpx,과학과 기술,475,Velocity(속도): 단위 시간 동안 변위가 변한 정도를 나타내는 크기와 방향을 모두 지닌 벡터의 척도
1394,과학과 기술(20260317).hwpx,과학과 기술,476,"Vertebrate(척추동물): 등판 중심을 지탱하는 단단한 척추뼈 골격을 갖춘 동물군 (어류, 조류, 포유류 등)"
1395,과학과 기술(20260317).hwpx,과학과 기술,477,"Virtual Machine(VM, 가상 머신): 하드웨어를 분할하여 하나의 물리적 컴퓨터 속에 독립된 컴퓨터를 또 돌리는 시스템"
1396,과학과 기술(20260317).hwpx,과학과 기술,478,Virtualization(가상화): 물리적 자원을 소프트웨어로 잘게 나누어 여러 개의 가상 자원으로 운영하는 기술
1397,과학과 기술(20260317).hwpx,과학과 기술,479,Virus(바이러스): 숙주 세포에 침투해 복제기를 강탈하여 미친 듯이 증식하는 전염성 입자 덩어리
1398,과학과 기술(20260317).hwpx,과학과 기술,480,Viscosity(점성): 유체 분자 층끼리 비벼지며 흐름을 방해하고 저항하려는 끈끈하고 끈적이는 정도
1399,과학과 기술(20260317).hwpx,과학과 기술,481,Volcano(화산): 마그마와 가스가 지각의 약한 틈을 뚫고 솟구쳐 나와 분화구 지형을 만든 불의 산
1400,과학과 기술(20260317).hwpx,과학과 기술,482,Voltage(전압 / 전위차): 전기적인 압력 차이로 전하 입자들을 밀어내 전류를 흐르게 만드는 원동력 (단위: V)
1401,과학과 기술(20260317).hwpx,과학과 기술,483,VPN: 공용 인터넷망에 암호화된 비밀 터널을 뚫어 사설망처럼 안전하게 쓰게 해주는 보안 기술
1402,과학과 기술(20260317).hwpx,과학과 기술,484,Wavelength(파장): 파동이 한 번 진동하며 나아갈 때 마루에서 다음 마루까지 반복되는 주기의 직선 거리
1403,과학과 기술(20260317).hwpx,과학과 기술,485,Wave-Particle Duality(이중성): 빛이나 전자가 알갱이(입자)와 파도(파동)의 성질을 동시에 다 지니는 기괴한 현상
1404,과학과 기술(20260317).hwpx,과학과 기술,486,Weathering(풍화): 비바람과 온도 변화에 의해 단단한 바위가 아주 잘게 부서져 흙이나 모래가 되는 현상
1405,과학과 기술(20260317).hwpx,과학과 기술,487,Web Server(웹 서버): 브라우저의 요청을 받아 보관하던 HTML 문서나 이미지를 인터넷망으로 전송해 주는 기기
1406,과학과 기술(20260317).hwpx,과학과 기술,488,White Dwarf(백색 왜성): 별이 수명을 다해 쪼그라들어 천천히 하얗게 식어가는 지구만 한 크기의 무거운 시체 별
1407,과학과 기술(20260317).hwpx,과학과 기술,489,Wi-Fi(와이파이): 선 없이 전파 신호를 통해 수십 미터 반경에서 고속 인터넷에 접속하게 하는 무선 통신 표준
1408,과학과 기술(20260317).hwpx,과학과 기술,490,World Model(월드 모델): 현실의 물리 법칙을 학습해 상황을 예측 시뮬레이션할 수 있게 만든 로봇 적용 지능 모델
1409,과학과 기술(20260317).hwpx,과학과 기술,491,X-ray(엑스선): 투과력이 매우 짱짱하여 살은 뚫고 뼈는 못 뚫어 내부 골격을 촬영하는 강력한 전자기파
1410,과학과 기술(20260317).hwpx,과학과 기술,492,Yield(수율): 이론적 기대치 대비 실제로 불량을 빼고 얻어낸 최종 합격품의 진짜 성공 생산 비율
1411,과학과 기술(20260317).hwpx,과학과 기술,493,"Zoology(동물학): 동물의 형태, 생리, 생태, 진화 및 족보를 샅샅이 파헤치고 연구하는 생물학의 핵심 분과"
1412,과학과 기술(20260317).hwpx,과학과 기술,494,Zygote(수정란): 정자와 난자가 만나 융합하여 생명의 분열을 시작하는 태초의 가장 첫 단계 단일 세포
1413,기타 및 상식(최종최종 500개).hwpx,기타 및 상식,1,"1) 정치, 국제정치, 외교, 국제관계 등 정치학 전반 용어"
1414,기타 및 상식(최종최종 500개).hwpx,기타 및 상식,2,"2) 경제, 화폐와 금융, 거시/미시경제, 경제학 전반 용어"
1415,기타 및 상식(최종최종 500개).hwpx,기타 및 상식,3,3) 사회·문화·예술·문학 용어
1416,기타 및 상식(최종최종 500개).hwpx,기타 및 상식,4,4) 운동 스포츠 용어
1417,기타 및 상식(최종최종 500개).hwpx,기타 및 상식,5,"5) 과학·기술(물리·화학·생명과학·지구과학, 양자역학, IT 등 포함) 용어 전반"
1418,기타 및 상식(최종최종 500개).hwpx,기타 및 상식,6,"6) '기타 및 일반상식'입니다. ‘기타 및 상식’은 Miscellaneous & General Knowledge, 법률, 심리학, 철학, 역사, 신화, 교육, 그리고 지식인들이 자주 쓰는 라틴어 및 외래어 관용구 포함"
1419,기타 및 상식(최종최종 500개).hwpx,기타 및 상식,7,A
1420,기타 및 상식(최종최종 500개).hwpx,기타 및 상식,8,Ab Initio (압 이니티오): 처음부터. 법률이나 계약이 처음부터 무효임을 나타냄.
1421,기타 및 상식(최종최종 500개).hwpx,기타 및 상식,9,A posteriori (후험적): 경험이나 관찰을 통해 얻어지는 지식이나 추론.
1422,기타 및 상식(최종최종 500개).hwpx,기타 및 상식,10,A priori (선험적): 경험과 무관하게 이성적 사유만으로 알 수 있는 지식.
1423,기타 및 상식(최종최종 500개).hwpx,기타 및 상식,11,Abolitionism (노예제 폐지주의): 노예 제도를 전면적으로 폐지하고자 했던 운동.
1424,기타 및 상식(최종최종 500개).hwpx,기타 및 상식,12,Absolute Liability (무과실 책임): 고의·과실이 없어도 손해 배상 책임을 지는 원칙.
1425,기타 및 상식(최종최종 500개).hwpx,기타 및 상식,13,Acquittal (무죄 선고): 형사 재판에서 피고인에게 무죄를 선고하는 것.
1426,기타 및 상식(최종최종 500개).hwpx,기타 및 상식,14,Acrophobia (고소공포증): 높은 곳에서 비정상적인 공포를 느끼는 상태.
1427,기타 및 상식(최종최종 500개).hwpx,기타 및 상식,15,Actus Reus (범죄 행위): 범죄를 구성하는 객관적이고 물리적인 외적 행위.
1428,기타 및 상식(최종최종 500개).hwpx,기타 및 상식,16,Ad Hoc (애드 혹): 특정 목적을 위해 즉석에서 만들어진 임시 조치나 위원회.
1429,기타 및 상식(최종최종 500개).hwpx,기타 및 상식,17,Ad hominem (인신공격의 오류): 주장이 아닌 상대의 성향이나 과거를 공격하는 오류.
1430,기타 및 상식(최종최종 500개).hwpx,기타 및 상식,18,"Ad infinitum (무한히): 끝없이, 영원히 계속된다는 뜻의 라틴어."
1431,기타 및 상식(최종최종 500개).hwpx,기타 및 상식,19,Ad libitum (애드리브): 대본에 얽매이지 않고 즉흥적으로 표현하는 것.
1432,기타 및 상식(최종최종 500개).hwpx,기타 및 상식,20,Adultery (간통): 배우자 있는 사람이 타인과 자발적으로 맺는 성관계.
1433,기타 및 상식(최종최종 500개).hwpx,기타 및 상식,21,Aesthetics (미학): 아름다움의 본질과 예술의 가치를 탐구하는 철학.
1434,기타 및 상식(최종최종 500개).hwpx,기타 및 상식,22,Affidavit (선서 진술서): 법정 등에서 진실을 맹세하며 작성한 서면 진술서.
1435,기타 및 상식(최종최종 500개).hwpx,기타 및 상식,23,Agnosticism (불가지론): 신의 존재 여부를 인간의 이성으로 알 수 없다는 입장.
1436,기타 및 상식(최종최종 500개).hwpx,기타 및 상식,24,Agoraphobia (광장공포증): 도움받기 힘든 장소나 넓은 공간을 두려워하는 장애.
1437,기타 및 상식(최종최종 500개).hwpx,기타 및 상식,25,Alchemy (연금술): 금속을 금으로 바꾸려 시도했던 신비주의적 학문.
1438,기타 및 상식(최종최종 500개).hwpx,기타 및 상식,26,Alibi (알리바이): 현장 부재 증명. 범행 시각에 다른 곳에 있었음을 증명함.
1439,기타 및 상식(최종최종 500개).hwpx,기타 및 상식,27,Alma mater (모교): 자신이 졸업한 학교를 친근하게 부르는 라틴어.
1440,기타 및 상식(최종최종 500개).hwpx,기타 및 상식,28,Alter ego (또 다른 자아): 내면 깊은 곳에 숨겨진 제2의 자아나 절친한 대리인.
1441,기타 및 상식(최종최종 500개).hwpx,기타 및 상식,29,Altruism (이타주의): 타인의 복지와 이익을 먼저 생각하고 헌신하는 태도.
1442,기타 및 상식(최종최종 500개).hwpx,기타 및 상식,30,Alumnus (동문): 특정 학교를 졸업한 사람 (복수는 Alumni).
1443,기타 및 상식(최종최종 500개).hwpx,기타 및 상식,31,Am Ende (암 엔데): 결국에는. 논의의 끝이나 한계 상황을 의미.
1444,기타 및 상식(최종최종 500개).hwpx,기타 및 상식,32,Amazon (아마존): 그리스 신화 속 용맹한 여성 부족 전사들.
1445,기타 및 상식(최종최종 500개).hwpx,기타 및 상식,33,Ambrosia (암브로시아): 그리스 신화 속 신들이 먹는 불로장생의 음식.
1446,기타 및 상식(최종최종 500개).hwpx,기타 및 상식,34,Amicus Curiae (아미쿠스 쿠리에): 사건 당사자는 아니나 법원에 의견을 내는 전문가.
1447,기타 및 상식(최종최종 500개).hwpx,기타 및 상식,35,Amnesia (기억상실증): 뇌 손상이나 트라우마로 정보를 잊어버리는 증상.
1448,기타 및 상식(최종최종 500개).hwpx,기타 및 상식,36,Ancien Régime (앙시앵 레짐): 프랑스 대혁명 이전의 낡은 구체제.
1449,기타 및 상식(최종최종 500개).hwpx,기타 및 상식,37,Animism (애니미즘): 만물에 영혼이나 신령이 깃들어 있다고 믿는 신앙.
1450,기타 및 상식(최종최종 500개).hwpx,기타 및 상식,38,Anorexia (거식증): 살찌는 공포로 음식을 거부하는 섭식 장애.
1451,기타 및 상식(최종최종 500개).hwpx,기타 및 상식,39,"Anthropology (인류학): 인간의 진화, 문화, 사회 구조를 종합 연구하는 학문."
1452,기타 및 상식(최종최종 500개).hwpx,기타 및 상식,40,Antiquity (고대): 주로 그리스·로마 시대 등 중세 이전의 역사적 시대.
1453,기타 및 상식(최종최종 500개).hwpx,기타 및 상식,41,Apartheid (아파르트헤이트): 과거 남아공의 인종 격리 및 차별 정책.
1454,기타 및 상식(최종최종 500개).hwpx,기타 및 상식,42,Apocalypse (아포칼립스): 세상의 종말이나 인류의 멸망.
1455,기타 및 상식(최종최종 500개).hwpx,기타 및 상식,43,Apostle (사도): 예수의 제자나 새로운 신념을 전파하는 초기 개척자.
1456,기타 및 상식(최종최종 500개).hwpx,기타 및 상식,44,Appeals Court (항소 법원): 1심 판결에 불복한 사건을 다시 심리하는 2심 법원.
1457,기타 및 상식(최종최종 500개).hwpx,기타 및 상식,45,Archaeology (고고학): 유물과 흔적으로 과거 인류 문화를 복원하는 학문.
1458,기타 및 상식(최종최종 500개).hwpx,기타 및 상식,46,Archetype (원형): 무의식 속에 공통적으로 유전되는 보편적 상징이나 패턴.
1459,기타 및 상식(최종최종 500개).hwpx,기타 및 상식,47,Aristocracy (귀족정): 특권 계급이 권력을 독점하는 체제.
1460,기타 및 상식(최종최종 500개).hwpx,기타 및 상식,48,Arraignment (기소 인정 여부 절차): 피고인에게 범죄 사실을 읽어주고 유무죄를 묻는 절차.
1461,기타 및 상식(최종최종 500개).hwpx,기타 및 상식,49,Arson (방화죄): 고의로 타인의 재산이나 건물에 불을 지르는 중범죄.
1462,기타 및 상식(최종최종 500개).hwpx,기타 및 상식,50,Asceticism (금욕주의): 육체적 쾌락을 억제하고 수양에 매진하는 태도.
1463,기타 및 상식(최종최종 500개).hwpx,기타 및 상식,51,Asperger Syndrome (아스퍼거 증후군): 지능은 정상이나 사회적 소통에 어려움을 겪는 장애.
1464,기타 및 상식(최종최종 500개).hwpx,기타 및 상식,52,Assault (폭행죄): 타인에게 신체적 해를 입히겠다고 위협하는 불법 행위.
1465,기타 및 상식(최종최종 500개).hwpx,기타 및 상식,53,Atheism (무신론): 신이나 창조주의 존재를 부정하는 입장.
1466,기타 및 상식(최종최종 500개).hwpx,기타 및 상식,54,Atlantis (아틀란티스): 바다 밑으로 가라앉았다고 전해지는 전설 속 고대 대륙.
1467,기타 및 상식(최종최종 500개).hwpx,기타 및 상식,55,Autism (자폐증): 사회적 소통 결핍과 반복 행동을 특징으로 하는 발달 장애.
1468,기타 및 상식(최종최종 500개).hwpx,기타 및 상식,56,Autopsy (부검): 사인을 밝히기 위해 시신을 해부하여 검사하는 절차.
1469,기타 및 상식(최종최종 500개).hwpx,기타 및 상식,57,"Avatar (아바타): 신의 화신, 또는 사이버 공간의 가상 캐릭터."
1470,기타 및 상식(최종최종 500개).hwpx,기타 및 상식,58,B
1471,기타 및 상식(최종최종 500개).hwpx,기타 및 상식,59,B.A. (문학사): 인문·사회·예술 계열 학부 졸업자에게 수여되는 학위.
1472,기타 및 상식(최종최종 500개).hwpx,기타 및 상식,60,B.S. (이학사): 자연과학·공학 계열 학부 졸업자에게 수여되는 학위.
1473,기타 및 상식(최종최종 500개).hwpx,기타 및 상식,61,Baader-Meinhof Phenomenon (주파수 착각): 새로운 정보를 알게 된 후 유독 자주 눈에 띄는 현상.
1474,기타 및 상식(최종최종 500개).hwpx,기타 및 상식,62,Bail (보석): 보증금을 내고 구속된 피고인이 임시로 풀려나는 제도.
1475,기타 및 상식(최종최종 500개).hwpx,기타 및 상식,63,Bailiff (법정 정리): 법정 내 질서를 유지하고 판사를 보좌하는 공무원.
1476,기타 및 상식(최종최종 500개).hwpx,기타 및 상식,64,Baptism (세례): 죄를 씻고 종교의 일원이 됨을 알리는 의식.
1477,기타 및 상식(최종최종 500개).hwpx,기타 및 상식,65,Baroque (바로크): 17세기 유럽의 화려하고 역동적인 예술 양식.
1478,기타 및 상식(최종최종 500개).hwpx,기타 및 상식,66,Battery (폭행 치상죄): 타인의 신체에 물리력을 가하여 상해를 입히는 행위.
1479,기타 및 상식(최종최종 500개).hwpx,기타 및 상식,67,Behaviorism (행동주의): 관찰 가능한 행동만을 연구 대상으로 삼는 심리학파.
1480,기타 및 상식(최종최종 500개).hwpx,기타 및 상식,68,Bench Warrant (구인장): 재판 불출석자 등을 강제 압송하기 위해 판사가 발부하는 영장.
1481,기타 및 상식(최종최종 500개).hwpx,기타 및 상식,69,Beneficiary (수익자): 계약을 통해 최종적으로 이익이나 재산을 받는 사람.
1482,기타 및 상식(최종최종 500개).hwpx,기타 및 상식,70,Bequest (유증): 유언으로 자신의 재산을 특정인에게 물려주는 행위.
1483,기타 및 상식(최종최종 500개).hwpx,기타 및 상식,71,Bibliography (참고문헌): 논문 등에서 참고한 출처 목록을 정리한 것.
1484,기타 및 상식(최종최종 500개).hwpx,기타 및 상식,72,Bigotry (편협함): 다른 신념을 가진 이에게 비이성적 적대감을 갖는 태도.
1485,기타 및 상식(최종최종 500개).hwpx,기타 및 상식,73,Bipolar Disorder (조울증): 조증과 울증이 번갈아 나타나는 정신 질환.
1486,기타 및 상식(최종최종 500개).hwpx,기타 및 상식,74,Blasphemy (신성모독): 종교적 대상이나 교리를 불경하게 모욕하는 발언.
1487,기타 및 상식(최종최종 500개).hwpx,기타 및 상식,75,Bolshevik (볼셰비키): 러시아 혁명을 주도한 급진 마르크스주의 공산당 세력.
1488,기타 및 상식(최종최종 500개).hwpx,기타 및 상식,76,"Bona Fide (보나 파이드): 진실된, 선의의. 속임수 없이 성실하게 행해진 상태."
1489,기타 및 상식(최종최종 500개).hwpx,기타 및 상식,77,Bourgeoisie (부르주아지): 자본주의 사회에서 생산 수단을 소유한 자본가 계급.
1490,기타 및 상식(최종최종 500개).hwpx,기타 및 상식,78,Brahman (브라만): 인도 카스트 제도의 최상위 성직자 및 학자 신분.
1491,기타 및 상식(최종최종 500개).hwpx,기타 및 상식,79,Bribery (뇌물 수수죄): 부당한 이익을 위해 금품 등을 제공하거나 받는 범죄.
1492,기타 및 상식(최종최종 500개).hwpx,기타 및 상식,80,Brief (준비서면): 변호사가 판사에게 제출하는 사건 요약 법률 문서.
1493,기타 및 상식(최종최종 500개).hwpx,기타 및 상식,81,Bronze Age (청동기 시대): 청동기를 사용하여 도구를 만들던 역사적 시기.
1494,기타 및 상식(최종최종 500개).hwpx,기타 및 상식,82,Buddhism (불교): 깨달음을 통해 고통에서 벗어나 열반에 이르는 것을 목표로 함.
1495,기타 및 상식(최종최종 500개).hwpx,기타 및 상식,83,Bulimia (폭식증): 과식 후 억지로 구토하는 비정상적 섭식 장애.
1496,기타 및 상식(최종최종 500개).hwpx,기타 및 상식,84,Burden of Proof (입증 책임): 재판에서 주장을 증거로 증명해야 하는 법적 의무.
1497,기타 및 상식(최종최종 500개).hwpx,기타 및 상식,85,Burglary (침입 절도): 범죄 목적으로 타인의 건물에 불법 침입하는 행위.
1498,기타 및 상식(최종최종 500개).hwpx,기타 및 상식,86,Byzantine Empire (비잔틴 제국): 1천 년 넘게 존속했던 동로마 제국.
1499,기타 및 상식(최종최종 500개).hwpx,기타 및 상식,87,C
1500,기타 및 상식(최종최종 500개).hwpx,기타 및 상식,88,Caliphate (칼리프 국가): 이슬람 최고 지도자인 칼리프가 통치하는 체제.
1501,기타 및 상식(최종최종 500개).hwpx,기타 및 상식,89,Calvinism (칼뱅주의): 신의 예정설을 강조하는 개신교의 한 파벌.
1502,기타 및 상식(최종최종 500개).hwpx,기타 및 상식,90,Campus (캠퍼스): 대학이나 학교의 부지와 교정.
1503,기타 및 상식(최종최종 500개).hwpx,기타 및 상식,91,Capital Punishment (사형): 중범죄자의 생명을 법적으로 박탈하는 형벌.
1504,기타 및 상식(최종최종 500개).hwpx,기타 및 상식,92,Carpe Diem (카르페 디엠): 현재를 즐겨라. 지금 이 순간에 충실하라는 의미.
1505,기타 및 상식(최종최종 500개).hwpx,기타 및 상식,93,Caste (카스트): 인도의 엄격한 세습 신분 제도.
1506,기타 및 상식(최종최종 500개).hwpx,기타 및 상식,94,Categorical Imperative (정언 명령): 칸트 철학의 보편적 무조건적 도덕 법칙.
1507,기타 및 상식(최종최종 500개).hwpx,기타 및 상식,95,Catharsis (카타르시스): 억눌린 감정의 배출을 통한 심리적 정화 현상.
1508,기타 및 상식(최종최종 500개).hwpx,기타 및 상식,96,Catholicism (가톨릭주의): 로마 교황을 지배자로 인정하는 기독교 최대 종파.
1509,기타 및 상식(최종최종 500개).hwpx,기타 및 상식,97,Caveat Emptor (카베아트 엠토르): 매수자 위험 부담. 사는 사람이 스스로 주의해야 함.
1510,기타 및 상식(최종최종 500개).hwpx,기타 및 상식,98,"Centaur (켄타우로스): 상반신 인간, 하반신 말의 신화 속 종족."
1511,기타 및 상식(최종최종 500개).hwpx,기타 및 상식,99,Cerberus (케르베로스): 지옥의 문을 지키는 머리 셋 달린 개.
1512,기타 및 상식(최종최종 500개).hwpx,기타 및 상식,100,Certiorari (사건 이송 명령): 상급 법원이 하급심 기록을 요청하는 영장.
1513,기타 및 상식(최종최종 500개).hwpx,기타 및 상식,101,Chancellor (총장/수상): 대학의 최고 책임자나 독일 등의 정부 수반.
1514,기타 및 상식(최종최종 500개).hwpx,기타 및 상식,102,"Chimera (키메라): 신화 속 융합 괴물, 또는 실현 불가능한 환상."
1515,기타 및 상식(최종최종 500개).hwpx,기타 및 상식,103,Chivalry (기사도): 중세 기사들이 지켜야 했던 도덕적 규범.
1516,기타 및 상식(최종최종 500개).hwpx,기타 및 상식,104,Christianity (기독교): 예수 그리스도를 구세주로 믿는 종교 전체.
1517,기타 및 상식(최종최종 500개).hwpx,기타 및 상식,105,Chronology (연대기): 역사적 사건을 시간 순서대로 기록한 표.
1518,기타 및 상식(최종최종 500개).hwpx,기타 및 상식,106,Citadel (요새): 도시 방어를 위한 최후의 견고한 군사 성채.
1519,기타 및 상식(최종최종 500개).hwpx,기타 및 상식,107,Class Action (집단 소송): 대표자가 다수 피해자를 대신해 제기하는 소송.
1520,기타 및 상식(최종최종 500개).hwpx,기타 및 상식,108,Claustrophobia (폐소공포증): 좁고 갇힌 공간에서 느끼는 극심한 공포.
1521,기타 및 상식(최종최종 500개).hwpx,기타 및 상식,109,Codicil (유언 보충서): 유언장 일부를 수정·추가하기 위해 덧붙이는 문서.
1522,기타 및 상식(최종최종 500개).hwpx,기타 및 상식,110,"Cogito Ergo Sum (나는 생각한다, 고로 존재한다): 데카르트 철학의 제1원칙."
1523,기타 및 상식(최종최종 500개).hwpx,기타 및 상식,111,Cognitive Behavioral Therapy (CBT): 생각과 행동 패턴을 교정하는 심리 치료.
1524,기타 및 상식(최종최종 500개).hwpx,기타 및 상식,112,Cognitive Dissonance (인지 부조화): 신념과 행동이 모순될 때 느끼는 심리적 불편함.
1525,기타 및 상식(최종최종 500개).hwpx,기타 및 상식,113,Cold War (냉전): 2차 대전 후 미·소 양대 진영의 이념적 대립 상태.
1526,기타 및 상식(최종최종 500개).hwpx,기타 및 상식,114,Colloquium (콜로키움): 전문가와 학생이 자유롭게 의견을 나누는 학술 토론회.
1527,기타 및 상식(최종최종 500개).hwpx,기타 및 상식,115,Colonialism (식민주의): 강대국이 약소국 영토를 점령해 지배하려는 정책.
1528,기타 및 상식(최종최종 500개).hwpx,기타 및 상식,116,Commencement (졸업식): 학업을 마치고 사회인으로 시작함을 축하하는 행사.
1529,기타 및 상식(최종최종 500개).hwpx,기타 및 상식,117,Common Law (관습법): 성문법 대신 판례와 관습에 바탕을 둔 법 체계.
1530,기타 및 상식(최종최종 500개).hwpx,기타 및 상식,118,Communism (공산주의): 사유 재산을 폐지하고 평등 분배를 추구하는 이념.
1531,기타 및 상식(최종최종 500개).hwpx,기타 및 상식,119,Compos mentis (정신이 온전한): 계약 등을 맺을 때 정상적 판단이 가능한 정신 상태.
1532,기타 및 상식(최종최종 500개).hwpx,기타 및 상식,120,Conditioning (조건화): 자극과 반응의 반복으로 습관을 학습하는 과정.
1533,기타 및 상식(최종최종 500개).hwpx,기타 및 상식,121,Confirmation Bias (확증 편향): 자신의 신념에 부합하는 정보만 선택적으로 받아들임.
1534,기타 및 상식(최종최종 500개).hwpx,기타 및 상식,122,Confucianism (유교): 충·효·예를 중시하는 동아시아의 도덕 사상.
1535,기타 및 상식(최종최종 500개).hwpx,기타 및 상식,123,Conquistador (정복자): 신대륙 문명을 파괴하고 정복했던 스페인 탐험가들.
1536,기타 및 상식(최종최종 500개).hwpx,기타 및 상식,124,Conservatism (보수주의): 전통과 기존 질서를 지키고 점진적 변화를 추구하는 철학.
1537,기타 및 상식(최종최종 500개).hwpx,기타 및 상식,125,Conservatorship (성년 후견): 판단력이 부족한 사람을 위해 법원이 지정한 후견 제도.
1538,기타 및 상식(최종최종 500개).hwpx,기타 및 상식,126,Constitution (헌법): 통치 구조와 기본권을 규정한 국가 최상위 근본법.
1539,기타 및 상식(최종최종 500개).hwpx,기타 및 상식,127,Contempt of Court (법정 모독죄): 법원의 명령을 무시하거나 재판을 방해하는 행위.
1540,기타 및 상식(최종최종 500개).hwpx,기타 및 상식,128,Contract Law (계약법): 당사자 간 약속의 유효성과 책임을 규율하는 민법.
1541,기타 및 상식(최종최종 500개).hwpx,기타 및 상식,129,Copyright (저작권): 창작물에 대해 창작자가 갖는 독점적 재산권.
1542,기타 및 상식(최종최종 500개).hwpx,기타 및 상식,130,Corpus delicti (범죄의 몸통): 실제 범죄가 발생했음을 보여주는 객관적 증거.
1543,기타 및 상식(최종최종 500개).hwpx,기타 및 상식,131,Counter-Reformation (반종교 개혁): 가톨릭이 개신교 확산에 대응해 벌인 내부 쇄신 운동.
1544,기타 및 상식(최종최종 500개).hwpx,기타 및 상식,132,Creationism (창조론): 만물이 신의 직접적 설계로 만들어졌다는 신념.
1545,기타 및 상식(최종최종 500개).hwpx,기타 및 상식,133,Criminal Law (형법): 범죄의 종류와 그에 따른 형벌을 정해놓은 법률.
1546,기타 및 상식(최종최종 500개).hwpx,기타 및 상식,134,Cross-examination (반대 신문): 상대방 증언의 허점을 파고드는 법정 질문 절차.
1547,기타 및 상식(최종최종 500개).hwpx,기타 및 상식,135,Cubism (입체파): 사물을 기하학적으로 해체해 평면에 재조립한 미술 사조.
1548,기타 및 상식(최종최종 500개).hwpx,기타 및 상식,136,Cul-de-sac (컬데삭): 막다른 골목. 더 이상 진행할 수 없는 궁지.
1549,기타 및 상식(최종최종 500개).hwpx,기타 및 상식,137,Cult (사이비 종교): 특정 교주를 맹목 숭배하는 반사회적 소수 종교 집단.
1550,기타 및 상식(최종최종 500개).hwpx,기타 및 상식,138,Cultural Revolution (문화 대혁명): 마오쩌둥 주도의 중국 사회·문화 파괴 운동.
1551,기타 및 상식(최종최종 500개).hwpx,기타 및 상식,139,Cum laude (우등으로): 성적이 우수한 졸업생에게 수여하는 명예 등급.
1552,기타 및 상식(최종최종 500개).hwpx,기타 및 상식,140,Cupid (큐피드): 로마 신화 속 사랑과 욕망의 신 (에로스).
1553,기타 및 상식(최종최종 500개).hwpx,기타 및 상식,141,Curriculum (교육과정): 학교가 체계적으로 짜놓은 종합 학습 계획.
1554,기타 및 상식(최종최종 500개).hwpx,기타 및 상식,142,Cyclops (키클로프스): 신화 속 외눈박이 거인 괴물 종족.
1555,기타 및 상식(최종최종 500개).hwpx,기타 및 상식,143,Czardom (차르 체제): 러시아 황제 '차르'가 다스리던 절대 군주제.
1556,기타 및 상식(최종최종 500개).hwpx,기타 및 상식,144,D
1557,기타 및 상식(최종최종 500개).hwpx,기타 및 상식,145,Damages (손해 배상금): 피해자의 손실을 보상하기 위해 법원이 명령한 금전.
1558,기타 및 상식(최종최종 500개).hwpx,기타 및 상식,146,Dark Ages (암흡시대): 서유럽 문화가 정체되었던 중세 초기.
1559,기타 및 상식(최종최종 500개).hwpx,기타 및 상식,147,De Facto (데 팍토): 사실상의. 법적 절차와 무관하게 실제 존재하는 상태.
1560,기타 및 상식(최종최종 500개).hwpx,기타 및 상식,148,De Jure (데 유레): 법률상의. 법적인 정당성을 가진 공식적 상태.
1561,기타 및 상식(최종최종 500개).hwpx,기타 및 상식,149,Dean (학장): 대학 내 단과대학의 행정과 교육을 총괄하는 책임자.
1562,기타 및 상식(최종최종 500개).hwpx,기타 및 상식,150,Decolonization (탈식민지화): 식민 지배를 받던 약소국들이 독립을 쟁취하는 과정.
1563,기타 및 상식(최종최종 500개).hwpx,기타 및 상식,151,Deduction (연역법): 보편적 전제에서 구체적 결론을 이끌어내는 추론 방식.
1564,기타 및 상식(최종최종 500개).hwpx,기타 및 상식,152,Defamation (명예훼손): 거짓으로 타인의 사회적 평판을 파괴하는 범죄.
1565,기타 및 상식(최종최종 500개).hwpx,기타 및 상식,153,Defendant (피고): 소송을 당하거나 범죄 혐의로 법정에 선 당사자.
1566,기타 및 상식(최종최종 500개).hwpx,기타 및 상식,154,Defense Mechanism (방어 기제): 스트레스 시 자아를 보호하려는 무의식적 심리 장치.
1567,기타 및 상식(최종최종 500개).hwpx,기타 및 상식,155,Degree (학위): 대학 과정을 마친 이에게 수여하는 공식적 학력 증서.
1568,기타 및 상식(최종최종 500개).hwpx,기타 및 상식,156,Déjà vu (데자뷔): 처음 겪는 일인데 과거에 본 듯한 기시감 현상.
1569,기타 및 상식(최종최종 500개).hwpx,기타 및 상식,157,Delusion (망상): 타당한 근거 없이 고집하는 병적인 헛된 믿음.
1570,기타 및 상식(최종최종 500개).hwpx,기타 및 상식,158,Dementia (치매): 뇌세포 손상으로 인지 기능이 무너지는 퇴행성 질환.
1571,기타 및 상식(최종최종 500개).hwpx,기타 및 상식,159,Demeter (데메테르): 그리스 신화 속 농업과 풍요의 여신.
1572,기타 및 상식(최종최종 500개).hwpx,기타 및 상식,160,Democracy (민주주의): 국민이 주권을 갖고 대표자를 통해 통치하는 체제.
1573,기타 및 상식(최종최종 500개).hwpx,기타 및 상식,161,Demon (악마): 신의 뜻에 거역하고 불행을 가져다주는 영적 존재.
1574,기타 및 상식(최종최종 500개).hwpx,기타 및 상식,162,Deposition (선서 증언): 재판 전 법원 밖에서 증인을 심문해 기록한 조서.
1575,기타 및 상식(최종최종 500개).hwpx,기타 및 상식,163,Depression (우울증): 무기력과 슬픔이 지속되는 심각한 정신 질환.
1576,기타 및 상식(최종최종 500개).hwpx,기타 및 상식,164,Despotism (전제정치): 통치자 1인이 무제한적 절대 권력을 휘두르는 체제.
1577,기타 및 상식(최종최종 500개).hwpx,기타 및 상식,165,Determinism (결정론): 모든 사건이 인과 법칙에 의해 미리 결정되어 있다는 사상.
1578,기타 및 상식(최종최종 500개).hwpx,기타 및 상식,166,Deus ex machina (데우스 엑스 마키나): 극의 결말에 난데없이 나타나 문제를 해결하는 기법.
1579,기타 및 상식(최종최종 500개).hwpx,기타 및 상식,167,Dharma (다르마): 우주의 근본 질서와 인간이 지켜야 할 도리.
1580,기타 및 상식(최종최종 500개).hwpx,기타 및 상식,168,Dialectic (변증법): 정·반·합의 과정을 통해 진리로 나아가는 논리 방식.
1581,기타 및 상식(최종최종 500개).hwpx,기타 및 상식,169,Diaspora (디아스포라): 본토를 떠나 타국에서 공동체를 이루며 사는 이주민 집단.
1582,기타 및 상식(최종최종 500개).hwpx,기타 및 상식,170,Dictatorship (독재): 비합법적으로 권력을 장악해 자유를 억압하는 정치 체제.
1583,기타 및 상식(최종최종 500개).hwpx,기타 및 상식,171,Diploma (졸업장): 교육 과정을 마쳤음을 증명하는 공식 서류.
1584,기타 및 상식(최종최종 500개).hwpx,기타 및 상식,172,"Dionysus (디오니소스): 와인, 축제, 황홀경을 주관하는 열정의 신."
1585,기타 및 상식(최종최종 500개).hwpx,기타 및 상식,173,Discovery (증거 개시 절차): 재판 전 양측이 증거 자료를 의무적으로 공개하는 절차.
1586,기타 및 상식(최종최종 500개).hwpx,기타 및 상식,174,Dissertation (박사 학위 논문): 독창적 연구를 통해 박사 학위를 받기 위해 쓰는 논문.
1587,기타 및 상식(최종최종 500개).hwpx,기타 및 상식,175,Doctorate (박사 학위): 고등 교육의 최고 단계 학위 (Ph.D.).
1588,기타 및 상식(최종최종 500개).hwpx,기타 및 상식,176,Dogma (도그마): 의심 없이 무조건 믿어야 하는 절대적인 종교·정치적 교리.
1589,기타 및 상식(최종최종 500개).hwpx,기타 및 상식,177,Dopamine (도파민): 쾌락과 성취감을 느끼게 하는 뇌 속 신경 전달 물질.
1590,기타 및 상식(최종최종 500개).hwpx,기타 및 상식,178,Dormitory (기숙사): 학생들을 위해 학교에서 제공하는 공동 주거 시설.
1591,기타 및 상식(최종최종 500개).hwpx,기타 및 상식,179,Double Jeopardy (일사부재리): 확정 판결이 난 사건으로 다시 재판받지 않는 원칙.
1592,기타 및 상식(최종최종 500개).hwpx,기타 및 상식,180,Dualism (이원론): 세상이 정신과 물질 등 두 근본 원리로 이루어졌다는 사상.
1593,기타 및 상식(최종최종 500개).hwpx,기타 및 상식,181,Due Process (적법 절차): 권력이 행해질 때 반드시 법적 절차를 지켜야 하는 원칙.
1594,기타 및 상식(최종최종 500개).hwpx,기타 및 상식,182,Dunning-Kruger Effect (더닝-크루거 효과): 초보자일수록 실력을 과대평가하는 인지 편향 현상.
1595,기타 및 상식(최종최종 500개).hwpx,기타 및 상식,183,Dynasty (왕조): 같은 가문이 권력을 대대로 세습하며 다스리는 체제.
1596,기타 및 상식(최종최종 500개).hwpx,기타 및 상식,184,Dyslexia (난독증): 지능은 정상이나 읽고 쓰는 데 어려움을 겪는 학습 장애.
1597,기타 및 상식(최종최종 500개).hwpx,기타 및 상식,185,E
1598,기타 및 상식(최종최종 500개).hwpx,기타 및 상식,186,Echo Chamber (에코 체임버): 비슷한 의견만 반복 청취하며 신념이 강화되는 현상.
1599,기타 및 상식(최종최종 500개).hwpx,기타 및 상식,187,Ecumenism (교회 일치 운동): 분열된 기독교 종파들이 화해하고 통합하려는 운동.
1600,기타 및 상식(최종최종 500개).hwpx,기타 및 상식,188,Ego (자아): 본능과 양심 사이에서 현실적 타협점을 찾는 마음의 사령관.
1601,기타 및 상식(최종최종 500개).hwpx,기타 및 상식,189,Egocentrism (자기중심주의): 타인의 관점을 이해하지 못하고 자기 시각으로만 보는 태도.
1602,기타 및 상식(최종최종 500개).hwpx,기타 및 상식,190,Emancipation (해방): 억압과 굴레에서 벗어나 자유와 권리를 쟁취함.
1603,기타 및 상식(최종최종 500개).hwpx,기타 및 상식,191,Embezzlement (횡령죄): 보관 중인 타인의 재산을 불법으로 가로채는 범죄.
1604,기타 및 상식(최종최종 500개).hwpx,기타 및 상식,192,Emeritus (명예직): 은퇴한 교수 등에게 공로를 기려 부여하는 명예로운 지위.
1605,기타 및 상식(최종최종 500개).hwpx,기타 및 상식,193,Empathy (공감): 타인의 감정을 내 것처럼 똑같이 느끼고 이해하는 능력.
1606,기타 및 상식(최종최종 500개).hwpx,기타 및 상식,194,Empire (제국): 강력한 무력으로 여러 민족과 영토를 지배하는 거대 국가.
1607,기타 및 상식(최종최종 500개).hwpx,기타 및 상식,195,Empiricism (경험주의): 모든 지식은 오감을 통한 경험에서 비롯된다는 철학.
1608,기타 및 상식(최종최종 500개).hwpx,기타 및 상식,196,Endorphin (엔돌핀): 고통을 줄이고 쾌감을 주는 천연 마약 성 신경 물질.
1609,기타 및 상식(최종최종 500개).hwpx,기타 및 상식,197,Enlightenment (계몽주의): 이성의 빛으로 무지를 깨치고 인류 진보를 꾀한 사상 운동.
1610,기타 및 상식(최종최종 500개).hwpx,기타 및 상식,198,Enrollment (등록): 학교 행정부에 이름을 올려 학생 신분을 획득하는 과정.
1611,기타 및 상식(최종최종 500개).hwpx,기타 및 상식,199,"Epistemology (인식론): 지식의 기원과 본질, 한계를 탐구하는 철학 분야."
1612,기타 및 상식(최종최종 500개).hwpx,기타 및 상식,200,Ergo (그러므로): 앞선 전제에서 결론을 이끌어낼 때 쓰는 라틴어.
1613,기타 및 상식(최종최종 500개).hwpx,기타 및 상식,201,"Et Al. (엣 알): ~등, 그 외 사람들. 저자 목록 생략 시 주로 사용."
1614,기타 및 상식(최종최종 500개).hwpx,기타 및 상식,202,Et Cetera (etc.): 기타 등등. 같은 종류의 항목들을 생략할 때 사용.
1615,기타 및 상식(최종최종 500개).hwpx,기타 및 상식,203,"Et tu Brute (브루투스, 너마저도): 믿었던 이에게 배신당했을 때 내뱉는 탄식."
1616,기타 및 상식(최종최종 500개).hwpx,기타 및 상식,204,Ethics (윤리학): 무엇이 선하고 옳은 삶인지 탐구하는 실천 철학.
1617,기타 및 상식(최종최종 500개).hwpx,기타 및 상식,205,Eucharist (성찬식): 예수의 희생을 기념하며 빵과 포도주를 나누는 의식.
1618,기타 및 상식(최종최종 500개).hwpx,기타 및 상식,206,Ex Libris (장서인): '누구의 책에서'라는 뜻의 소유권을 나타내는 도장.
1619,기타 및 상식(최종최종 500개).hwpx,기타 및 상식,207,Ex Officio (엑스 오피시오): 특정 직위 때문에 당연히 부여되는 직권이나 권한.
1620,기타 및 상식(최종최종 500개).hwpx,기타 및 상식,208,Ex Post Facto (사후 법): 사건 발생 후에 만들어진 법을 소급 적용해 처벌하는 것.
1621,기타 및 상식(최종최종 500개).hwpx,기타 및 상식,209,Excommunication (파문): 종교 공동체에서 회원을 강제 추방하는 징벌.
1622,기타 및 상식(최종최종 500개).hwpx,기타 및 상식,210,Existentialism (실존주의): 스스로 삶의 의미를 창조해야 한다는 철학.
1623,기타 및 상식(최종최종 500개).hwpx,기타 및 상식,211,Exit Strategy (출구 전략): 위기 상황에서 부작용 없이 발을 빼는 전략.
1624,기타 및 상식(최종최종 500개).hwpx,기타 및 상식,212,Extortion (갈취): 협박으로 타인의 돈이나 재산을 뜯어내는 행위.
1625,기타 및 상식(최종최종 500개).hwpx,기타 및 상식,213,Extradition (범죄인 인도): 도망친 범죄자를 본국으로 잡아 보내는 국가 간 절차.
1626,기타 및 상식(최종최종 500개).hwpx,기타 및 상식,214,Extrovert (외향성): 외부 활동과 타인과의 어울림에서 에너지를 얻는 성향.
1627,기타 및 상식(최종최종 500개).hwpx,기타 및 상식,215,F - G
1628,기타 및 상식(최종최종 500개).hwpx,기타 및 상식,216,Faculty (교수진): 대학에서 학문을 가르치고 연구하는 전문가 그룹 전체.
1629,기타 및 상식(최종최종 500개).hwpx,기타 및 상식,217,Fait Accompli (페 아콩플리): 기정사실. 이미 벌어져서 돌이킬 수 없는 상태.
1630,기타 및 상식(최종최종 500개).hwpx,기타 및 상식,218,Fallacy (오류): 겉보기엔 타당하나 실제로는 논리적 허점이 있는 추론.
1631,기타 및 상식(최종최종 500개).hwpx,기타 및 상식,219,Fascism (파시즘): 개인보다 국가와 민족의 영광을 우선시하는 독재 사상.
1632,기타 및 상식(최종최종 500개).hwpx,기타 및 상식,220,Fatalism (운명론): 모든 일이 정해진 운명대로 흘러간다는 비관적 인생관.
1633,기타 및 상식(최종최종 500개).hwpx,기타 및 상식,221,Fellowship (펠로십): 연구에 몰두할 수 있게 무상으로 지원하는 학술 장학금.
1634,기타 및 상식(최종최종 500개).hwpx,기타 및 상식,222,Felony (중범죄): 살인·강도 등 1년 이상의 무거운 징역형이 따르는 범죄.
1635,기타 및 상식(최종최종 500개).hwpx,기타 및 상식,223,Feudalism (봉건제): 영주와 농노 사이의 계약에 기반한 중세의 사회 체제.
1636,기타 및 상식(최종최종 500개).hwpx,기타 및 상식,224,Flipped Learning (플립 러닝): 집에서 미리 학습하고 교실에선 토론하는 교육 모델.
1637,기타 및 상식(최종최종 500개).hwpx,기타 및 상식,225,FOMO Syndrome: 자신만 유행에서 소외될까 봐 불안해하는 증상.
1638,기타 및 상식(최종최종 500개).hwpx,기타 및 상식,226,Force Majeure (불가항력): 천재지변처럼 사람의 힘으로 막을 수 없는 사건.
1639,기타 및 상식(최종최종 500개).hwpx,기타 및 상식,227,Forgery (위조죄): 기만 목적으로 문서나 화폐를 가짜로 만들어내는 행위.
1640,기타 및 상식(최종최종 500개).hwpx,기타 및 상식,228,Fraternity (남학생 클럽): 미국 대학의 남성 중심 배타적 사교 동아리.
1641,기타 및 상식(최종최종 500개).hwpx,기타 및 상식,229,Fraud (사기죄): 타인을 속여 재산상 이익을 취하는 지능 범죄.
1642,기타 및 상식(최종최종 500개).hwpx,기타 및 상식,230,French Revolution (프랑스 대혁명): 근대 민주주의의 기틀을 마련한 시민 혁명.
1643,기타 및 상식(최종최종 500개).hwpx,기타 및 상식,231,Freshman (신입생): 대학교나 고등학교의 1학년 학생.
1644,기타 및 상식(최종최종 500개).hwpx,기타 및 상식,232,Freudian Slip (말실수): 무의식 속의 진심이 무방비 상태에서 튀어나오는 현상.
1645,기타 및 상식(최종최종 500개).hwpx,기타 및 상식,233,Gaslighting (가스라이팅): 상황 조작으로 타인의 판단력을 잃게 만드는 심리 지배.
1646,기타 및 상식(최종최종 500개).hwpx,기타 및 상식,234,Genesis (창세기): 천지 창조와 인류의 시작을 다룬 성경의 첫머리.
1647,기타 및 상식(최종최종 500개).hwpx,기타 및 상식,235,Genocide (제노사이드): 특정 집단을 멸절시킬 목적으로 자행하는 대량 학살.
1648,기타 및 상식(최종최종 500개).hwpx,기타 및 상식,236,Gentile (이방인): 유대교 관점에서 유대인이 아닌 모든 민족.
1649,기타 및 상식(최종최종 500개).hwpx,기타 및 상식,237,Gerrymandering (게리맨더링): 특정 정당에 유리하게 선거구를 획정하는 행위.
1650,기타 및 상식(최종최종 500개).hwpx,기타 및 상식,238,Gerontocracy (제론토크라시): 노년층이 권력을 장악하고 있는 정치 체제.
1651,기타 및 상식(최종최종 500개).hwpx,기타 및 상식,239,Gig Economy: 필요할 때마다 계약을 맺는 단기 노동 형태.
1652,기타 및 상식(최종최종 500개).hwpx,기타 및 상식,240,Glass Ceiling (유리 천장): 여성이나 소수자의 승진을 막는 보이지 않는 장벽.
1653,기타 및 상식(최종최종 500개).hwpx,기타 및 상식,241,Glass Cliff (유리 절벽): 위기 상황에서 책임을 전가하려 여성을 리더로 세우는 현상.
1654,기타 및 상식(최종최종 500개).hwpx,기타 및 상식,242,Globalization (세계화): 국경이 헐리고 지구촌이 하나로 연결되는 통합 현상.
1655,기타 및 상식(최종최종 500개).hwpx,기타 및 상식,243,Gospel (복음): 예수 그리스도의 가르침과 생애를 담은 기쁜 소식.
1656,기타 및 상식(최종최종 500개).hwpx,기타 및 상식,244,Gothic (고딕): 높이 솟은 첨탑과 스테인드글라스가 특징인 중세 건축 양식.
1657,기타 및 상식(최종최종 500개).hwpx,기타 및 상식,245,GPA: 이수한 모든 과목 학점의 평균 수치.
1658,기타 및 상식(최종최종 500개).hwpx,기타 및 상식,246,Graduate (대학원생): 학사 졸업 후 석·박사 과정을 밟고 있는 사람.
1659,기타 및 상식(최종최종 500개).hwpx,기타 및 상식,247,Grand Jury (대배심): 시민들이 피의자의 기소 여부를 직접 결정하는 제도.
1660,기타 및 상식(최종최종 500개).hwpx,기타 및 상식,248,Great Depression (세계 대공황): 1929년에 시작된 전 세계적 경제 대침체기.
1661,기타 및 상식(최종최종 500개).hwpx,기타 및 상식,249,Greenwashing (그린워싱): 위장 환경주의. 실제론 해로우나 친환경인 척 홍보함.
1662,기타 및 상식(최종최종 500개).hwpx,기타 및 상식,250,Guild (길드): 중세 상인이나 수공업자들이 이익을 위해 결성한 조합.
1663,기타 및 상식(최종최종 500개).hwpx,기타 및 상식,251,Guilty (유죄): 범죄를 저질렀음이 법적으로 입증된 상태.
1664,기타 및 상식(최종최종 500개).hwpx,기타 및 상식,252,H - I
1665,기타 및 상식(최종최종 500개).hwpx,기타 및 상식,253,Habeas Corpus (인신보호영장): 구속의 적법성을 따져 석방을 명령할 수 있는 제도.
1666,기타 및 상식(최종최종 500개).hwpx,기타 및 상식,254,Hades (하데스): 그리스 신화 속 지하 세계의 왕이나 그 공간.
1667,기타 및 상식(최종최종 500개).hwpx,기타 및 상식,255,Hallucination (환각): 외부 자극이 없는데도 있는 것처럼 느끼는 지각 오류.
1668,기타 및 상식(최종최종 500개).hwpx,기타 및 상식,256,Hard Power (하드 파워): 군사력·경제력 등 강제로 복종시키는 물리적인 힘.
1669,기타 및 상식(최종최종 500개).hwpx,기타 및 상식,257,Hedonism (쾌락주의): 삶의 궁극적 목적이 쾌락의 극대화에 있다고 믿는 철학.
1670,기타 및 상식(최종최종 500개).hwpx,기타 및 상식,258,Hegemony (헤게모니): 지배 집단이 상식과 문화를 통해 행사하는 강력한 지배력.
1671,기타 및 상식(최종최종 500개).hwpx,기타 및 상식,259,Hellenism (헬레니즘): 그리스 문화와 동방 문명이 융합된 화려한 문화 시대.
1672,기타 및 상식(최종최종 500개).hwpx,기타 및 상식,260,Heresy (이단): 정통 교리에서 벗어나 다른 주장을 하는 종교적 파벌.
1673,기타 및 상식(최종최종 500개).hwpx,기타 및 상식,261,Hermes (헤르메스): 신들의 메시지를 전달하는 전령의 신.
1674,기타 및 상식(최종최종 500개).hwpx,기타 및 상식,262,Hinduism (힌두교): 수많은 신을 섬기며 윤회와 업보를 믿는 인도의 종교.
1675,기타 및 상식(최종최종 500개).hwpx,기타 및 상식,263,Holocaust (홀로코스트): 나치에 의해 자행된 유대인 대량 학살.
1676,기타 및 상식(최종최종 500개).hwpx,기타 및 상식,264,"Holy Grail (성배): 전설 속의 기적의 잔, 또는 도달하기 힘든 궁극적 목표."
1677,기타 및 상식(최종최종 500개).hwpx,기타 및 상식,265,Homeschooling (홈스쿨링): 학교 대신 집에서 부모가 직접 가르치는 대안 교육.
1678,기타 및 상식(최종최종 500개).hwpx,기타 및 상식,266,Homicide (살인): 타인의 생명을 끊게 한 모든 행위의 법률적 총칭.
1679,기타 및 상식(최종최종 500개).hwpx,기타 및 상식,267,Humanism (인문주의): 인간의 존엄성과 가치를 최고의 중심으로 삼는 사상.
1680,기타 및 상식(최종최종 500개).hwpx,기타 및 상식,268,Humanities (인문학): 철학·역사·문학 등 인간의 본질을 탐구하는 학문.
1681,기타 및 상식(최종최종 500개).hwpx,기타 및 상식,269,Hypnosis (최면): 암시를 통해 의식의 통제력이 느슨해진 트랜스 상태.
1682,기타 및 상식(최종최종 500개).hwpx,기타 및 상식,270,Hypochondria (건강염려증): 병이 없어도 심각한 병에 걸렸다고 믿는 불안증.
1683,기타 및 상식(최종최종 500개).hwpx,기타 및 상식,271,Hysteria (히스테리): 심리적 갈등이 과장된 신체 증상이나 감정 폭발로 나타남.
1684,기타 및 상식(최종최종 500개).hwpx,기타 및 상식,272,Id (이드): 본능적 욕구와 쾌락만을 쫓는 인간 무의식의 밑바닥.
1685,기타 및 상식(최종최종 500개).hwpx,기타 및 상식,273,Idealism (이상주의): 현실보다 도덕적 원칙이나 완벽한 가치를 추구하는 태도.
1686,기타 및 상식(최종최종 500개).hwpx,기타 및 상식,274,"Idol (우상): 숭배의 대상이 되는 조각상, 또는 최고 인기의 연예인."
1687,기타 및 상식(최종최종 500개).hwpx,기타 및 상식,275,Iliad (일리아스): 트로이 전쟁을 배경으로 한 호메로스의 위대한 서사시.
1688,기타 및 상식(최종최종 500개).hwpx,기타 및 상식,276,Illusion (착각): 실제 존재하는 자극을 뇌가 왜곡되게 잘못 해석하는 현상.
1689,기타 및 상식(최종최종 500개).hwpx,기타 및 상식,277,Imperialism (제국주의): 무력으로 약소국을 식민지로 삼아 지배하려는 정책.
1690,기타 및 상식(최종최종 500개).hwpx,기타 및 상식,278,Impeachment (탄핵): 고위 공직자의 비위를 국회가 고발해 내쫓는 절차.
1691,기타 및 상식(최종최종 500개).hwpx,기타 및 상식,279,Impressionism (인상주의): 찰나의 빛과 색채를 포착하려 했던 미술 혁명 사조.
1692,기타 및 상식(최종최종 500개).hwpx,기타 및 상식,280,In absentia (궐석): 당사자가 없는 상태에서 재판을 진행하는 것.
1693,기타 및 상식(최종최종 500개).hwpx,기타 및 상식,281,In camera (비공개로): 방청객 없이 밀폐된 법정에서 진행되는 심리.
1694,기타 및 상식(최종최종 500개).hwpx,기타 및 상식,282,In cognito (익명으로): 진짜 신분을 감추고 비밀리에 활동하는 상태.
1695,기타 및 상식(최종최종 500개).hwpx,기타 및 상식,283,In loco parentis (부모 대행): 교사 등이 미성년 학생에 대해 갖는 부모 대행권.
1696,기타 및 상식(최종최종 500개).hwpx,기타 및 상식,284,In medias res (사건 한복판): 도입부 없이 바로 클라이맥스부터 시작하는 서사 기법.
1697,기타 및 상식(최종최종 500개).hwpx,기타 및 상식,285,In memoriam (추모하며): 고인을 기억하고 기리는 뜻으로 쓰는 라틴어 문구.
1698,기타 및 상식(최종최종 500개).hwpx,기타 및 상식,286,In situ (제자리에): 유물 등이 발견된 원래 위치에 그대로 있는 상태.
1699,기타 및 상식(최종최종 500개).hwpx,기타 및 상식,287,In vitro (체외에서): 유리 용기 내(시험관 등)에서 수행되는 실험 과정.
1700,기타 및 상식(최종최종 500개).hwpx,기타 및 상식,288,In vivo (체내에서): 살아있는 생물체 내부에서 수행되는 실제 실험.
1701,기타 및 상식(최종최종 500개).hwpx,기타 및 상식,289,Indictment (기소): 범죄 혐의가 충분해 피의자를 재판에 넘기는 검사의 고발.
1702,기타 및 상식(최종최종 500개).hwpx,기타 및 상식,290,Induction (귀납법): 개별적 사실들을 모아 보편적 결론을 내는 추론 방식.
1703,기타 및 상식(최종최종 500개).hwpx,기타 및 상식,291,Industrial Revolution (산업 혁명): 기계 도입으로 농경 사회가 산업 사회로 바뀐 변혁기.
1704,기타 및 상식(최종최종 500개).hwpx,기타 및 상식,292,Inferiority Complex (열등감): 자신이 타인보다 열등하다고 믿고 집착하는 상태.
1705,기타 및 상식(최종최종 500개).hwpx,기타 및 상식,293,Injunction (금지 명령): 법원이 특정 행위를 당장 멈추라고 내리는 가처분 명령.
1706,기타 및 상식(최종최종 500개).hwpx,기타 및 상식,294,Inquisition (종교 재판): 이단자를 색출하고 처벌했던 로마 가톨릭의 사법 기구.
1707,기타 및 상식(최종최종 500개).hwpx,기타 및 상식,295,Insanity Defense (심신 상실 항변): 정신 질환으로 사리 분별이 안 되었음을 주장함.
1708,기타 및 상식(최종최종 500개).hwpx,기타 및 상식,296,Insomnia (불면증): 피곤해도 잠을 들지 못하거나 자꾸 깨는 수면 장애.
1709,기타 및 상식(최종최종 500개).hwpx,기타 및 상식,297,Introvert (내향성): 자기 내면의 생각과 감정에 집중하며 에너지를 얻는 성향.
1710,기타 및 상식(최종최종 500개).hwpx,기타 및 상식,298,Ipso facto (그 자체로): 특정 행위나 사실 그 자체로 결론이 입증된다는 뜻.
1711,기타 및 상식(최종최종 500개).hwpx,기타 및 상식,299,Iron Age (철기 시대): 철제 도구와 무기를 대량으로 생산하던 인류사 시기.
1712,기타 및 상식(최종최종 500개).hwpx,기타 및 상식,300,Iron Curtain (철의 장막): 자유 진영과 공산 진영 사이의 단절을 뜻하는 은유.
1713,기타 및 상식(최종최종 500개).hwpx,기타 및 상식,301,Islam (이슬람교): 알라를 유일신으로 믿으며 쿠란의 가르침을 따르는 종교.
1714,기타 및 상식(최종최종 500개).hwpx,기타 및 상식,302,Isolationism (고립주의): 타국과의 군사 동맹이나 분쟁 개입을 피하려는 정책.
1715,기타 및 상식(최종최종 500개).hwpx,기타 및 상식,303,Ivy League (아이비리그): 미국 북동부에 위치한 8개 초일류 명문 사립 대학.
1716,기타 및 상식(최종최종 500개).hwpx,기타 및 상식,304,J - L
1717,기타 및 상식(최종최종 500개).hwpx,기타 및 상식,305,Jacobin (자코뱅): 프랑스 대혁명 당시 공포 정치를 주도한 과격 급진파.
1718,기타 및 상식(최종최종 500개).hwpx,기타 및 상식,306,Judaism (유대교): 선택받은 민족임을 믿는 유대인들의 민족 종교.
1719,기타 및 상식(최종최종 500개).hwpx,기타 및 상식,307,Junior (주니어): 고등학교나 대학교의 3학년 학생.
1720,기타 및 상식(최종최종 500개).hwpx,기타 및 상식,308,"Jupiter (주피터): 로마 신화의 최고신, 또는 태양계의 목성."
1721,기타 및 상식(최종최종 500개).hwpx,기타 및 상식,309,"Jurisprudence (법리학): 법의 본질과 기원, 목적을 연구하는 철학적 학문."
1722,기타 및 상식(최종최종 500개).hwpx,기타 및 상식,310,Jury (배심원단): 유무죄를 직접 결정하기 위해 무작위로 뽑힌 일반 시민들.
1723,기타 및 상식(최종최종 500개).hwpx,기타 및 상식,311,Juvenile Law (소년법): 미성년 범죄자의 교화와 선도를 목적으로 하는 특별법.
1724,기타 및 상식(최종최종 500개).hwpx,기타 및 상식,312,K-Culture: 전 세계적으로 유행하는 한국의 대중문화 전반.
1725,기타 및 상식(최종최종 500개).hwpx,기타 및 상식,313,Karma (카르마): 과거의 행위가 현재와 미래를 결정짓는다는 인과응보의 원리.
1726,기타 및 상식(최종최종 500개).hwpx,기타 및 상식,314,Kindergarten (유치원): 놀이를 통해 아이들의 잠재력을 키우는 취학 전 교육 기관.
1727,기타 및 상식(최종최종 500개).hwpx,기타 및 상식,315,Kleptomania (도벽): 물건이 필요 없어도 훔치는 짜릿함에 중독된 정신 장애.
1728,기타 및 상식(최종최종 500개).hwpx,기타 및 상식,316,Laissez-faire (자유방임): 국가의 간섭 없이 경제를 개인의 자유에 맡기는 원칙.
1729,기타 및 상식(최종최종 500개).hwpx,기타 및 상식,317,Lame Duck (레임 덕): 임기 말 공직자의 통치력이 약해진 상태.
1730,기타 및 상식(최종최종 500개).hwpx,기타 및 상식,318,Larceny (절도죄): 타인의 물건을 고의로 몰래 훔쳐가는 가장 기본적 범죄.
1731,기타 및 상식(최종최종 500개).hwpx,기타 및 상식,319,Lecture (강의): 교수가 지식을 일방적으로 설명하고 가르치는 수업 방식.
1732,기타 및 상식(최종최종 500개).hwpx,기타 및 상식,320,Liberal Arts (교양): 지식인이 갖춰야 할 폭넓고 기초적인 학문 분야 총칭.
1733,기타 및 상식(최종최종 500개).hwpx,기타 및 상식,321,Libel (문서 명예훼손): 글이나 그림으로 타인의 명예를 파괴하는 악질적 범죄.
1734,기타 및 상식(최종최종 500개).hwpx,기타 및 상식,322,Libido (리비도): 인간 행동의 근원이 되는 맹목적인 생명 에너지.
1735,기타 및 상식(최종최종 500개).hwpx,기타 및 상식,323,Lingua franca (링구아 프랑카): 서로 다른 민족끼리 소통을 위해 쓰는 공용어.
1736,기타 및 상식(최종최종 500개).hwpx,기타 및 상식,324,Literacy (문해력): 글을 읽고 맥락을 정확히 이해하며 활용하는 종합 능력.
1737,기타 및 상식(최종최종 500개).hwpx,기타 및 상식,325,Litigation (소송): 법원에서 판결을 받아내기 위해 다투는 법적 분쟁 절차.
1738,기타 및 상식(최종최종 500개).hwpx,기타 및 상식,326,Logic (논리학): 올바른 사고와 추론의 규칙을 연구하는 철학 분야.
1739,기타 및 상식(최종최종 500개).hwpx,기타 및 상식,327,M
1740,기타 및 상식(최종최종 500개).hwpx,기타 및 상식,328,M.A. (문학 석사): 인문·사회 분야 대학원에서 석사 학위를 취득한 자.
1741,기타 및 상식(최종최종 500개).hwpx,기타 및 상식,329,Magna Carta (마그나 카르타): 왕의 권력을 법 아래 둔 위대한 자유의 헌장.
1742,기타 및 상식(최종최종 500개).hwpx,기타 및 상식,330,Magna cum laude (우수 우등): 상위 10~15%의 우수한 졸업생에게 수여하는 등급.
1743,기타 및 상식(최종최종 500개).hwpx,기타 및 상식,331,Magnum opus (걸작): 예술가 평생의 역작이자 최고의 작품.
1744,기타 및 상식(최종최종 500개).hwpx,기타 및 상식,332,Major (전공): 대학생이 가장 집중적으로 파고들어 공부하는 주된 학문.
1745,기타 및 상식(최종최종 500개).hwpx,기타 및 상식,333,Malpractice (전문가 과실): 의사나 변호사 등 전문가가 마땅한 의무를 어긴 실수.
1746,기타 및 상식(최종최종 500개).hwpx,기타 및 상식,334,Mandamus (직무 집행 명령): 공무원에게 법적 의무를 똑바로 하라고 내리는 상급 법원 명령.
1747,기타 및 상식(최종최종 500개).hwpx,기타 및 상식,335,Mania (조증): 기분이 비정상적으로 들떠 폭주하는 정신 상태.
1748,기타 및 상식(최종최종 500개).hwpx,기타 및 상식,336,Manifest Destiny (명백한 운명): 19세기 미국의 팽창주의를 합리화했던 사상.
1749,기타 및 상식(최종최종 500개).hwpx,기타 및 상식,337,Manor (장원): 영주와 농노가 자급자족하며 살던 중세 유럽의 영지.
1750,기타 및 상식(최종최종 500개).hwpx,기타 및 상식,338,Manslaughter (과실치사): 고의 없이 실수나 부주의로 사람을 죽게 한 범죄.
1751,기타 및 상식(최종최종 500개).hwpx,기타 및 상식,339,Mantra (만트라): 명상 시 잡념을 없애기 위해 외우는 신비한 소리나 주문.
1752,기타 및 상식(최종최종 500개).hwpx,기타 및 상식,340,"Mars (마르스): 로마 신화 속 전쟁의 신, 또는 태양계의 화성."
1753,기타 및 상식(최종최종 500개).hwpx,기타 및 상식,341,Martyr (순교자): 신념을 지키기 위해 기꺼이 목숨을 바친 위대한 희생자.
1754,기타 및 상식(최종최종 500개).hwpx,기타 및 상식,342,Marxism (마르크스주의): 계급 투쟁을 통해 평등 사회를 이루려는 혁명 이론.
1755,기타 및 상식(최종최종 500개).hwpx,기타 및 상식,343,Materialism (유물론): 정신보다 물질이 세상의 근본 본질이라고 믿는 사상.
1756,기타 및 상식(최종최종 500개).hwpx,기타 및 상식,344,Matriculation (입학): 정식으로 대학의 학생 명부에 이름을 올리는 절차.
1757,기타 및 상식(최종최종 500개).hwpx,기타 및 상식,345,Mea culpa (내 탓이오): 자신의 잘못을 인정하고 참회할 때 쓰는 라틴어.
1758,기타 및 상식(최종최종 500개).hwpx,기타 및 상식,346,Mediation (조정): 재판 전 제3자가 개입해 합의를 이끌어내는 분쟁 해결책.
1759,기타 및 상식(최종최종 500개).hwpx,기타 및 상식,347,Medusa (메두사): 눈이 마주치면 돌로 변하게 만드는 신화 속 괴물.
1760,기타 및 상식(최종최종 500개).hwpx,기타 및 상식,348,Melancholia (멜랑콜리아): 깊은 슬픔과 무기력에 짓눌린 병적인 우울 상태.
1761,기타 및 상식(최종최종 500개).hwpx,기타 및 상식,349,Memento mori (죽음을 기억하라): 누구나 죽는다는 사실을 잊지 말고 겸손하게 살라는 경구.
1762,기타 및 상식(최종최종 500개).hwpx,기타 및 상식,350,Meme (밈): 인터넷에서 복제되고 공유되는 모든 유행하는 문화 요소.
1763,기타 및 상식(최종최종 500개).hwpx,기타 및 상식,351,Mens rea (범의): 범죄를 저지르려 한 고의적이고 악한 마음 상태.
1764,기타 및 상식(최종최종 500개).hwpx,기타 및 상식,352,Mercantilism (중상주의): 국가가 금을 모으기 위해 무역을 통제했던 경제 정책.
1765,기타 및 상식(최종최종 500개).hwpx,기타 및 상식,353,"Mercury (머큐리): 신들의 메시지를 배달하는 전령의 신, 또는 수성."
1766,기타 및 상식(최종최종 500개).hwpx,기타 및 상식,354,Mesoamerica (메소아메리카): 아즈텍 등 고대 문명이 번성했던 중앙아메리카 일대.
1767,기타 및 상식(최종최종 500개).hwpx,기타 및 상식,355,Messiah (메시아): 인류를 구원할 구세주.
1768,기타 및 상식(최종최종 500개).hwpx,기타 및 상식,356,Metaphysics (형이상학): 존재와 우주의 근원적 본질을 묻는 가장 깊은 철학.
1769,기타 및 상식(최종최종 500개).hwpx,기타 및 상식,357,Metaverse (메타버스): 가공의 세계와 현실이 융합된 3차원 가상 세계.
1770,기타 및 상식(최종최종 500개).hwpx,기타 및 상식,358,Middle Ages (중세): 로마 멸망 후 르네상스 전까지의 약 천 년간의 유럽 역사.
1771,기타 및 상식(최종최종 500개).hwpx,기타 및 상식,359,Militarism (군국주의): 강력한 군사력을 국가의 최고 목표로 삼는 호전적 사상.
1772,기타 및 상식(최종최종 500개).hwpx,기타 및 상식,360,Ming Dynasty (명나라): 한족의 지배를 부활시켜 276년간 중국을 통치한 왕조.
1773,기타 및 상식(최종최종 500개).hwpx,기타 및 상식,361,Minor (미성년자): 법적으로 성년에 도달하지 않아 부모의 보호를 받는 사람.
1774,기타 및 상식(최종최종 500개).hwpx,기타 및 상식,362,Minotaur (미노타우로스): 소의 머리와 인간의 몸을 가진 신화 속 괴물.
1775,기타 및 상식(최종최종 500개).hwpx,기타 및 상식,363,Miranda Rule (미란다 원칙): 체포 시 피의자의 권리를 알려주지 않으면 증거로 못 쓴다는 원칙.
1776,기타 및 상식(최종최종 500개).hwpx,기타 및 상식,364,Misdemeanor (경범죄): 1년 미만의 징역형이나 벌금이 따르는 비교적 가벼운 범죄.
1777,기타 및 상식(최종최종 500개).hwpx,기타 및 상식,365,Mistrial (재판 무효): 치명적 하자로 인해 지금까지의 재판을 무효화하는 것.
1778,기타 및 상식(최종최종 500개).hwpx,기타 및 상식,366,Modernism (모더니즘): 전통을 거부하고 이성과 진보를 추구했던 문화 사조.
1779,기타 및 상식(최종최종 500개).hwpx,기타 및 상식,367,Modus operandi (범행 수법): 범인들마다 고유하게 지닌 반복적인 행동 패턴.
1780,기타 및 상식(최종최종 500개).hwpx,기타 및 상식,368,Monarchy (군주제): 왕이나 황제가 세습하며 국가를 다스리는 체제.
1781,기타 및 상식(최종최종 500개).hwpx,기타 및 상식,369,Monism (일원론): 우주의 근본 원리는 오직 하나뿐이라고 주장하는 사상.
1782,기타 및 상식(최종최종 500개).hwpx,기타 및 상식,370,Monopolies (독점): 특정 시장을 거대 기업이 장악해 경쟁자가 없는 상태.
1783,기타 및 상식(최종최종 500개).hwpx,기타 및 상식,371,Monotheism (유일신교): 이 우주를 다스리는 신은 오직 한 분뿐이라는 신앙.
1784,기타 및 상식(최종최종 500개).hwpx,기타 및 상식,372,MOOC (무크): 누구나 인터넷으로 무료 수강 가능한 대규모 온라인 강좌.
1785,기타 및 상식(최종최종 500개).hwpx,기타 및 상식,373,Moral Hazard (모럴 해저드): 제도적 맹점을 이용해 자기 이익만 챙기는 도덕적 해이.
1786,기타 및 상식(최종최종 500개).hwpx,기타 및 상식,374,Mosque (모스크): 이슬람교도들이 알라에게 기도드리는 성스러운 예배당.
1787,기타 및 상식(최종최종 500개).hwpx,기타 및 상식,375,Muses (무사): 예술과 학문에 영감을 불어넣어 주는 아홉 명의 여신.
1788,기타 및 상식(최종최종 500개).hwpx,기타 및 상식,376,Mutatis Mutandis (무타티스 무탄디스): 필요한 부분만 약간 수정하여 적용함(준용).
1789,기타 및 상식(최종최종 500개).hwpx,기타 및 상식,377,MZ Generation: 밀레니얼 세대와 Z세대를 합쳐 부르는 젊은 층 전체.
1790,기타 및 상식(최종최종 500개).hwpx,기타 및 상식,378,Myth (신화): 우주와 민족의 뿌리를 설명하기 위해 전해 내려오는 성스러운 이야기.
1791,기타 및 상식(최종최종 500개).hwpx,기타 및 상식,379,N
1792,기타 및 상식(최종최종 500개).hwpx,기타 및 상식,380,Narcissism (나르시시즘): 자신을 비정상적으로 과대평가하고 사랑하는 성격 장애.
1793,기타 및 상식(최종최종 500개).hwpx,기타 및 상식,381,Nationalism (민족주의): 자신이 속한 민족의 이익과 독립을 최우선시하는 사상.
1794,기타 및 상식(최종최종 500개).hwpx,기타 및 상식,382,Nazism (나치즘): 히틀러가 이끈 독일의 극단적이고 폭력적인 인종차별 독재 사상.
1795,기타 및 상식(최종최종 500개).hwpx,기타 및 상식,383,Negligence (과실): 마땅히 지켜야 할 주의 의무를 게을리해 피해를 준 책임.
1796,기타 및 상식(최종최종 500개).hwpx,기타 및 상식,384,Net Zero (넷 제로): 온실가스 배출량과 흡수량을 같게 해 실질적 배출을 0으로 만듦.
1797,기타 및 상식(최종최종 500개).hwpx,기타 및 상식,385,NFT (대체 불가능 토큰): 디지털 자산에 고유한 가치를 부여한 블록체인 기반 증표.
1798,기타 및 상식(최종최종 500개).hwpx,기타 및 상식,386,Neoclassicism (신고전주의): 고대 그리스·로마의 균형 잡힌 절제미를 부활시킨 예술 사조.
1799,기타 및 상식(최종최종 500개).hwpx,기타 및 상식,387,Neolithic (신석기 시대): 농사와 정착 생활이 시작된 인류 문명의 대전환기.
1800,기타 및 상식(최종최종 500개).hwpx,기타 및 상식,388,"Neptune (넵튠): 로마 신화 속 바다의 신, 또는 태양계의 해왕성."
1801,기타 및 상식(최종최종 500개).hwpx,기타 및 상식,389,Neurosis (신경증): 현실 감각은 있으나 내적 갈등으로 고통받는 정신 장애.
1802,기타 및 상식(최종최종 500개).hwpx,기타 및 상식,390,New Deal (뉴딜): 대공황을 극복하기 위해 정부가 적극 개입했던 국가 부양책.
1803,기타 및 상식(최종최종 500개).hwpx,기타 및 상식,391,Nihilism (허무주의): 삶과 우주에 아무런 가치나 목적이 없다고 부정하는 사상.
1804,기타 및 상식(최종최종 500개).hwpx,기타 및 상식,392,Nirvana (열반): 모든 번뇌와 고통에서 벗어난 영원한 깨달음의 상태.
1805,기타 및 상식(최종최종 500개).hwpx,기타 및 상식,393,Nobility (귀족): 혈통과 특권에 의해 사회 최상층을 구성하던 계급.
1806,기타 및 상식(최종최종 500개).hwpx,기타 및 상식,394,Noblesse Oblige (노블레스 오블리주): 높은 신분에게 요구되는 높은 수준의 도덕적 책임.
1807,기타 및 상식(최종최종 500개).hwpx,기타 및 상식,395,Nomad (유목민): 가축을 데리고 풀을 찾아 이리저리 이동하며 사는 사람.
1808,기타 및 상식(최종최종 500개).hwpx,기타 및 상식,396,"Nominalism (유명론): 보편적 개념은 이름일 뿐, 개별적 실체만 존재한다는 사상."
1809,기타 및 상식(최종최종 500개).hwpx,기타 및 상식,397,Non compos mentis (심신 상실): 판단력이 전혀 없어 법적 책임을 물을 수 없는 정신 상태.
1810,기타 및 상식(최종최종 500개).hwpx,기타 및 상식,398,Non sequitur (논리적 비약): 전제와 결론 사이에 아무런 관련이 없는 논리적 오류.
1811,기타 및 상식(최종최종 500개).hwpx,기타 및 상식,399,Nostalgia (향수): 과거의 시절이나 고향을 아련하게 그리워하는 마음 상태.
1812,기타 및 상식(최종최종 500개).hwpx,기타 및 상식,400,Nota bene (N.B.): '특별히 주의하라'는 뜻으로 중요한 대목에 쓰는 강조 기호.
1813,기타 및 상식(최종최종 500개).hwpx,기타 및 상식,401,Nudge (넛지): 강요 없이 유연하게 개입해 타인의 선택을 유도하는 방식.
1814,기타 및 상식(최종최종 500개).hwpx,기타 및 상식,402,Nymph (님프): 대자연 속에 깃들어 산다는 신화 속 신비로운 요정 소녀들.
1815,기타 및 상식(최종최종 500개).hwpx,기타 및 상식,403,O
1816,기타 및 상식(최종최종 500개).hwpx,기타 및 상식,404,Oath (선서): 법정 등에서 진실만을 말하겠다고 엄숙하게 맹세하는 행위.
1817,기타 및 상식(최종최종 500개).hwpx,기타 및 상식,405,Objection (이의 제기): 상대방의 신문 방식이 법에 어긋날 때 판사에게 항의하는 것.
1818,기타 및 상식(최종최종 500개).hwpx,기타 및 상식,406,Obsession (강박 관념): 떨쳐낼 수 없는 병적이고 끈질긴 생각에 사로잡힌 상태.
1819,기타 및 상식(최종최종 500개).hwpx,기타 및 상식,407,Occult (오컬트): 귀신이나 마법 등 과학으로 설명 못 할 신비로운 현상.
1820,기타 및 상식(최종최종 500개).hwpx,기타 및 상식,408,Odyssey (오디세이아): 장대하고 고난 가득한 모험의 여정을 뜻하는 대명사.
1821,기타 및 상식(최종최종 500개).hwpx,기타 및 상식,409,"Oedipus Complex: 어린 아들이 어머니에게 애착을, 아버지에겐 적대감을 느끼는 갈등."
1822,기타 및 상식(최종최종 500개).hwpx,기타 및 상식,410,Oligarchy (과두제): 극소수의 엘리트 집단이 모든 권력을 독점하는 정치 형태.
1823,기타 및 상식(최종최종 500개).hwpx,기타 및 상식,411,Ontology (존재론): 존재한다는 것이 무엇인지 본질을 탐구하는 철학 분야.
1824,기타 및 상식(최종최종 500개).hwpx,기타 및 상식,412,Open Innovation: 기업이 외부의 아이디어나 기술을 적극 도입해 혁신하는 것.
1825,기타 및 상식(최종최종 500개).hwpx,기타 및 상식,413,Oracle (신탁): 신전에서 무녀를 통해 내려지는 미래에 대한 예언이나 신의 뜻.
1826,기타 및 상식(최종최종 500개).hwpx,기타 및 상식,414,Orthodox (정통파): 오랜 원칙과 보수적인 교리를 한 치의 타협 없이 지키는 파벌.
1827,기타 및 상식(최종최종 500개).hwpx,기타 및 상식,415,Ottoman Empire (오스만 제국): 600년간 아시아·아프리카·유럽을 호령했던 이슬람 대제국.
1828,기타 및 상식(최종최종 500개).hwpx,기타 및 상식,416,Overruling (기각): 판사가 상대방의 이의 제기를 타당하지 않다고 물리치는 것.
1829,기타 및 상식(최종최종 500개).hwpx,기타 및 상식,417,P
1830,기타 및 상식(최종최종 500개).hwpx,기타 및 상식,418,Pacta Sunt Servanda (계약은 지켜져야 한다): 당사자 간에 합의된 계약이나 조약은 반드시 준수되어야 한다는 원칙
1831,기타 및 상식(최종최종 500개).hwpx,기타 및 상식,419,Pagan (이교도): 유일신 신앙 대신 자연 숭배나 다신교를 믿는 사람들을 낮춰 부르는 말.
1832,기타 및 상식(최종최종 500개).hwpx,기타 및 상식,420,Paleolithic (구석기 시대): 뗀석기를 쓰며 수렵 채집으로 연명하던 가장 오래된 시대.
1833,기타 및 상식(최종최종 500개).hwpx,기타 및 상식,421,Pandora's box (판도라의 상자): 건드려선 안 될 재앙의 근원이나 돌발 상황.
1834,기타 및 상식(최종최종 500개).hwpx,기타 및 상식,422,Panopticon (파놉티콘): 소수가 다수를 감시하도록 설계된 원형 감옥 구조.
1835,기타 및 상식(최종최종 500개).hwpx,기타 및 상식,423,"Pantheon (판테온): 모든 신을 모신 신전, 또는 위대한 위인들의 전당."
1836,기타 및 상식(최종최종 500개).hwpx,기타 및 상식,424,Pantheism (범신론): 대자연과 우주 그 자체가 곧 신이라고 보는 사상.
1837,기타 및 상식(최종최종 500개).hwpx,기타 및 상식,425,Papacy (교황권): 로마 교황이 쥐고 있는 절대적인 종교적 권위와 지위.
1838,기타 및 상식(최종최종 500개).hwpx,기타 및 상식,426,Paradigm (패러다임): 특정 시대를 지배하는 지식의 체계적 틀과 세계관.
1839,기타 및 상식(최종최종 500개).hwpx,기타 및 상식,427,Paradox (역설): 겉으론 모순되나 그 속에 깊은 진리가 담겨 있는 표현 기법.
1840,기타 및 상식(최종최종 500개).hwpx,기타 및 상식,428,"Par Excellence: 탁월한, 전형적인. 어떤 분야에서 최고임을 뜻함."
1841,기타 및 상식(최종최종 500개).hwpx,기타 및 상식,429,Pari Passu: 동등한 순위로. 채권자들이 동일한 비율로 권리를 가짐.
1842,기타 및 상식(최종최종 500개).hwpx,기타 및 상식,430,Paranoia (피해망상): 타인을 비정상적으로 의심하며 사로잡혀 사는 정신 상태.
1843,기타 및 상식(최종최종 500개).hwpx,기타 및 상식,431,Parole (가석방): 모범수에게 남은 형기를 면제해주고 조건부로 풀어주는 제도.
1844,기타 및 상식(최종최종 500개).hwpx,기타 및 상식,432,"Passé (파세): 유행이 지난, 한물간 구식 아이디어."
1845,기타 및 상식(최종최종 500개).hwpx,기타 및 상식,433,Paternalism (온정주의): 국가가 부모처럼 개인의 자유를 간섭하며 보호하려는 태도.
1846,기타 및 상식(최종최종 500개).hwpx,기타 및 상식,434,Patrician (전통 귀족): 고대 로마의 특권을 독점했던 상층 지배 계급.
1847,기타 및 상식(최종최종 500개).hwpx,기타 및 상식,435,Pax Romana (로마의 평화): 로마의 무력으로 이룩한 유례없는 평화와 번영의 시대.
1848,기타 및 상식(최종최종 500개).hwpx,기타 및 상식,436,Peasant (소작농): 영주의 땅을 빌려 농사짓던 가난한 밑바닥 노동 계층.
1849,기타 및 상식(최종최종 500개).hwpx,기타 및 상식,437,Pedagogy (교육학): 효과적인 교수법과 교육 철학을 전문적으로 연구하는 학문.
1850,기타 및 상식(최종최종 500개).hwpx,기타 및 상식,438,Pegasus (페가수스): 날개 달린 우아하고 신비로운 전설 속의 명마.
1851,기타 및 상식(최종최종 500개).hwpx,기타 및 상식,439,Per Annum (연간): 이자율이나 연봉 등을 1년 단위로 계산한다는 의미.
1852,기타 및 상식(최종최종 500개).hwpx,기타 및 상식,440,Per Capita (1인당): 전체 수치를 인구수로 나누어 개인의 몫을 계산함.
1853,기타 및 상식(최종최종 500개).hwpx,기타 및 상식,441,Per Diem (일당): 출장비 등 하루 단위로 계산하여 지급하는 정액 수당.
1854,기타 및 상식(최종최종 500개).hwpx,기타 및 상식,442,Per Se (그 자체로): 다른 것 빼고 오직 본질적인 속성만 떼어놓고 본다면.
1855,기타 및 상식(최종최종 500개).hwpx,기타 및 상식,443,Perjury (위증죄): 법정에서 선서 후 고의로 거짓말을 늘어놓는 사법 기만 범죄.
1856,기타 및 상식(최종최종 500개).hwpx,기타 및 상식,444,Persephone (페르세포네): 지하 세계의 왕 하데스의 아내가 된 슬픈 여왕.
1857,기타 및 상식(최종최종 500개).hwpx,기타 및 상식,445,Persona Non Grata (기피 인물): 주재국에서 거부당해 추방 명령을 받은 외교관.
1858,기타 및 상식(최종최종 500개).hwpx,기타 및 상식,446,Petit Bourgeois: 소시민. 중산층과 노동자 계층 사이의 중간층.
1859,기타 및 상식(최종최종 500개).hwpx,기타 및 상식,447,Ph.D. (철학 박사): 독창적 논문을 통해 학계의 인정을 받은 최고 수준 학위.
1860,기타 및 상식(최종최종 500개).hwpx,기타 및 상식,448,Pharaoh (파라오): 살아있는 신으로 숭배받던 고대 이집트의 절대 군주.
1861,기타 및 상식(최종최종 500개).hwpx,기타 및 상식,449,Phenomenology (현상학): 의식이 주관적으로 경험하는 본질을 파고드는 철학.
1862,기타 및 상식(최종최종 500개).hwpx,기타 및 상식,450,Philistine (속물): 고상한 예술에는 무관심하고 실용적 쾌락만 쫓는 사람.
1863,기타 및 상식(최종최종 500개).hwpx,기타 및 상식,451,Phobia (공포증): 특정 상황에 대해 통제 불가능한 극단적 공포를 느끼는 장애.
1864,기타 및 상식(최종최종 500개).hwpx,기타 및 상식,452,Phoenix (피닉스): 잿더미 속에서 다시 부활하는 영원불멸의 전설 속 새.
1865,기타 및 상식(최종최종 500개).hwpx,기타 및 상식,453,Pilgrim (순례자): 신앙 증명을 위해 거룩한 성지로 여행을 떠나는 여행자.
1866,기타 및 상식(최종최종 500개).hwpx,기타 및 상식,454,Pilgrimage (성지 순례): 깨달음을 얻기 위해 신성한 장소로 떠나는 고행 여행.
1867,기타 및 상식(최종최종 500개).hwpx,기타 및 상식,455,Placebo Effect (플라시보 효과): 가짜 약을 먹어도 믿음 덕분에 실제 병세가 호전됨.
1868,기타 및 상식(최종최종 500개).hwpx,기타 및 상식,456,Plagiarism (표절): 타인의 창작물을 인용 없이 자기 것처럼 제출하는 도둑질.
1869,기타 및 상식(최종최종 500개).hwpx,기타 및 상식,457,Plaintiff (원고): 법원에 소송을 처음으로 제기해 공격하는 당사자.
1870,기타 및 상식(최종최종 500개).hwpx,기타 및 상식,458,Plantation (플랜테이션): 노동력을 이용해 단일 작물을 대량 생산하는 대농장.
1871,기타 및 상식(최종최종 500개).hwpx,기타 및 상식,459,Plebeian (평민): 고대 로마의 귀족이 아닌 평범한 일반 서민 계층.
1872,기타 및 상식(최종최종 500개).hwpx,기타 및 상식,460,Pluralism (다원주의): 사회의 다양한 가치관과 집단의 공존을 인정하는 태도.
1873,기타 및 상식(최종최종 500개).hwpx,기타 및 상식,461,Plutocracy (금권 정치): 돈 많은 부자 계층이 국가 권력을 좌지우지하는 정치.
1874,기타 및 상식(최종최종 500개).hwpx,기타 및 상식,462,Polytheism (다신교): 세상에 여러 신이 존재한다고 믿고 숭배하는 신앙.
1875,기타 및 상식(최종최종 500개).hwpx,기타 및 상식,463,Populism (포퓰리즘): 대중의 인기에만 영합하여 정책을 펴는 정치 행태.
1876,기타 및 상식(최종최종 500개).hwpx,기타 및 상식,464,Post Facto: 사후의. 사건이 발생한 이후에 결정되는 사항.
1877,기타 및 상식(최종최종 500개).hwpx,기타 및 상식,465,"Post-mortem (사후 분석): 일이 끝난 뒤의 검토, 혹은 사망 후 부검."
1878,기타 및 상식(최종최종 500개).hwpx,기타 및 상식,466,Pragmatism (실용주의): 추상적 이론보다 실제적인 결과와 유용성을 중시함.
1879,기타 및 상식(최종최종 500개).hwpx,기타 및 상식,467,Precedent (판례): 후속 사건의 기준이 되는 과거 법원의 판결 사례.
1880,기타 및 상식(최종최종 500개).hwpx,기타 및 상식,468,Presumption of Innocence (무죄 추정): 유죄 확정 전까지 무죄로 간주하는 원칙.
1881,기타 및 상식(최종최종 500개).hwpx,기타 및 상식,469,Prima Facie (프리마 파시에): 언뜻 보기에. 반증이 없는 한 사실로 받아들여짐.
1882,기타 및 상식(최종최종 500개).hwpx,기타 및 상식,470,Prisoner's Dilemma: 각자의 이익만 쫓다가 서로 손해를 보게 되는 상황.
1883,기타 및 상식(최종최종 500개).hwpx,기타 및 상식,471,Privatization (민영화): 국가 소유 기업이나 자산을 민간에게 넘기는 것.
1884,기타 및 상식(최종최종 500개).hwpx,기타 및 상식,472,Pro Bono (프로 보노): 전문가들이 사회적 약자를 위해 제공하는 무료 공익 서비스.
1885,기타 및 상식(최종최종 500개).hwpx,기타 및 상식,473,Pro Forma (형식상의): 실제가 아닌 추정치나 예고를 위해 작성된 서류 양식.
1886,기타 및 상식(최종최종 500개).hwpx,기타 및 상식,474,Pro Rata (비율에 따라): 이익이나 손실을 지분에 비례해 배분함.
1887,기타 및 상식(최종최종 500개).hwpx,기타 및 상식,475,Probate (유언 검인): 법원에서 유언장의 유효성을 공식적으로 확인하는 절차.
1888,기타 및 상식(최종최종 500개).hwpx,기타 및 상식,476,Prohibition (금주법): 1920년대 미국서 술 제조와 판매를 엄격히 금지했던 법.
1889,기타 및 상식(최종최종 500개).hwpx,기타 및 상식,477,Proletariat (프롤레타리아): 생산 수단 없이 오직 노동력만 팔아 사는 노동 계급.
1890,기타 및 상식(최종최종 500개).hwpx,기타 및 상식,478,Propaganda (선전): 특정 집단의 신념을 퍼뜨리기 위해 대중을 선동하는 수단.
1891,기타 및 상식(최종최종 500개).hwpx,기타 및 상식,479,Prophet (예언자): 신의 메시지를 받아 대중에게 전달하는 거룩한 인물.
1892,기타 및 상식(최종최종 500개).hwpx,기타 및 상식,480,Prosecutor (검사): 범죄자를 기소하고 재판에서 국가를 대변해 처벌을 구함.
1893,기타 및 상식(최종최종 500개).hwpx,기타 및 상식,481,Protégé (프로테제): 스승이나 선배로부터 보호와 가르침을 받는 제자.
1894,기타 및 상식(최종최종 500개).hwpx,기타 및 상식,482,Protectorate (보호국): 군사·외교권을 강대국에 맡기고 간섭을 받는 약소국.
1895,기타 및 상식(최종최종 500개).hwpx,기타 및 상식,483,Protestantism (개신교): 16세기 종교 개혁으로 가톨릭에서 갈라져 나온 종파.
1896,기타 및 상식(최종최종 500개).hwpx,기타 및 상식,484,Proxy (프록시): 본인 대신 권한을 행사하는 대리인이나 대리권.
1897,기타 및 상식(최종최종 500개).hwpx,기타 및 상식,485,Psychoanalysis (정신분석학): 무의식 속에 억눌린 갈등을 파헤치는 심리 치료법.
1898,기타 및 상식(최종최종 500개).hwpx,기타 및 상식,486,Psychopathy (사이코패스): 타인의 감정에 공감 못 하고 죄책감 없이 범죄를 저지름.
1899,기타 및 상식(최종최종 500개).hwpx,기타 및 상식,487,Purgatory (연옥): 천국 가기 전 영혼의 죄를 씻어 정화하는 기독교적 공간.
1900,기타 및 상식(최종최종 500개).hwpx,기타 및 상식,488,Pyramid (피라미드): 고대 이집트 왕들의 거대하고 장엄한 돌무덤 건축물.
1901,기타 및 상식(최종최종 500개).hwpx,기타 및 상식,489,Pyrrhic Victory (피로스의 승리): 상처뿐인 영광. 이겼지만 피해가 너무 커서 망함.
1902,기타 및 상식(최종최종 500개).hwpx,기타 및 상식,490,Q - R
1903,기타 및 상식(최종최종 500개).hwpx,기타 및 상식,491,Quantum Leap (양자 도약): 단계를 건너뛰어 비약적으로 발전하거나 변화함.
1904,기타 및 상식(최종최종 500개).hwpx,기타 및 상식,492,Quid Pro Quo (퀴드 프로 쿼): 무언가를 주는 대가로 받는 것 (주고받기).
1905,기타 및 상식(최종최종 500개).hwpx,기타 및 상식,493,Quorum (의사정족수): 회의 진행과 결의를 위해 필요한 최소 참석 인원.
1906,기타 및 상식(최종최종 500개).hwpx,기타 및 상식,494,Raison d'être (레종 데트르): 사물이나 사람이 존재해야 하는 근본적 명분.
1907,기타 및 상식(최종최종 500개).hwpx,기타 및 상식,495,Rapport (라포): 상담자와 대상자 사이에 형성된 깊은 심리적 신뢰 관계.
1908,기타 및 상식(최종최종 500개).hwpx,기타 및 상식,496,Rapprochement (라포르슈망): 국가 간 긴장 해소와 관계 회복.
1909,기타 및 상식(최종최종 500개).hwpx,기타 및 상식,497,Ratification (비준): 조약을 입법 기관이 최종적으로 승인하는 절차.
1910,기타 및 상식(최종최종 500개).hwpx,기타 및 상식,498,Rationalism (합리론): 모든 진리는 경험보다 인간의 이성으로 깨달아야 함.
1911,기타 및 상식(최종최종 500개).hwpx,기타 및 상식,499,Realism (실재론): 관념과 상관없이 사물이 외부에 실재한다는 철학.
1912,기타 및 상식(최종최종 500개).hwpx,기타 및 상식,500,Red Tape (레드 테이프): 번거롭고 불필요한 관료주의적 행정 절차나 규제.
1913,기타 및 상식(최종최종 500개).hwpx,기타 및 상식,501,Referendum (국민 투표): 국가 중대사를 국민이 직접 결정하는 민주적 절차.
1914,기타 및 상식(최종최종 500개).hwpx,기타 및 상식,502,Renaissance (르네상스): 인간 중심의 그리스·로마 문화를 부활시킨 문예 부흥.
1915,기타 및 상식(최종최종 500개).hwpx,기타 및 상식,503,Reparations (전쟁 배상금): 패전국이 승전국에 지급하는 피해 보상금.
1916,기타 및 상식(최종최종 500개).hwpx,기타 및 상식,504,"Res Ipsa Loquitur: 과실 추정 원칙. ""사실 그 자체가 말한다""는 뜻."
1917,기타 및 상식(최종최종 500개).hwpx,기타 및 상식,505,Res Judicata: 기판력. 이미 최종 판결이 난 사건은 다시 다툴 수 없음.
1918,기타 및 상식(최종최종 500개).hwpx,기타 및 상식,506,Restitution (원상 회복): 뺏은 물건이나 부당 이득을 주인에게 돌려주는 것.
1919,기타 및 상식(최종최종 500개).hwpx,기타 및 상식,507,Retribution (응보): 지은 죄에 대해 합당한 처벌을 내리는 정의의 실현.
1920,기타 및 상식(최종최종 500개).hwpx,기타 및 상식,508,Rhetoric (수사학): 남을 설득하기 위해 화려한 문체와 말솜씨를 연구하는 학문.
1921,기타 및 상식(최종최종 500개).hwpx,기타 및 상식,509,Right of Self-defense (정당방위): 위험 시 자신을 지키기 위한 부득이한 공격 행위.
1922,기타 및 상식(최종최종 500개).hwpx,기타 및 상식,510,"Romanticism (낭만주의): 이성보다 인간의 감정과 상상력, 대자연을 찬양한 사조."
1923,기타 및 상식(최종최종 500개).hwpx,기타 및 상식,511,Rule of Law (법치주의): 통치자의 변덕이 아닌 정해진 법에 따라 나라를 다스림.
1924,기타 및 상식(최종최종 500개).hwpx,기타 및 상식,512,S
1925,기타 및 상식(최종최종 500개).hwpx,기타 및 상식,513,Savoir-faire (사부아르 페르): 상황에 맞게 적절하게 대처하는 기민한 수완.
1926,기타 및 상식(최종최종 500개).hwpx,기타 및 상식,514,Scenario Planning: 미래의 여러 상황을 예측해 세우는 경영 전략.
1927,기타 및 상식(최종최종 500개).hwpx,기타 및 상식,515,Schadenfreude (샤덴프로이데): 타인의 불행을 보며 남몰래 느끼는 쾌감.
1928,기타 및 상식(최종최종 500개).hwpx,기타 및 상식,516,"Schizophrenia (조현병): 사고의 분열과 환각, 망상을 겪는 심각한 정신 질환."
1929,기타 및 상식(최종최종 500개).hwpx,기타 및 상식,517,Scholasticism (스콜라 철학): 기독교 신앙을 합리적으로 증명하려 했던 중세 철학.
1930,기타 및 상식(최종최종 500개).hwpx,기타 및 상식,518,Scripture (경전): 성경이나 쿠란처럼 신성시되는 종교의 가르침 책.
1931,기타 및 상식(최종최종 500개).hwpx,기타 및 상식,519,Sedition (내란 선동): 정부나 국가 체제를 무너뜨리기 위해 대중을 선동함.
1932,기타 및 상식(최종최종 500개).hwpx,기타 및 상식,520,Self-actualization (자아실현): 자신의 잠재력을 최대한 발휘해 정점에 도달함.
1933,기타 및 상식(최종최종 500개).hwpx,기타 및 상식,521,Self-esteem (자존감): 자신을 가치 있는 존재로 여기고 존중하는 마음.
1934,기타 및 상식(최종최종 500개).hwpx,기타 및 상식,522,Semantics (의미론): 단어나 문장이 담고 있는 진짜 의미를 연구하는 언어학.
1935,기타 및 상식(최종최종 500개).hwpx,기타 및 상식,523,Seminal (지대한 영향): 어떤 분야의 시작이 되거나 엄청난 파급력을 미친 성과.
1936,기타 및 상식(최종최종 500개).hwpx,기타 및 상식,524,Senate (상원): 국가의 고위 입법 기관으로 하원을 견제하는 원로원.
1937,기타 및 상식(최종최종 500개).hwpx,기타 및 상식,525,Senior (시니어): 고등학교나 대학교의 최고 학년인 4학년 학생.
1938,기타 및 상식(최종최종 500개).hwpx,기타 및 상식,526,Sermon (설교): 목사가 신자들에게 성경의 교리를 풀어서 전하는 훈화.
1939,기타 및 상식(최종최종 500개).hwpx,기타 및 상식,527,Shadowing (쉐도잉): 들리는 말을 그림자처럼 즉시 따라 하며 연습하는 학습법.
1940,기타 및 상식(최종최종 500개).hwpx,기타 및 상식,528,Shamanism (샤머니즘): 무당이 신과 소통해 병을 고치거나 복을 빈다는 원시 종교.
1941,기타 및 상식(최종최종 500개).hwpx,기타 및 상식,529,Slander (구두 명예훼손): 말로 타인의 평판을 헐뜯는 범죄 (문서는 Libel).
1942,기타 및 상식(최종최종 500개).hwpx,기타 및 상식,530,Smart City: ICT 기술로 도시 문제를 해결하고 삶의 질을 높인 지능형 도시.
1943,기타 및 상식(최종최종 500개).hwpx,기타 및 상식,531,Smart Power: 군사력(Hard)과 문화력(Soft)을 조화롭게 사용하는 능력.
1944,기타 및 상식(최종최종 500개).hwpx,기타 및 상식,532,Social Overhead Capital (SOC): 도로·항만 등 생산을 돕는 사회간접자본.
1945,기타 및 상식(최종최종 500개).hwpx,기타 및 상식,533,Socratic Method (문답법): 질문을 던져 상대 스스로 진리를 깨닫게 하는 교수법.
1946,기타 및 상식(최종최종 500개).hwpx,기타 및 상식,534,Soft Power (소프트 파워): 매력적인 문화와 가치관으로 얻어내는 타국의 공감력.
1947,기타 및 상식(최종최종 500개).hwpx,기타 및 상식,535,"Sophist (소피스트): 고대 그리스의 궤변가들, 혹은 설득 기술을 가르치던 스승."
1948,기타 및 상식(최종최종 500개).hwpx,기타 및 상식,536,Sophomore (소포모어): 고등학교나 대학교의 2학년 학생.
1949,기타 및 상식(최종최종 500개).hwpx,기타 및 상식,537,Sovereignty (주권): 국가가 자신의 운명을 스스로 결정할 수 있는 최고의 권력.
1950,기타 및 상식(최종최종 500개).hwpx,기타 및 상식,538,Spartan (스파르타식): 고대 스파르타처럼 극도로 엄격하고 고된 훈련 방식.
1951,기타 및 상식(최종최종 500개).hwpx,기타 및 상식,539,Sphinx (스핑크스): 인간의 머리와 사자의 몸을 가진 신화 속 수수께끼 괴물.
1952,기타 및 상식(최종최종 500개).hwpx,기타 및 상식,540,Stagflation: 불황(Stagnation)과 물가 상승(Inflation)이 동시에 오는 지옥.
1953,기타 및 상식(최종최종 500개).hwpx,기타 및 상식,541,Stare Decisis: 선례 구속의 원칙. 하급 법원은 상급 판례를 따라야 함.
1954,기타 및 상식(최종최종 500개).hwpx,기타 및 상식,542,Status Quo (스테이터스 쿼): 새로운 변화를 거부하고 현재 상태를 유지함.
1955,기타 및 상식(최종최종 500개).hwpx,기타 및 상식,543,Statute of Limitations (공소시효): 범죄 후 일정 기간이 지나면 처벌권이 사라지는 제도.
1956,기타 및 상식(최종최종 500개).hwpx,기타 및 상식,544,Stereotype (고정관념): 특정 집단에 대해 굳어진 편견 섞인 일반적 이미지.
1957,기타 및 상식(최종최종 500개).hwpx,기타 및 상식,545,Stoicism (스토아 철학): 격정에서 벗어나 평정심을 유지하며 덕을 쌓는 태도.
1958,기타 및 상식(최종최종 500개).hwpx,기타 및 상식,546,Sub Judice (서브 주디체): 재판 중인 사건이라 공개 논평이 법적으로 금지된 상태.
1959,기타 및 상식(최종최종 500개).hwpx,기타 및 상식,547,Subpoena (서피나): 법원이 증인 등에게 내리는 강제 출석 소환장.
1960,기타 및 상식(최종최종 500개).hwpx,기타 및 상식,548,Suffrage (참정권 / 투표권): 시민이 선거에 참여해 투표할 수 있는 소중한 권리.
1961,기타 및 상식(최종최종 500개).hwpx,기타 및 상식,549,Sui Generis (수이 제네리스): 기존 분류에 속하지 않는 고유하고 독창적인 유형.
1962,기타 및 상식(최종최종 500개).hwpx,기타 및 상식,550,Summary Judgment (약식 판결): 사실관계가 명백해 재판 없이 내리는 판사의 판결.
1963,기타 및 상식(최종최종 500개).hwpx,기타 및 상식,551,Summa cum laude (최우등): 졸업생 중 최고 성적을 거둔 극소수에게 주는 등급.
1964,기타 및 상식(최종최종 500개).hwpx,기타 및 상식,552,Superego (초자아): 내면화된 도덕적 양심과 사회적 규칙의 목소리.
1965,기타 및 상식(최종최종 500개).hwpx,기타 및 상식,553,Supply-side Economics: 세금 감면 등으로 공급 측면을 자극하려는 경제학.
1966,기타 및 상식(최종최종 500개).hwpx,기타 및 상식,554,Surplus Value (잉여 가치): 노동자가 만든 가치 중 자본가에게 돌아가는 몫.
1967,기타 및 상식(최종최종 500개).hwpx,기타 및 상식,555,Sustainable (지속 가능성): 환경을 해치지 않고 미래까지 유지될 수 있는 방식.
1968,기타 및 상식(최종최종 500개).hwpx,기타 및 상식,556,Syndicate (신디케이트): 동일 목적을 위해 결성된 기업이나 개인들의 연합체.
1969,기타 및 상식(최종최종 500개).hwpx,기타 및 상식,557,Synergy (시너지): 개별 요소의 합보다 전체의 효과가 더 커지는 상승효과.
1970,기타 및 상식(최종최종 500개).hwpx,기타 및 상식,558,T - U
1971,기타 및 상식(최종최종 500개).hwpx,기타 및 상식,559,Taboo (금기): 사회적으로 하면 안 된다고 정해진 엄격한 행동 규칙.
1972,기타 및 상식(최종최종 500개).hwpx,기타 및 상식,560,Tabula Rasa (타불라 라사): 인간은 백지 상태로 태어난다는 인식론적 개념.
1973,기타 및 상식(최종최종 500개).hwpx,기타 및 상식,561,Tacit Knowledge (암묵지): 몸에 배어 있으나 언어로 설명하기 어려운 지식.
1974,기타 및 상식(최종최종 500개).hwpx,기타 및 상식,562,Tax Haven (조세 회피처): 세금을 거의 안 내거나 아주 낮은 세율을 적용하는 지역.
1975,기타 및 상식(최종최종 500개).hwpx,기타 및 상식,563,Technocracy (테크노크라시): 과학 기술 전문가들이 국가를 관리하는 체제.
1976,기타 및 상식(최종최종 500개).hwpx,기타 및 상식,564,Terra Incognita (미지의 땅): 아직 탐험되지 않았거나 알려지지 않은 영역.
1977,기타 및 상식(최종최종 500개).hwpx,기타 및 상식,565,Testimony (증언): 법정에서 목격자나 당사자가 진술하는 사실적 내용.
1978,기타 및 상식(최종최종 500개).hwpx,기타 및 상식,566,Tête-à-tête (테타테트): 프랑스어로 '머리를 맞대고' 하는 은밀한 대화.
1979,기타 및 상식(최종최종 500개).hwpx,기타 및 상식,567,Theocracy (신정 정치): 신의 대리인이 종교 교리에 따라 통치하는 체제.
1980,기타 및 상식(최종최종 500개).hwpx,기타 및 상식,568,Third Way (제3의 길): 자본주의와 사회주의의 장점을 절충한 정치 노선.
1981,기타 및 상식(최종최종 500개).hwpx,기타 및 상식,569,Tipping Point (티핑 포인트): 작은 변화가 쌓여 갑자기 폭발적인 변화를 일으키는 순간.
1982,기타 및 상식(최종최종 500개).hwpx,기타 및 상식,570,Token Economy: 특정 행동에 보상을 주어 행동을 교정하는 심리 기법.
1983,기타 및 상식(최종최종 500개).hwpx,기타 및 상식,571,Torte (토르트): 고의·과실로 타인에게 손해를 입히는 민사상의 불법 행위.
1984,기타 및 상식(최종최종 500개).hwpx,기타 및 상식,572,Totalitarianism (전체주의): 개인의 자유를 억압하고 국가 이익을 최우선하는 체제.
1985,기타 및 상식(최종최종 500개).hwpx,기타 및 상식,573,Trade-off (상충 관계): 하나를 얻기 위해 다른 하나를 포기해야 하는 상황.
1986,기타 및 상식(최종최종 500개).hwpx,기타 및 상식,574,Trait (형질): 유전자로 결정되어 대를 이어 전달되는 생물의 고유 속성.
1987,기타 및 상식(최종최종 500개).hwpx,기타 및 상식,575,Transmigration (환생): 죽은 영혼이 다른 몸을 빌려 다시 태어난다는 믿음.
1988,기타 및 상식(최종최종 500개).hwpx,기타 및 상식,576,Trickle-down Effect (낙수 효과): 부유층의 성장이 저소득층까지 퍼진다는 이론.
1989,기타 및 상식(최종최종 500개).hwpx,기타 및 상식,577,Triumvirate (삼두 정치): 세 명의 실력자가 공동으로 다스리는 정치 형태.
1990,기타 및 상식(최종최종 500개).hwpx,기타 및 상식,578,Trojan Horse (트로이 목마): 정상 프로그램인 척 잠입해 정보를 빼가는 악성 코드.
1991,기타 및 상식(최종최종 500개).hwpx,기타 및 상식,579,Trust Territory (신탁 통치령): UN 감독 하에 타국의 통치를 받는 특정 지역.
1992,기타 및 상식(최종최종 500개).hwpx,기타 및 상식,580,UAM: 하늘길을 활용한 차세대 저소음·친환경 이동 수단 (드론 택시 등).
1993,기타 및 상식(최종최종 500개).hwpx,기타 및 상식,581,Übermensch (초인): 고난을 극복하고 새로운 가치를 창조하는 니체의 인간상.
1994,기타 및 상식(최종최종 500개).hwpx,기타 및 상식,582,Ubiquitous (유비쿼터스): 언제 어디서나 네트워크에 접속 가능한 환경.
1995,기타 및 상식(최종최종 500개).hwpx,기타 및 상식,583,Ultimatum (최후통첩): 협상의 마지막 단계에서 제시하는 최종 요구 조건.
1996,기타 및 상식(최종최종 500개).hwpx,기타 및 상식,584,Ultra Vires (울트라 바이리스): 권한 밖의. 법적 허용 범위를 넘어서는 행위.
1997,기타 및 상식(최종최종 500개).hwpx,기타 및 상식,585,Unicorn Company: 기업 가치가 1조 원(10억 달러) 이상인 비상장 스타트업.
1998,기타 및 상식(최종최종 500개).hwpx,기타 및 상식,586,Unitary State (단일 국가): 중앙 정부에 강력한 권력이 집중된 국가 체제.
1999,기타 및 상식(최종최종 500개).hwpx,기타 및 상식,587,Universal Design: 장애 유무와 상관없이 누구나 편리하게 이용하는 설계.
2000,기타 및 상식(최종최종 500개).hwpx,기타 및 상식,588,Utopia (유토피아): 현실에는 없는 완벽하고 이상적인 낙원 사회.
2001,기타 및 상식(최종최종 500개).hwpx,기타 및 상식,589,V - Z
2002,기타 및 상식(최종최종 500개).hwpx,기타 및 상식,590,Vademecum (안내서): 항상 곁에 두고 참고하는 지침서나 편람.
2003,기타 및 상식(최종최종 500개).hwpx,기타 및 상식,591,Value Chain (가치 사슬): 제품 생산을 위해 자원을 투입하는 일련의 과정.
2004,기타 및 상식(최종최종 500개).hwpx,기타 및 상식,592,Venture Capital: 기술력은 있으나 자금이 부족한 신생 기업에 투자하는 자본.
2005,기타 및 상식(최종최종 500개).hwpx,기타 및 상식,593,Verbatim (말 그대로): 토씨 하나 틀리지 않고 원래 말 그대로 인용함.
2006,기타 및 상식(최종최종 500개).hwpx,기타 및 상식,594,Versus (vs.): 두 당사자가 서로 맞서고 있음을 의미하는 단어.
2007,기타 및 상식(최종최종 500개).hwpx,기타 및 상식,595,Veto (비토): 결정된 사항을 단독으로 거부할 수 있는 강력한 권리.
2008,기타 및 상식(최종최종 500개).hwpx,기타 및 상식,596,Via (~를 경유하여): 어떤 장소나 수단을 거쳐서 이동하거나 전달됨.
2009,기타 및 상식(최종최종 500개).hwpx,기타 및 상식,597,Vice Versa (바이스 버사): 거꾸로도 마찬가지. 인과관계가 바뀌어도 성립함.
2010,기타 및 상식(최종최종 500개).hwpx,기타 및 상식,598,Vicious Cycle (악순환): 나쁜 현상이 꼬리에 꼬리를 물고 되풀이되는 상태.
2011,기타 및 상식(최종최종 500개).hwpx,기타 및 상식,599,Virtual Reality (VR): 그래픽으로 만든 가상 공간에서 실제처럼 느끼게 함.
2012,기타 및 상식(최종최종 500개).hwpx,기타 및 상식,600,"Vis-à-vis (비자비): ~에 관하여, 혹은 두 대상을 마주하여 비교함."
2013,기타 및 상식(최종최종 500개).hwpx,기타 및 상식,601,Viva Voce (구두 시험): 글이 아닌 말로 직접 대답하는 형태의 시험.
2014,기타 및 상식(최종최종 500개).hwpx,기타 및 상식,602,Volenti Non Fit Injuria: 위험을 알고 동의했다면 손해 배상을 청구 못 함.
2015,기타 및 상식(최종최종 500개).hwpx,기타 및 상식,603,Vox Populi (민중의 목소리): 대중의 여론이나 민심을 뜻하는 라틴어.
2016,기타 및 상식(최종최종 500개).hwpx,기타 및 상식,604,Vulnerability (취약성): 공격이나 위협으로부터 피해를 입기 쉬운 약점.
2017,기타 및 상식(최종최종 500개).hwpx,기타 및 상식,605,Waiver (권리 포기): 자발적으로 자신의 법적 권리나 주장을 포기함.
2018,기타 및 상식(최종최종 500개).hwpx,기타 및 상식,606,Warrant (영장): 경찰의 강제 처분을 판사가 허가하는 공식 문서.
2019,기타 및 상식(최종최종 500개).hwpx,기타 및 상식,607,Washington Consensus: 시장 개방을 중시하는 신자유주의 경제 개혁안.
2020,기타 및 상식(최종최종 500개).hwpx,기타 및 상식,608,Waterloo (워털루): 결정적인 패배나 몰락을 비유하는 말.
2021,기타 및 상식(최종최종 500개).hwpx,기타 및 상식,609,White Elephant (흰 코끼리): 화려하나 유지비만 들고 쓸모없는 애물단지.
2022,기타 및 상식(최종최종 500개).hwpx,기타 및 상식,610,Win-win Strategy (상생 전략): 거래 당사자 양쪽이 모두 이득을 얻는 방식.
2023,기타 및 상식(최종최종 500개).hwpx,기타 및 상식,611,Woke (워크): 사회적 불평등과 인종 문제에 대해 깨어 있는 상태.
2024,기타 및 상식(최종최종 500개).hwpx,기타 및 상식,612,Working Poor (근로 빈곤층): 일하고 있지만 소득이 낮아 빈곤한 계층.
2025,기타 및 상식(최종최종 500개).hwpx,기타 및 상식,613,World Bank (세계은행): 빈곤 퇴치와 개발을 위해 자금을 지원하는 국제기구.
2026,기타 및 상식(최종최종 500개).hwpx,기타 및 상식,614,X-Efficiency (X-효율성): 경쟁 부족으로 인해 사내 자원이 효율적이지 못한 현상.
2027,기타 및 상식(최종최종 500개).hwpx,기타 및 상식,615,Xenophobia (제노포비아): 이방인이나 외국인에 대한 무분별한 혐오·공포.
2028,기타 및 상식(최종최종 500개).hwpx,기타 및 상식,616,Yield Curve (수익률 곡선): 채권의 만기 기간과 수익률의 관계를 나타낸 선.
2029,기타 및 상식(최종최종 500개).hwpx,기타 및 상식,617,Zeitgeist (자이트가이스트): 특정 시대를 지배하는 보편적인 시대정신.
2030,기타 및 상식(최종최종 500개).hwpx,기타 및 상식,618,Zero-sum Game (제로섬 게임): 한쪽이 얻으면 다른 쪽이 잃어 합이 0이 됨.
2031,사회 문화(최종 500).hwpx,사회 문화,1,"사회 문화(사회학, 사회 문제, 문화 인류학 및 현대 사회 트렌드)"
2032,사회 문화(최종 500).hwpx,사회 문화,2,A Cappella(아카펠라): 악기 반주 없이 사람의 목소리만으로 화음을 맞추어 부르는 합창
2033,사회 문화(최종 500).hwpx,사회 문화,3,"Ableism(장애인 차별): 비장애인을 위해 신체적, 정신적 장애를 가진 사람들에 대한 사회적 편견과 차별"
2034,사회 문화(최종 500).hwpx,사회 문화,4,Absolute Poverty(절대적 빈곤): 생존에 필요한 최소한의 의식주조차 해결하지 못하는 극심한 빈곤 상태
2035,사회 문화(최종 500).hwpx,사회 문화,5,Abstract Art(추상미술): 사물의 실제 형태를 재현하지 않고 순수한 조형 요소로 대상의 본질을 표현하는 미술
2036,사회 문화(최종 500).hwpx,사회 문화,6,"Achieved Status(성취 지위): 태어날 때 주어진 것이 아니라, 개인의 노력과 능력으로 획득한 사회적 지위 (예: 직업, 학력)"
2037,사회 문화(최종 500).hwpx,사회 문화,7,Acoustic(어쿠스틱): 전자 장치 없이 악기 고유의 울림으로 내는 소리
2038,사회 문화(최종 500).hwpx,사회 문화,8,"Activism(행동주의/액티비즘): 사회적, 정치적, 환경적 변화를 이끌어내기 위해 적극적으로 개입하고 행동하는 태도"
2039,사회 문화(최종 500).hwpx,사회 문화,9,Aged Society(고령 사회): 65세 이상 인구가 총인구의 14% 이상 20% 미만인 사회
2040,사회 문화(최종 500).hwpx,사회 문화,10,Ageing Society(고령화 사회): 65세 이상 인구가 총인구의 7% 이상 14% 미만인 사회
2041,사회 문화(최종 500).hwpx,사회 문화,11,Ageism(연령 차별): 특정 연령대(주로 노인)에 대한 편견이나 고정관념을 바탕으로 한 차별
2042,사회 문화(최종 500).hwpx,사회 문화,12,Airbnb(에어비앤비): 숙박 공유 플랫폼의 대명사
2043,사회 문화(최종 500).hwpx,사회 문화,13,Al dente(알 덴테): 파스타 면의 중심이 약간 씹히는 정도의 식감
2044,사회 문화(최종 500).hwpx,사회 문화,14,"Algorithm(알고리즘): 문제 해결 절차, 현대 사회에서는 SNS나 플랫폼에서 사용자 맞춤형 콘텐츠를 제공하는 기술적 로직"
2045,사회 문화(최종 500).hwpx,사회 문화,15,"Alienation(소외): 개인이 자신이 속한 사회, 노동의 결과물, 혹은 자기 자신으로부터 분리되어 고립감을 느끼는 현상"
2046,사회 문화(최종 500).hwpx,사회 문화,16,Allegory(알레고리/우화): 추상적 개념을 구체적인 사물이나 동물에 빗대어 표현하는 기법
2047,사회 문화(최종 500).hwpx,사회 문화,17,"All-inclusive(올 인클루시브): 숙박비에 식사, 음료, 부대시설 이용료가 모두 포함된 호텔 서비스"
2048,사회 문화(최종 500).hwpx,사회 문화,18,Altruism(이타주의): 자신의 이익보다 타인의 복지와 이익을 먼저 생각하고 행동하는 태도
2049,사회 문화(최종 500).hwpx,사회 문화,19,Androgyny(양성성): 한 개인에게 남성적인 특성과 여성적인 특성이 동시에 존재하는 상태
2050,사회 문화(최종 500).hwpx,사회 문화,20,Anomie(아노미): 급격한 사회 변화로 인해 기존의 규범이 무너지고 새로운 규범이 확립되지 않아 발생하는 가치관의 혼란 상태
2051,사회 문화(최종 500).hwpx,사회 문화,21,Antagonist(적대자): 주인공과 갈등을 일으키며 대립하는 인물
2052,사회 문화(최종 500).hwpx,사회 문화,22,Anthropocentrism(인간 중심주의): 인간을 우주의 중심이자 가장 가치 있는 존재로 여기고 다른 생물이나 자연을 수단으로 보는 관점
2053,사회 문화(최종 500).hwpx,사회 문화,23,Anticipatory Socialization(예기 사회화): 개인이 미래에 속하게 될 집단의 규범이나 역할을 미리 학습하는 과정
2054,사회 문화(최종 500).hwpx,사회 문화,24,"Anti-Semitism(반유대주의): 유대인에 대한 역사적, 종교적, 인종적 편견과 적대감"
2055,사회 문화(최종 500).hwpx,사회 문화,25,Aperture(조리개): 렌즈로 들어오는 빛의 양을 조절하여 사진의 심도를 결정하는 장치
2056,사회 문화(최종 500).hwpx,사회 문화,26,Arabesque(아라베스크): 한 발로 서서 다른 한 발은 뒤로 곧게 뻗는 발레의 기본 포즈
2057,사회 문화(최종 500).hwpx,사회 문화,27,"Artificial Intelligence / AI(인공지능): 인간의 지적 능력을 컴퓨터 프로그램으로 구현한 기술로, 현대 노동 및 윤리 문제의 주요 화두"
2058,사회 문화(최종 500).hwpx,사회 문화,28,"Ascribed Status(귀속 지위): 개인의 노력과 무관하게 태어날 때부터 자연스럽게 부여된 지위 (예: 성별, 인종)"
2059,사회 문화(최종 500).hwpx,사회 문화,29,Asexuality(무성애): 타인에게 성적 끌림을 느끼지 않거나 성생활에 관심이 없는 성적 지향
2060,사회 문화(최종 500).hwpx,사회 문화,30,"ASMR(자율감각 쾌락반응): 시각적, 청각적 자극을 통해 심리적 안정감을 주는 영상/소리"
2061,사회 문화(최종 500).hwpx,사회 문화,31,Assimilation(동화): 소수 집단이 자신의 고유한 문화를 버리고 지배적인 주류 문화에 흡수되는 과정
2062,사회 문화(최종 500).hwpx,사회 문화,32,Atrium(아트리움): 건물 내부의 중앙에 있는 유리 지붕으로 덮인 안뜰이나 채광창 공간
2063,사회 문화(최종 500).hwpx,사회 문화,33,Authority(권위): 사회 구성원들에 의해 정당하다고 인정받고 수용되는 권력
2064,사회 문화(최종 500).hwpx,사회 문화,34,"Automation(자동화): 기계나 기술이 인간의 육체적, 정신적 노동을 대체하는 현상"
2065,사회 문화(최종 500).hwpx,사회 문화,35,Avant-garde(아방가르드/전위예술): 전통적 형식을 거부하고 혁신적이고 실험적인 시도를 하는 예술
2066,사회 문화(최종 500).hwpx,사회 문화,36,Baby Boomers(베이비부머): 전쟁 직후 출산율이 급증하던 시기(보통 1946~1964년)에 태어난 거대 인구 집단
2067,사회 문화(최종 500).hwpx,사회 문화,37,Ballet(발레): 엄격한 규칙과 규격화된 동작을 특징으로 하는 서양 고전 무용
2068,사회 문화(최종 500).hwpx,사회 문화,38,Bauhaus(바우하우스): 실용성과 기하학적 형태를 중시한 20세기 초 독일의 건축 및 디자인 양식
2069,사회 문화(최종 500).hwpx,사회 문화,39,"Bias(편향/편견): 특정 사람, 집단, 생각에 대해 비합리적으로 치우친 태도나 시각"
2070,사회 문화(최종 500).hwpx,사회 문화,40,Billboard Chart(빌보드 차트): 미국의 권위 있는 대중음악 순위 차트
2071,사회 문화(최종 500).hwpx,사회 문화,41,"BIM(Building Information Modeling, 빌딩 정보 모델링): 3차원 디지털 모델을 기반으로 건축물의 정보를 통합 관리하는 기술"
2072,사회 문화(최종 500).hwpx,사회 문화,42,Binge-watching(몰아보기/빈지워칭): 넷플릭스 등 OTT 플랫폼에서 TV 시리즈나 프로그램을 한 번에 여러 편 연속해서 시청하는 문화
2073,사회 문화(최종 500).hwpx,사회 문화,43,"Bioethics(생명윤리): 생명 과학과 의학의 발전이 초래하는 도덕적, 윤리적 문제를 다루는 학문"
2074,사회 문화(최종 500).hwpx,사회 문화,44,"Birth Rate(출생률): 인구 1,000명당 특정 연도에 태어난 신생아의 수"
2075,사회 문화(최종 500).hwpx,사회 문화,45,Bitcoin / Cryptocurrency(비트코인/암호화폐): 블록체인 기술을 기반으로 중앙은행 없이 거래되는 디지털 화폐
2076,사회 문화(최종 500).hwpx,사회 문화,46,Black Lives Matter / BLM(흑인의 생명도 소중하다): 흑인에 대한 경찰의 폭력과 조직적인 인종차별에 반대하는 국제적 인권 운동
2077,사회 문화(최종 500).hwpx,사회 문화,47,Blended Family(재혼 가족): 이전의 결혼에서 얻은 자녀를 포함하여 새롭게 결성된 가족 형태
2078,사회 문화(최종 500).hwpx,사회 문화,48,Blind Spot(사각지대): 복지 제도나 사회적 보호망이 미치지 못하여 소외되고 방치된 영역이나 계층
2079,사회 문화(최종 500).hwpx,사회 문화,49,"Blue-collar Worker(블루칼라 노동자): 공장, 건설 현장 등에서 육체노동에 종사하는 노동자"
2080,사회 문화(최종 500).hwpx,사회 문화,50,"Blueprint(청사진): 건축물의 구조, 치수, 형태를 나타낸 상세한 도면"
2081,사회 문화(최종 500).hwpx,사회 문화,51,Body Positivity(보디 포지티브/자기 몸 긍정주의): 사회가 규정한 미의 기준을 벗어나 모든 형태와 사이즈의 몸을 긍정하는 운동
2082,사회 문화(최종 500).hwpx,사회 문화,52,Body Shaming(보디 셰이밍): 타인의 체형이나 외모를 사회적 기준에 빗대어 비하하고 조롱하는 행위
2083,사회 문화(최종 500).hwpx,사회 문화,53,Bokeh(보케/빛망울): 초점이 맞지 않은 배경의 빛이나 형태가 동그랗게 흐려져 보이는 렌즈 효과
2084,사회 문화(최종 500).hwpx,사회 문화,54,Boomerang Generation(부메랑 세대): 대학 졸업 후 독립했다가 경제적 이유로 다시 부모의 집으로 돌아와 함께 사는 청년층
2085,사회 문화(최종 500).hwpx,사회 문화,55,Bourgeoisie(부르주아지): 자본주의 사회에서 생산 수단을 소유하고 있는 자본가 계급
2086,사회 문화(최종 500).hwpx,사회 문화,56,BPM(분당 비트 수): 1분 동안 연주되는 박자의 수로 곡의 빠르기를 나타냄
2087,사회 문화(최종 500).hwpx,사회 문화,57,Brain Drain(두뇌 유출): 한 국가의 고급 인력이나 전문 연구원들이 더 나은 조건이나 환경을 찾아 해외로 빠져나가는 현상
2088,사회 문화(최종 500).hwpx,사회 문화,58,Breadwinner(가장/생계 부양자): 가족의 생계를 유지하기 위해 주된 소득을 벌어오는 사람
2089,사회 문화(최종 500).hwpx,사회 문화,59,Bureaucracy(관료제): 대규모 조직을 효율적으로 관리하기 위해 피라미드식 위계와 명문화된 규칙을 따르는 행정 체계
2090,사회 문화(최종 500).hwpx,사회 문화,60,"Burnout Syndrome(번아웃 증후군): 업무에 대한 극도의 신체적, 정신적 피로로 인해 무기력증과 자기혐오 등에 빠지는 현상"
2091,사회 문화(최종 500).hwpx,사회 문화,61,Cancel Culture(캔슬 컬처): 논란이 된 공인에 대한 지지를 철회하고 사회적으로 매장하려는 현상
2092,사회 문화(최종 500).hwpx,사회 문화,62,Cantilever(캔틸레버/외팔보): 한쪽 끝만 벽에 고정되고 다른 쪽은 허공에 튀어나와 떠 있는 형태의 구조물
2093,사회 문화(최종 500).hwpx,사회 문화,63,Capitalism(자본주의): 사유 재산제와 자유 시장 경제를 바탕으로 이윤 추구를 목적으로 하는 경제·사회 체제
2094,사회 문화(최종 500).hwpx,사회 문화,64,"Carbon Footprint(탄소 발자국): 개인, 기업, 국가 등의 활동이나 상품의 생산 및 소비 과정에서 발생하는 온실가스의 총량"
2095,사회 문화(최종 500).hwpx,사회 문화,65,"Care Work(돌봄 노동): 아동, 노인, 환자 등 일상생활을 독립적으로 영위하기 어려운 사람들을 보살피고 지원하는 노동"
2096,사회 문화(최종 500).hwpx,사회 문화,66,"Caste System(카스트 제도): 세습되는 신분에 따라 직업, 결혼, 사회적 지위가 엄격하게 제한되는 폐쇄적 신분 제도"
2097,사회 문화(최종 500).hwpx,사회 문화,67,"Casualization(노동의 불안정화): 정규직이 줄어들고 임시직, 계약직, 일용직 등 불안정한 일자리가 증가하는 현상"
2098,사회 문화(최종 500).hwpx,사회 문화,68,Catch-all Party(포괄 정당): 특정한 계급이나 이념에 얽매이지 않고 다양한 유권자층의 지지를 얻기 위해 포괄적인 정책을 펴는 정당
2099,사회 문화(최종 500).hwpx,사회 문화,69,Censorship(검열): 국가나 권력 기관이 대중 매체나 예술 작품의 사상 및 표현을 사전에 통제하는 것
2100,사회 문화(최종 500).hwpx,사회 문화,70,CGI(컴퓨터 생성 이미지): 컴퓨터 그래픽 기술을 이용해 만들어낸 시각적 이미지 (특수효과)
2101,사회 문화(최종 500).hwpx,사회 문화,71,Chiaroscuro(명암법): 빛과 그림자의 대비를 활용하여 대상의 입체감을 강조하는 미술 기법
2102,사회 문화(최종 500).hwpx,사회 문화,72,Choreography(안무): 무용의 동작을 구상하고 배열하여 하나의 작품으로 만드는 작업
2103,사회 문화(최종 500).hwpx,사회 문화,73,"Civic Engagement(시민 참여): 시민들이 지역 사회나 국가의 공공 문제에 관심을 가지고 정치적, 사회적 활동에 개입하는 것"
2104,사회 문화(최종 500).hwpx,사회 문화,74,Civil Society(시민 사회): 국가(정부)와 시장(기업) 영역 밖에서 시민들이 자발적으로 참여하는 공공 영역
2105,사회 문화(최종 500).hwpx,사회 문화,75,Class Ceiling(계급 천장): 노동 계급 출신이 높은 직위나 전문직으로 승진하거나 진입하는 것을 가로막는 보이지 않는 장벽
2106,사회 문화(최종 500).hwpx,사회 문화,76,Class Conflict(계급 갈등): 경제적 이해관계가 다른 사회 계급들 사이에서 발생하는 대립과 투쟁
2107,사회 문화(최종 500).hwpx,사회 문화,77,Class Consciousness(계급 의식): 자신이 속한 사회적 계급의 위치와 이익을 자각하고 연대하려는 인식
2108,사회 문화(최종 500).hwpx,사회 문화,78,Cliché(클리셰): 진부하거나 상투적인 줄거리나 장면
2109,사회 문화(최종 500).hwpx,사회 문화,79,Cliffhanger(클리프행어): 결말을 궁금하게 만들며 끝내는 극적 구성
2110,사회 문화(최종 500).hwpx,사회 문화,80,Climate Change(기후 변화): 지구 온난화 등 인간의 활동으로 인해 발생하는 전 지구적인 기후 패턴의 급격한 변동
2111,사회 문화(최종 500).hwpx,사회 문화,81,Climate Justice(기후 정의): 기후 변화의 원인을 제공한 선진국과 그 피해를 입는 개발도상국 간의 불평등을 해소하려는 윤리적 개념
2112,사회 문화(최종 500).hwpx,사회 문화,82,Close-up / Full Shot(클로즈업 / 풀샷): 인물의 특정 부위를 강조 / 배경 전체를 담는 샷
2113,사회 문화(최종 500).hwpx,사회 문화,83,"Co-living(코리빙/공유 주거): 침실 등 개인 공간은 따로 쓰되, 거실, 주방 등의 공간을 다른 사람들과 공유하며 살아가는 주거 형태"
2114,사회 문화(최종 500).hwpx,사회 문화,84,"Cognitive Dissonance(인지 부조화): 개인의 신념, 태도, 행동 간에 모순이 발생할 때 느끼는 심리적 불쾌감"
2115,사회 문화(최종 500).hwpx,사회 문화,85,Cohabitation(동거): 법적인 결혼을 하지 않은 남녀가 같은 주거 공간에서 부부처럼 생활하는 형태
2116,사회 문화(최종 500).hwpx,사회 문화,86,"Cohort(코호트/동인 집단): 같은 시기에 태어나 동일한 역사적, 사회적 경험을 공유하는 인구 집단 (예: 90년대생)"
2117,사회 문화(최종 500).hwpx,사회 문화,87,Collaboration(콜라보레이션): 서로 다른 아티스트가 협업하여 결과물을 내는 것
2118,사회 문화(최종 500).hwpx,사회 문화,88,Collective Behavior(집합 행동): 명확한 규칙 없이 다수의 사람들이 일시적으로 모여 벌이는 우발적이고 감정적인 행동
2119,사회 문화(최종 500).hwpx,사회 문화,89,Collective Memory(집단 기억): 특정 집단이나 사회가 과거의 역사적 사건에 대해 공동으로 공유하고 재구성하는 기억
2120,사회 문화(최종 500).hwpx,사회 문화,90,"Colonialism(식민주의): 강대국이 약소국의 영토를 점령하고 정치적, 경제적으로 지배하는 정책"
2121,사회 문화(최종 500).hwpx,사회 문화,91,"Commodification(상품화): 원래는 시장에서 거래되지 않던 사물, 감정, 인간관계 등이 돈으로 사고파는 상품으로 변하는 현상"
2122,사회 문화(최종 500).hwpx,사회 문화,92,Commodity Fetishism(상품 물신주의): 자본주의 사회에서 인간의 노동 가치는 숨겨지고 상품 자체가 생명력을 지닌 듯 숭배되는 현상
2123,사회 문화(최종 500).hwpx,사회 문화,93,Communism(공산주의): 사유 재산을 철폐하고 생산 수단의 사회적 소유를 통해 계급 없는 사회를 지향하는 이념
2124,사회 문화(최종 500).hwpx,사회 문화,94,Community(공동체): 일정한 지역에 모여 살며 소속감과 유대감을 공유하는 사람들의 집단
2125,사회 문화(최종 500).hwpx,사회 문화,95,Concerto(협주곡): 독주 악기와 관현악단이 서로 대화하듯 연주하는 기악곡
2126,사회 문화(최종 500).hwpx,사회 문화,96,Concierge(컨시어지): 호텔에서 투숙객의 각종 요청(티켓 예약 등)을 들어주는 서비스
2127,사회 문화(최종 500).hwpx,사회 문화,97,Confit(콩피): 자체 지방이나 설탕물에 재료를 넣어 저온에서 익히는 보존 조리법
2128,사회 문화(최종 500).hwpx,사회 문화,98,Conformity(동조): 집단의 압력이나 사회적 규범에 맞추어 자신의 태도나 행동을 바꾸는 현상
2129,사회 문화(최종 500).hwpx,사회 문화,99,Connecting Room(커넥팅 룸): 호텔에서 내부 문을 통해 연결된 두 개의 방
2130,사회 문화(최종 500).hwpx,사회 문화,100,Consumerism(소비주의): 재화의 소비가 삶의 주요 목적이자 가치 척도가 되는 사회적 경향이나 신념
2131,사회 문화(최종 500).hwpx,사회 문화,101,Contact Zone(접촉 지대): 서로 다른 문화적 배경을 가진 사람들이 만나 충돌하고 상호작용하며 새로운 문화가 형성되는 공간
2132,사회 문화(최종 500).hwpx,사회 문화,102,Contemporary Dance(현대무용): 발레의 엄격한 규범에서 벗어나 자유로운 감정 표현을 중시하는 무용
2133,사회 문화(최종 500).hwpx,사회 문화,103,Core-Periphery Model(핵심-주변부 모델): 세계 자본주의 체제가 선진국(핵심부)과 착취당하는 개발도상국(주변부)으로 나뉜다는 이론
2134,사회 문화(최종 500).hwpx,사회 문화,104,"Corporate Social Responsibility / CSR(기업의 사회적 책임): 기업이 이윤 추구를 넘어 환경, 윤리, 지역사회 발전에 기여해야 한다는 자발적 책임"
2135,사회 문화(최종 500).hwpx,사회 문화,105,Counterculture(반문화 / 대항문화): 지배적인 주류 문화의 가치와 규범을 정면으로 거부하고 대립하는 하위문화
2136,사회 문화(최종 500).hwpx,사회 문화,106,Credentialism(학력주의/자격증주의): 실질적인 능력보다 학위나 자격증을 사람을 평가하고 채용하는 가장 중요한 기준으로 삼는 경향
2137,사회 문화(최종 500).hwpx,사회 문화,107,Crescendo(크레센도): 음악에서 음량을 점차 크게 연주하라는 지시어
2138,사회 문화(최종 500).hwpx,사회 문화,108,"Crime(범죄): 사회의 법률로 금지되어 있으며, 위반 시 국가에 의해 공식적인 형벌이 부과되는 일탈 행동"
2139,사회 문화(최종 500).hwpx,사회 문화,109,Crowdfunding(크라우드펀딩): 온라인 플랫폼을 통해 다수의 대중으로부터 프로젝트나 사업 자금을 모으는 방식
2140,사회 문화(최종 500).hwpx,사회 문화,110,"Cultural Appropriation(문화 전유): 주류 집단이 소수 집단의 문화를 맥락에 대한 이해 없이 상업적, 오락적으로 차용하는 행위"
2141,사회 문화(최종 500).hwpx,사회 문화,111,"Cultural Capital(문화 자본): 교육이나 가정환경을 통해 습득된 지식, 취향, 언어 능력 등으로 계급을 유지하는 데 기여하는 자본"
2142,사회 문화(최종 500).hwpx,사회 문화,112,Cultural Diffusion(문화 전파): 한 사회의 문화 요소가 다른 사회로 퍼져나가 정착하는 현상
2143,사회 문화(최종 500).hwpx,사회 문화,113,Cultural Hegemony(문화적 헤게모니): 지배 계급이 자신의 이념을 상식으로 포장하여 피지배 계급을 자발적으로 복종하게 만드는 지배
2144,사회 문화(최종 500).hwpx,사회 문화,114,Cultural Imperialism(문화 제국주의): 강대국의 문화가 약소국의 문화를 지배하고 획일화시키는 현상
2145,사회 문화(최종 500).hwpx,사회 문화,115,"Cultural Lag(문화 지체): 물질문화(기술)의 빠른 변화 속도를 비물질문화(제도, 의식)가 따라가지 못해 생기는 부조화"
2146,사회 문화(최종 500).hwpx,사회 문화,116,Cultural Relativism(문화상대주의): 각 문화는 고유한 환경 속에서 형성되었으므로 우열을 가릴 수 없다는 태도
2147,사회 문화(최종 500).hwpx,사회 문화,117,Culture Shock(문화 충격): 자신이 익숙한 문화와 전혀 다른 새로운 문화를 접했을 때 겪는 심리적 불안과 혼란
2148,사회 문화(최종 500).hwpx,사회 문화,118,"Culture War(문화 전쟁): 동성애, 낙태, 총기 규제 등 전통적 가치관과 진보적 가치관이 충돌하며 벌어지는 이념적 대립"
2149,사회 문화(최종 500).hwpx,사회 문화,119,"Cyberbullying(사이버 불링): 인터넷, SNS 등 가상 공간에서 특정인을 지속적으로 괴롭히고 모욕하는 행위"
2150,사회 문화(최종 500).hwpx,사회 문화,120,"Cybercrime(사이버 범죄): 컴퓨터 네트워크와 인터넷을 이용하여 발생하는 해킹, 사기, 명예훼손 등의 범죄"
2151,사회 문화(최종 500).hwpx,사회 문화,121,Cybernetics(사이버네틱스): 생명체와 기계의 제어 및 통신 원리를 융합하여 연구하는 학문
2152,사회 문화(최종 500).hwpx,사회 문화,122,"Death Rate(사망률): 인구 1,000명당 특정 연도에 사망한 사람의 수"
2153,사회 문화(최종 500).hwpx,사회 문화,123,Deepfake(딥페이크): 인공지능 기술을 이용해 특정 인물의 얼굴이나 목소리를 합성하여 만든 정교한 가짜 영상
2154,사회 문화(최종 500).hwpx,사회 문화,124,Deglazing(디글레이징): 고기를 구운 팬에 액체를 부어 바닥에 붙은 맛있는 성분을 녹여내는 것
2155,사회 문화(최종 500).hwpx,사회 문화,125,Degrowth(탈성장): 끝없는 경제 성장이 환경 파괴와 불평등을 초래한다고 보고 생산과 소비를 줄이자는 생태주의 운동
2156,사회 문화(최종 500).hwpx,사회 문화,126,"Deinstitutionalization(탈시설화): 수용소, 정신병원 등 대규모 시설에 수용된 사람들을 지역사회로 복귀시켜 함께 살아가도록 하는 정책"
2157,사회 문화(최종 500).hwpx,사회 문화,127,Democratic Deficit(민주주의 결핍): 민주주의 국가나 기구에서 시민들의 실질적인 참여가 배제되고 엘리트에 의해 결정이 이루어지는 상태
2158,사회 문화(최종 500).hwpx,사회 문화,128,"Demography(인구학): 인구의 규모, 구조, 분포, 그리고 출생, 사망, 이동에 따른 인구 변동을 연구하는 학문"
2159,사회 문화(최종 500).hwpx,사회 문화,129,Dependency Theory(종속 이론): 제3세계의 저개발 상태는 선진국 자본주의 세계 체제에 경제적으로 종속되어 착취당하기 때문이라는 이론
2160,사회 문화(최종 500).hwpx,사회 문화,130,Deskilling(탈숙련화): 기술 발전과 자동화로 인해 기존 노동자들이 가졌던 기술이 필요 없어지고 단순 노동으로 전락하는 현상
2161,사회 문화(최종 500).hwpx,사회 문화,131,Deus ex machina(데우스 엑스 마키나): 갑자기 나타나 모든 문제를 해결해버리는 절대적인 힘/인물
2162,사회 문화(최종 500).hwpx,사회 문화,132,Deviance(일탈 행동): 사회의 지배적인 규범이나 기대를 벗어나 사회 구성원들로부터 부정적인 반응을 이끌어내는 행동
2163,사회 문화(최종 500).hwpx,사회 문화,133,Deviant Subculture(일탈적 하위문화): 범죄 조직이나 비행 집단처럼 주류 사회의 규범을 정면으로 위반하는 가치관을 공유하는 집단
2164,사회 문화(최종 500).hwpx,사회 문화,134,Diaspora(디아스포라): 고국을 떠나 흩어져 살면서도 자신들의 민족적 정체성과 문화를 유지하는 사람들이나 현상
2165,사회 문화(최종 500).hwpx,사회 문화,135,"Digital Divide(디지털 정보 격차): 정보통신 기술에 대한 접근성과 활용 능력의 차이로 인해 발생하는 사회적, 경제적 불평등"
2166,사회 문화(최종 500).hwpx,사회 문화,136,Digital Literacy(디지털 리터러시): 디지털 기기와 정보통신망을 이용하여 정보를 평가하고 조합하여 새로운 정보를 창출하는 능력
2167,사회 문화(최종 500).hwpx,사회 문화,137,Digital Nomad(디지털 노마드): 장소에 구애받지 않고 일하며 여행하는 사람들
2168,사회 문화(최종 500).hwpx,사회 문화,138,Disability Rights Movement(장애인 권리 운동): 장애인에 대한 차별을 철폐하고 평등한 시민적 권리를 쟁취하려는 사회운동
2169,사회 문화(최종 500).hwpx,사회 문화,139,Discrimination(차별): 특정 집단에 속해 있다는 이유만으로 개인에게 불이익을 주거나 권리를 제한하는 불공정한 행위
2170,사회 문화(최종 500).hwpx,사회 문화,140,"Diversity(다양성): 인종, 성별, 연령, 종교, 문화 등 사회 내에 존재하는 다양한 특성들의 공존"
2171,사회 문화(최종 500).hwpx,사회 문화,141,Division of Labor(분업): 생산 과정을 여러 단계로 나누어 각자가 특정 역할만 전담함으로써 효율성을 높이는 방식
2172,사회 문화(최종 500).hwpx,사회 문화,142,"DOF(Depth of Field, 피사계 심도): 초점이 맞아 선명하게 보이는 앞뒤의 거리 범위"
2173,사회 문화(최종 500).hwpx,사회 문화,143,"Domestic Violence(가정 폭력): 가족 구성원 사이에서 발생하는 신체적, 정신적, 성적, 경제적 폭력"
2174,사회 문화(최종 500).hwpx,사회 문화,144,Double Burden / Second Shift(이중 부담/제2의 노동): 맞벌이 여성이 직장에서 돌아온 후에도 가사 노동과 육아를 전담해야 하는 불평등한 현실
2175,사회 문화(최종 500).hwpx,사회 문화,145,Dramaturgy(연극학적 접근): 인간의 사회적 상호작용을 연극 무대에서의 배우와 관객의 관계로 비유하여 설명하는 사회학 이론
2176,사회 문화(최종 500).hwpx,사회 문화,146,"DSLR(Digital Single-Lens Reflex, 디지털 일안 반사식 카메라): 거울 반사를 통해 뷰파인더로 직접 보게 하는 렌즈 교환식 카메라"
2177,사회 문화(최종 500).hwpx,사회 문화,147,"Dystopia(디스토피아): 유토피아의 반대말로, 극단적인 통제, 환경 파괴, 억압으로 인해 인간성이 말살된 암울한 미래 사회"
2178,사회 문화(최종 500).hwpx,사회 문화,148,Early Bird(얼리버드): 미리 예약하여 저렴하게 구매하는 시스템
2179,사회 문화(최종 500).hwpx,사회 문화,149,Easter Egg(이스터 에그): 제작자가 숨겨놓은 메시지나 재미 요소
2180,사회 문화(최종 500).hwpx,사회 문화,150,Eaves(처마): 비바람을 막기 위해 외벽 밖으로 튀어나온 지붕의 가장자리
2181,사회 문화(최종 500).hwpx,사회 문화,151,Echo Chamber(에코 체임버 현상): 비슷한 성향의 사람들과만 소통하며 자신의 편견이나 기존의 신념이 확증 편향으로 강화되는 현상
2182,사회 문화(최종 500).hwpx,사회 문화,152,Echo-boomer(에코 부머): 베이비붐 세대의 자녀 세대
2183,사회 문화(최종 500).hwpx,사회 문화,153,"Eco-fascism(생태 파시즘): 환경 보호를 지상 과제로 삼아, 이를 위해 인간의 기본권이나 민주주의를 억압할 수 있다고 보는 극단적인 사상"
2184,사회 문화(최종 500).hwpx,사회 문화,154,Ecofeminism(생태여성주의): 자연과 여성에 대한 억압이 가부장제라는 동일한 뿌리에서 나왔다고 보고 환경과 성평등 문제를 함께 해결하려는 사상
2185,사회 문화(최종 500).hwpx,사회 문화,155,"EDM(Electronic Dance Music, 일렉트로닉 댄스 뮤직): 춤을 추기 위해 전자 악기로 만든 강렬한 비트의 음악"
2186,사회 문화(최종 500).hwpx,사회 문화,156,Egalitarianism(평등주의): 모든 인간은 본질적으로 동등한 가치와 권리를 지닌다는 신념
2187,사회 문화(최종 500).hwpx,사회 문화,157,"Elite(엘리트): 사회의 부, 권력, 지식 등을 독점하고 사회 전반에 지배적인 영향력을 행사하는 소수 집단"
2188,사회 문화(최종 500).hwpx,사회 문화,158,Emigration(이민/출국): 자신이 태어나거나 살던 나라를 떠나 다른 나라로 거주지를 옮기는 행위
2189,사회 문화(최종 500).hwpx,사회 문화,159,"Emotional Labor(감정 노동): 직업상 자신의 실제 감정을 숨기고, 고객이나 조직이 요구하는 특정한 감정을 연기해야 하는 노동"
2190,사회 문화(최종 500).hwpx,사회 문화,160,"Empiricism(경험주의): 모든 지식은 감각적인 경험과 관찰, 실험을 통해서만 얻을 수 있다는 인식론적 태도"
2191,사회 문화(최종 500).hwpx,사회 문화,161,Empty Nest Syndrome(빈둥지 증후군): 자녀가 장성하여 독립한 후 부모가 겪는 심리적 상실감과 우울감
2192,사회 문화(최종 500).hwpx,사회 문화,162,Endemic(엔데믹/풍토병): 감염병이 팬데믹 단계를 지나 특정 지역에서 주기적으로 발생하는 일상적인 질병으로 굳어지는 현상
2193,사회 문화(최종 500).hwpx,사회 문화,163,"Endogamy(족내혼): 자신이 속한 특정 집단(인종, 종교, 계급 등) 내부에서만 배우자를 선택해야 하는 결혼 규범"
2194,사회 문화(최종 500).hwpx,사회 문화,164,Ensemble(앙상블): 여러 명의 무용수/연주자가 전체적인 조화를 이루는 군무나 합주
2195,사회 문화(최종 500).hwpx,사회 문화,165,Environmental Racism(환경 인종차별): 오염 시설이나 유해 폐기물 처리장 등이 유색인종이나 빈곤층 거주 지역에 집중되는 불평등 현상
2196,사회 문화(최종 500).hwpx,사회 문화,166,Epiphany(에피파니/현현): 평범한 일상 속에서 갑자기 본질이나 진리를 깨닫는 순간
2197,사회 문화(최종 500).hwpx,사회 문화,167,Epistemic Injustice(인식론적 부정의): 편견 때문에 특정인의 발언이나 지식이 덜 신빙성 있거나 가치 없는 것으로 무시당하는 차별
2198,사회 문화(최종 500).hwpx,사회 문화,168,Escalator Effect(에스컬레이터 효과): 남성이 여성 중심의 직종에 진출했을 때 여성보다 훨씬 빠르고 쉽게 관리직으로 승진하는 현상
2199,사회 문화(최종 500).hwpx,사회 문화,169,"Essentialism(본질주의): 특정 집단(인종, 성별 등)의 특성이 사회적으로 만들어진 것이 아니라 생물학적 본질이라고 믿는 관점"
2200,사회 문화(최종 500).hwpx,사회 문화,170,"Ethnicity(민족성/종족성): 공통의 언어, 역사, 문화, 전통을 공유하며 소속감을 가지는 집단의 사회문화적 특성"
2201,사회 문화(최종 500).hwpx,사회 문화,171,Ethnocentrism(자민족중심주의): 자기 민족의 문화를 가장 우수하다고 믿는 태도
2202,사회 문화(최종 500).hwpx,사회 문화,172,"Ethnocide(문화 말살): 특정 민족이나 집단의 언어, 종교, 전통문화를 의도적이고 체계적으로 파괴하여 동화시키는 행위"
2203,사회 문화(최종 500).hwpx,사회 문화,173,Eugenics(우생학): 우월한 유전자를 보존하고 열등한 유전자를 제거하여 인종을 개량하려는 비과학적이고 차별적인 학문
2204,사회 문화(최종 500).hwpx,사회 문화,174,"Eurocentrism(유럽 중심주의): 유럽의 역사, 가치, 문화를 세계의 표준으로 간주하고 다른 문화를 평가 절하하는 태도"
2205,사회 문화(최종 500).hwpx,사회 문화,175,Euthanasia(안락사): 불치병 등으로 극심한 고통을 겪는 환자의 생명을 환자 본인이나 가족의 요구에 따라 인위적으로 단축시키는 행위
2206,사회 문화(최종 500).hwpx,사회 문화,176,Everyday Racism(일상적 인종차별): 일상생활의 대화나 무의식적인 시선 속에 스며들어 있는 미세한 인종적 편견
2207,사회 문화(최종 500).hwpx,사회 문화,177,Exogamy(족외혼): 자신이 속한 혈연이나 특정 집단 외부에서 배우자를 구해야 하는 결혼 규범
2208,사회 문화(최종 500).hwpx,사회 문화,178,Exposure(노출): 카메라 센서나 필름에 빛이 닿게 하여 사진의 전체적인 밝기를 결정하는 과정
2209,사회 문화(최종 500).hwpx,사회 문화,179,"Extended Family(확대 가족): 3세대 이상(조부모, 부모, 자녀 등)이 한집에 함께 모여 사는 가족 형태"
2210,사회 문화(최종 500).hwpx,사회 문화,180,Facade(파사드): 건물의 정면 또는 외관으로 건축물의 첫인상을 보여주는 핵심 요소
2211,사회 문화(최종 500).hwpx,사회 문화,181,Fad(유행/일시적 유행): 사회 구성원들 사이에서 일시적으로 열광적인 인기를 끌다가 금세 사라지는 취향이나 행동
2212,사회 문화(최종 500).hwpx,사회 문화,182,Fake News(가짜 뉴스): 정치적 또는 상업적 이익을 위해 고의로 조작되고 유포되는 거짓 정보나 언론 보도
2213,사회 문화(최종 500).hwpx,사회 문화,183,False Consciousness(허위 의식): 지배 계급의 이데올로기에 동화되어 불평등의 진정한 원인을 깨닫지 못하는 상태
2214,사회 문화(최종 500).hwpx,사회 문화,184,Family of Orientation(원초 가족): 자신이 태어나고 자라면서 사회화를 경험하는 부모의 가족
2215,사회 문화(최종 500).hwpx,사회 문화,185,Family of Procreation(생식 가족): 자신이 결혼하여 새로운 자녀를 낳고 결성하는 가족
2216,사회 문화(최종 500).hwpx,사회 문화,186,Farm-to-table(팜 투 테이블): 산지 직송 식재료를 사용하는 요리 철학
2217,사회 문화(최종 500).hwpx,사회 문화,187,Fascism(파시즘): 개인의 자유를 억압하고 국가나 민족의 영광을 최우선으로 삼는 극단적인 전체주의적 정치 이념
2218,사회 문화(최종 500).hwpx,사회 문화,188,Fast Fashion(패스트 패션): 최신 유행을 즉각 반영하여 저렴한 가격으로 빠르게 대량 생산하고 소비되도록 하는 의류 산업 구조
2219,사회 문화(최종 500).hwpx,사회 문화,189,"Feminisation of Poverty(빈곤의 여성화): 빈곤층의 대다수가 여성이며, 여성이 남성보다 빈곤에 빠질 위험이 높은 구조적 현상"
2220,사회 문화(최종 500).hwpx,사회 문화,190,"Feminism(페미니즘): 성별에 따른 정치적, 경제적, 사회적 불평등을 비판하고 성평등을 지향하는 사상 및 운동"
2221,사회 문화(최종 500).hwpx,사회 문화,191,Filter Bubble(필터 버블): 알고리즘이 사용자 입맛에 맞는 정보만 제공하여 자신만의 세계에 갇히게 되는 현상
2222,사회 문화(최종 500).hwpx,사회 문화,192,Fine Dining(파인 다이닝): 고급 식당에서 제공되는 정식 코스 요리
2223,사회 문화(최종 500).hwpx,사회 문화,193,"Flex(플렉스): 힙합 문화에서 파생된 단어로, 자신의 부나 귀중품, 성공을 과시하는 태도나 소비 행위"
2224,사회 문화(최종 500).hwpx,사회 문화,194,"Folkways(민습/관습): 일상생활에서 지켜야 할 가벼운 예절이나 관습으로, 어겨도 가벼운 눈총만 받는 규범"
2225,사회 문화(최종 500).hwpx,사회 문화,195,"FOMO(Fear Of Missing Out, 소외 불안 증후군): 무리에서 소외되고 있다는 두려움을 느끼는 심리 상태"
2226,사회 문화(최종 500).hwpx,사회 문화,196,"Formal Organization(공식 조직): 명확한 목표 달성을 위해 의도적으로 만들어진 구조와 규칙을 가진 조직 (예: 기업, 학교)"
2227,사회 문화(최종 500).hwpx,사회 문화,197,Free Rider Problem(무임승차 문제): 공공재의 혜택을 누리면서도 그에 대한 비용이나 노력은 지불하지 않으려는 이기적인 행태
2228,사회 문화(최종 500).hwpx,사회 문화,198,Freelancer(프리랜서): 특정 기업에 전속되지 않고 독립적으로 계약을 맺어 일하는 사람
2229,사회 문화(최종 500).hwpx,사회 문화,199,Fundamentalism(원리주의/근본주의): 종교 경전이나 전통적인 교리를 문자 그대로 엄격하게 해석하고 현실 사회에 강제하려는 태도
2230,사회 문화(최종 500).hwpx,사회 문화,200,Gaslighting(가스라이팅): 타인의 심리나 상황을 교묘하게 조작하여 스스로를 의심하게 만들고 지배력을 강화하는 정서적 학대
2231,사회 문화(최종 500).hwpx,사회 문화,201,Gated Community(게이티드 커뮤니티/폐쇄형 주택 단지): 외부인의 출입을 엄격히 통제하고 높은 담장을 갖춘 부유층의 거주 구역
2232,사회 문화(최종 500).hwpx,사회 문화,202,"Gender Identity(성 정체성): 사회가 부여한 성별과 무관하게, 자신이 스스로를 남성, 여성, 혹은 그 외의 성으로 인식하는 주관적 감각"
2233,사회 문화(최종 500).hwpx,사회 문화,203,Gender Pay Gap(성별 임금 격차): 노동 시장에서 동일한 노동을 하거나 동일한 자격을 갖추었음에도 성별에 따라 발생하는 평균 임금의 차이
2234,사회 문화(최종 500).hwpx,사회 문화,204,Gender Role(성역할): 특정 사회가 남성 또는 여성에게 적합하다고 기대하는 행동 양식이나 태도
2235,사회 문화(최종 500).hwpx,사회 문화,205,"Gender(젠더/사회적 성): 생물학적 성(Sex)이 아닌, 사회나 문화에 의해 구성된 남성성과 여성성"
2236,사회 문화(최종 500).hwpx,사회 문화,206,"Generation Gap(세대 차이): 서로 다른 세대 간에 가치관, 신념, 라이프스타일의 차이로 인해 발생하는 갈등이나 단절"
2237,사회 문화(최종 500).hwpx,사회 문화,207,Gentrification(젠트리피케이션): 낙후된 동네가 개발되면서 지대와 임대료가 상승하여 원주민이 쫓겨나는 현상
2238,사회 문화(최종 500).hwpx,사회 문화,208,"Genre(장르): 음악적 양식의 구분 (재즈, 록, 힙합 등)"
2239,사회 문화(최종 500).hwpx,사회 문화,209,Gerontocracy(노인 지배/노장 정치): 나이가 많고 연륜이 있는 소수의 노인층이 사회의 권력을 독점하는 정치 체제
2240,사회 문화(최종 500).hwpx,사회 문화,210,"Gerontology(노년학): 노화 과정과 노인들의 신체적, 심리적, 사회적 문제를 종합적으로 연구하는 학문"
2241,사회 문화(최종 500).hwpx,사회 문화,211,Gig Economy(긱 경제): 정규직 형태가 아니라 플랫폼을 통해 건별로 단기 계약을 맺고 임시로 일하는 노동이 확산되는 경제 체제
2242,사회 문화(최종 500).hwpx,사회 문화,212,Glass Ceiling(유리천장): 여성이나 소수자가 조직 내에서 고위직으로 승진하는 것을 막는 보이지 않는 차별적 장벽
2243,사회 문화(최종 500).hwpx,사회 문화,213,"Global South / North(글로벌 사우스 / 글로벌 노스): 지리적 방위뿐만 아니라 경제적, 정치적으로 소외된 개발도상국(사우스)과 선진국(노스)을 구분하는 개념"
2244,사회 문화(최종 500).hwpx,사회 문화,214,Globalization(세계화): 국가 간 장벽이 낮아지고 상호 의존성이 높아지는 현상
2245,사회 문화(최종 500).hwpx,사회 문화,215,Glocalization(글로컬라이제이션 / 세계 지방화): 글로벌 기업이나 문화가 각 지역의 고유한 문화나 특성에 맞추어 변형되고 현지화되는 전략
2246,사회 문화(최종 500).hwpx,사회 문화,216,Gluten-free(글루텐 프리): 밀가루의 단백질 성분인 글루텐을 제거한 식품
2247,사회 문화(최종 500).hwpx,사회 문화,217,Gothic(고딕): 뾰족한 아치와 화려한 스테인드글라스를 특징으로 하는 중세 유럽 건축 양식
2248,사회 문화(최종 500).hwpx,사회 문화,218,Greenwashing(그린워싱 / 위장 환경주의): 기업이 실제로는 환경에 악영향을 미치면서도 친환경적인 것처럼 광고나 이미지를 조작하는 행위
2249,사회 문화(최종 500).hwpx,사회 문화,219,Groupthink(집단 사고): 응집력이 강한 집단에서 만장일치에 집착하여 비판적이고 합리적인 판단을 내리지 못하는 현상
2250,사회 문화(최종 500).hwpx,사회 문화,220,"Habitus(아비투스): 부르디외의 개념으로, 개인의 계급적 배경에 의해 무의식적으로 체화된 취향, 말투, 습관 등의 성향 체계"
2251,사회 문화(최종 500).hwpx,사회 문화,221,Halo Effect(후광 효과): 어떤 대상의 긍정적인 특성 하나를 바탕으로 그 대상의 다른 특성까지 모두 좋게 평가하는 편향
2252,사회 문화(최종 500).hwpx,사회 문화,222,Harmony(화성): 높이가 다른 두 개 이상의 음이 동시에 울릴 때 어우러지는 조화
2253,사회 문화(최종 500).hwpx,사회 문화,223,Hashtag Activism(해시태그 행동주의): SNS에서 특정 해시태그(#)를 달아 사회적 문제에 대한 연대를 표명하는 온라인 사회운동
2254,사회 문화(최종 500).hwpx,사회 문화,224,"Hate Crime(증오 범죄): 인종, 성별, 종교, 성적 지향 등 특정 집단에 대한 편견과 혐오를 동기로 저지르는 폭력 범죄"
2255,사회 문화(최종 500).hwpx,사회 문화,225,Hate Speech(혐오 표현): 특정 집단에 대한 편견을 조장하고 적대감이나 폭력을 선동하는 차별적 발언
2256,사회 문화(최종 500).hwpx,사회 문화,226,"HDR(High Dynamic Range, 하이 다이내믹 레인지): 사람의 눈으로 보는 것과 가장 가깝게 명암을 살려내는 사진 합성 기술"
2257,사회 문화(최종 500).hwpx,사회 문화,227,Hegemony(헤게모니/패권): 한 지배 집단이 이념과 문화를 통해 피지배 집단의 동의를 이끌어내어 행사하는 지배력
2258,사회 문화(최종 500).hwpx,사회 문화,228,Heteronormativity(이성애 규범성): 이성애만이 정상적이고 자연스러운 성적 지향이라고 간주하며 이를 사회 제도의 기본으로 삼는 태도
2259,사회 문화(최종 500).hwpx,사회 문화,229,Heterosexism(이성애 중심주의): 이성애만이 정상적이라고 규정하며 동성애 등 다른 성적 지향을 비정상으로 취급하고 억압하는 차별 구조
2260,사회 문화(최종 500).hwpx,사회 문화,230,"Hidden Curriculum(잠재적 교육과정): 학교의 공식적인 교육 목표에는 없지만, 학교생활을 통해 은연중에 학습하게 되는 규범이나 가치관"
2261,사회 문화(최종 500).hwpx,사회 문화,231,"Hidden Homelessness(숨은 노숙 / 주거 빈곤): 거리 노숙자는 아니지만 고시원, 찜질방 등을 전전하며 안정적인 주거지가 없는 상태"
2262,사회 문화(최종 500).hwpx,사회 문화,232,"Hierarchy(위계질서/계층제): 권력, 지위, 재산 등에 따라 사람이나 조직을 피라미드 형태의 상하 등급으로 나누는 체계"
2263,사회 문화(최종 500).hwpx,사회 문화,233,High Culture(하이 컬처): 상류층이 향유하는 정통 예술
2264,사회 문화(최종 500).hwpx,사회 문화,234,Hipster(힙스터): 주류에서 벗어나 자신만의 고유한 문화를 추구하는 부류
2265,사회 문화(최종 500).hwpx,사회 문화,235,"Hocance(Hotel + Vacance, 호캉스): 호텔에서 바캉스를 즐기는 여행 형태"
2266,사회 문화(최종 500).hwpx,사회 문화,236,Homage(오마주): 존경하는 감독이나 작품의 장면을 의도적으로 인용하는 것
2267,사회 문화(최종 500).hwpx,사회 문화,237,"Homo Sapiens(호모 사피엔스): 슬기로운 사람이라는 뜻으로, 현생 인류를 생물학적으로 분류하는 학명"
2268,사회 문화(최종 500).hwpx,사회 문화,238,"Homophobia(동성애 혐오): 동성애자나 동성애 자체에 대해 갖는 비이성적인 공포, 편견, 그리고 차별적 태도"
2269,사회 문화(최종 500).hwpx,사회 문화,239,Hook(훅): 노래의 후렴구처럼 귀에 꽂히는 핵심 부분
2270,사회 문화(최종 500).hwpx,사회 문화,240,"Human Rights(인권): 인간이라면 누구나 국적, 인종, 성별에 상관없이 태어나면서부터 마땅히 누려야 할 보편적 권리"
2271,사회 문화(최종 500).hwpx,사회 문화,241,"Hyperconnectivity(초연결성): 인터넷, 스마트폰, 사물인터넷(IoT) 등의 발달로 인간과 기계가 촘촘하게 연결된 상태"
2272,사회 문화(최종 500).hwpx,사회 문화,242,"Hyperreality(파생 실재 / 과잉 현실): 장 보드리야르의 개념으로, 원본 없는 복제품(시뮬라크르)이 실제 현실보다 더 현실적으로 인식되는 상태"
2273,사회 문화(최종 500).hwpx,사회 문화,243,Identity Politics(정체성 정치): 소수 집단의 이익과 권리 인정을 중심으로 펼치는 정치 활동
2274,사회 문화(최종 500).hwpx,사회 문화,244,"Identity(정체성): 개인이 자신을 누구라고 인식하는가에 대한 자각으로, 사회적 역할과 소속감의 영향을 받음"
2275,사회 문화(최종 500).hwpx,사회 문화,245,Ideology(이데올로기/이념): 특정 사회나 계급의 이익을 대변하고 사회 질서를 정당화하는 신념 및 사상 체계
2276,사회 문화(최종 500).hwpx,사회 문화,246,Immigration(이민/입국): 다른 나라에서 자신이 살 국가로 영구적으로 이주해 들어오는 행위
2277,사회 문화(최종 500).hwpx,사회 문화,247,Implicit Bias(무의식적 편견/암묵적 편향): 개인 스스로는 인지하지 못하지만 무의식적으로 특정 집단에 대해 가지는 긍정적 또는 부정적인 고정관념
2278,사회 문화(최종 500).hwpx,사회 문화,248,Impression Management(인상 관리): 타인에게 보여지는 자신의 이미지를 통제하고 긍정적으로 연출하려는 사회적 행동
2279,사회 문화(최종 500).hwpx,사회 문화,249,Impressionism(인상주의): 시시각각 변하는 빛과 사물의 순간적인 인상을 화폭에 담아낸 미술 사조
2280,사회 문화(최종 500).hwpx,사회 문화,250,Improvisation(즉흥무용/연주): 미리 정해진 안무나 악보 없이 즉각적이고 본능적으로 표현하는 것
2281,사회 문화(최종 500).hwpx,사회 문화,251,Inbound / Outbound(인바운드 / 아웃바운드): 외국인의 국내 여행 / 내국인의 해외 여행
2282,사회 문화(최종 500).hwpx,사회 문화,252,"Inclusion(포용성): 사회의 모든 구성원, 특히 소외된 집단이 동등한 권리와 기회를 누리며 사회에 참여할 수 있도록 하는 가치"
2283,사회 문화(최종 500).hwpx,사회 문화,253,Indie(인디): 거대 자본에서 독립하여 활동하는 음악가나 장르
2284,사회 문화(최종 500).hwpx,사회 문화,254,"Individualism(개인주의): 집단이나 국가의 이익보다 개인의 자유, 권리, 독립성을 최우선으로 존중하는 사상"
2285,사회 문화(최종 500).hwpx,사회 문화,255,Industrialization(산업화): 농업 중심의 사회가 제조업 중심의 사회로 변화하는 과정
2286,사회 문화(최종 500).hwpx,사회 문화,256,"Inequality(불평등): 부, 권력, 기회 등의 사회적 자원이 사회 구성원들에게 공정하지 않게 분배되어 있는 상태"
2287,사회 문화(최종 500).hwpx,사회 문화,257,"Infant Mortality Rate(영아 사망률): 특정 연도에 태어난 출생아 1,000명 중 만 1세가 되기 전에 사망하는 영아의 수"
2288,사회 문화(최종 500).hwpx,사회 문화,258,Infodemic(인포데믹 / 정보 감염증): 잘못된 정보나 가짜 뉴스가 전염병처럼 빠르게 확산되어 사회적 혼란을 초래하는 현상
2289,사회 문화(최종 500).hwpx,사회 문화,259,Informal Economy(비공식 경제): 국가의 세금 징수나 노동법의 규제를 받지 않는 음성적이거나 소규모의 경제 활동
2290,사회 문화(최종 500).hwpx,사회 문화,260,In-group(내집단): 개인이 소속되어 있으며 강한 정서적 애착과 충성심을 느끼는 '우리' 집단
2291,사회 문화(최종 500).hwpx,사회 문화,261,"Institution(제도): 사회의 질서를 유지하고 구성원들의 욕구를 충족시키기 위해 확립된 규칙, 관습, 조직의 복합체"
2292,사회 문화(최종 500).hwpx,사회 문화,262,"Institutional Racism(제도적 인종차별): 개인의 편견을 넘어 사회의 법, 제도, 관행 속에 구조적으로 깊게 뿌리내린 인종차별"
2293,사회 문화(최종 500).hwpx,사회 문화,263,"Intersectionality(교차성): 성별, 인종, 계급 등 다양한 사회적 정체성이 서로 겹치면서 복합적이고 독특한 형태의 차별과 억압을 만들어낸다는 이론"
2294,사회 문화(최종 500).hwpx,사회 문화,264,Irony(반어): 속마음이나 실제 상황과 반대되게 표현하여 의미를 강조하는 문학 기법
2295,사회 문화(최종 500).hwpx,사회 문화,265,Islamophobia(이슬람 혐오): 이슬람교나 무슬림에 대해 맹목적인 공포와 적대감을 가지고 차별하는 현상
2296,사회 문화(최종 500).hwpx,사회 문화,266,ISO(국제 표준화 기구): 전 세계 전문가들이 모여 품질과 안전을 위한 국제 기준을 합의·발표하는 비정부 국제기구
2297,사회 문화(최종 500).hwpx,사회 문화,267,ISO(감도): 카메라 센서가 빛에 반응하는 민감도를 수치화한 것
2298,사회 문화(최종 500).hwpx,사회 문화,268,Just-in-time Production(적시 생산 방식 / JIT): 재고 비용을 최소화하기 위해 자재를 생산에 필요한 시점에 정확히 공급받는 물류 시스템
2299,사회 문화(최종 500).hwpx,사회 문화,269,Juvenile Delinquency(청소년 비행): 미성년자가 저지르는 범죄나 반사회적인 일탈 행동
2300,사회 문화(최종 500).hwpx,사회 문화,270,Kakistocracy(최악재제 / 악인 정치): 가장 무능하거나 부도덕하고 파렴치한 자들로 구성된 최악의 정치 체제
2301,사회 문화(최종 500).hwpx,사회 문화,271,"Kinship(친족): 혈연, 결혼, 입양 등을 통해 형성된 사람들 간의 사회적 유대 관계 네트워크"
2302,사회 문화(최종 500).hwpx,사회 문화,272,"Kitsch(키치): 인기는 있지만 질 낮은 예술품이나 물건, 혹은 그것을 비꼬거나 즐기는 미학"
2303,사회 문화(최종 500).hwpx,사회 문화,273,"Knowledge Economy(지식 경제): 자본이나 노동력보다 지식, 정보, 기술 혁신이 부가가치 창출의 핵심이 되는 경제 체제"
2304,사회 문화(최종 500).hwpx,사회 문화,274,Labeling Theory(낙인 이론): 일탈은 행위 자체 때문이 아니라 사회가 특정인을 일탈자로 '낙인'찍음으로써 발생한다고 보는 이론
2305,사회 문화(최종 500).hwpx,사회 문화,275,Language Death(언어 사멸): 특정 언어를 사용하는 화자가 모두 사망하거나 동화되어 해당 언어가 지구상에서 완전히 사라지는 현상
2306,사회 문화(최종 500).hwpx,사회 문화,276,Latchkey Child(열쇠 아동): 맞벌이 부모가 퇴근하기 전까지 방과 후에 집에서 혼자 시간을 보내는 아이
2307,사회 문화(최종 500).hwpx,사회 문화,277,Latent Function(잠재적 기능): 어떤 제도나 행위가 의도하지 않았거나 사람들이 미처 인식하지 못한 숨겨진 결과나 기능
2308,사회 문화(최종 500).hwpx,사회 문화,278,Layover / Stopover(레이오버/스톱오버): 경유지 체류 시간이 24시간 미만 / 이상인 경우
2309,사회 문화(최종 500).hwpx,사회 문화,279,LEED(친환경 건축물 인증제도): 건물의 에너지 효율과 환경 친화성을 평가하는 미국의 인증 기준
2310,사회 문화(최종 500).hwpx,사회 문화,280,Life Course Perspective(생애 과정 관점): 인간의 발달과 행동을 일생 동안 겪는 사회적 변화와 역사적 맥락 속에서 파악하려는 접근법
2311,사회 문화(최종 500).hwpx,사회 문화,281,Life Expectancy(기대 수명): 특정 연도에 태어난 사람이 앞으로 생존할 것으로 기대되는 평균 연수
2312,사회 문화(최종 500).hwpx,사회 문화,282,"Lifestyle(라이프스타일/생활 양식): 개인이나 집단이 가치관을 바탕으로 살아가는 행동, 소비, 여가 등의 고유한 방식"
2313,사회 문화(최종 500).hwpx,사회 문화,283,Liquid Modernity(액체 근대 / 유동하는 근대): 모든 사회적 관계와 제도가 고정되지 않고 끊임없이 변화하며 유동하는 현대 사회의 불안정성
2314,사회 문화(최종 500).hwpx,사회 문화,284,Living Wage(생활 임금): 노동자가 인간다운 최소한의 삶을 유지하는 데 실제로 필요한 임금 수준
2315,사회 문화(최종 500).hwpx,사회 문화,285,Local Guide(현지 가이드): 특정 지역의 역사와 문화를 전문적으로 설명하는 사람
2316,사회 문화(최종 500).hwpx,사회 문화,286,Long Take(롱테이크): 편집 없이 한 장면을 길게 촬영하는 기법
2317,사회 문화(최종 500).hwpx,사회 문화,287,Looking-glass Self(거울 자아): 타인이 자신을 어떻게 생각할지 상상하고 그에 따른 감정을 바탕으로 자아 정체성을 형성한다는 이론
2318,사회 문화(최종 500).hwpx,사회 문화,288,"Lower Class(하층 계급): 소득, 교육 수준, 직업의 위신이 낮아 사회적 자원 배분에서 가장 불리한 위치에 있는 계층"
2319,사회 문화(최종 500).hwpx,사회 문화,289,MacGuffin(맥거핀): 관객의 시선을 끌지만 실제로는 중요하지 않은 극적 장치
2320,사회 문화(최종 500).hwpx,사회 문화,290,Machismo(마초이즘/남성우월주의): 남성은 강인하고 지배적이어야 하며 여성을 보호하거나 통제해야 한다는 과장된 남성성 신념
2321,사회 문화(최종 500).hwpx,사회 문화,291,Macro(매크로/접사): 아주 작은 피사체에 매우 가까이 다가가 확대하여 찍는 기법
2322,사회 문화(최종 500).hwpx,사회 문화,292,"Macrosociology(거시 사회학): 사회 구조, 제도, 국가, 계급 등 거대한 사회 체계와 구조적 변동을 연구하는 사회학 분야"
2323,사회 문화(최종 500).hwpx,사회 문화,293,Manifest Function(명시적 기능): 어떤 제도나 사회적 행위가 본래 의도하고 겉으로 명확하게 드러나는 목적과 기능
2324,사회 문화(최종 500).hwpx,사회 문화,294,Mansplaining(맨스플레인): 남성이 여성을 가르치려는 듯이 거만하게 설명하는 행동을 비판하는 용어
2325,사회 문화(최종 500).hwpx,사회 문화,295,"Marginalization(주변화/소외): 특정 집단이 사회의 주류나 권력 구조에서 밀려나 경제적, 정치적 참여를 제한받는 과정"
2326,사회 문화(최종 500).hwpx,사회 문화,296,"Marriage(결혼): 두 사람이 가족을 형성하기 위해 법적, 사회적, 종교적으로 승인받는 공식적인 결합"
2327,사회 문화(최종 500).hwpx,사회 문화,297,Marxism(마르크스주의): 사회 변동의 원동력을 경제적 계급 갈등으로 보며 자본주의의 전복을 주장하는 사회 이론
2328,사회 문화(최종 500).hwpx,사회 문화,298,Mass Customization(대량 맞춤 생산): 대량 생산의 효율성을 유지하면서도 개별 소비자의 취향에 맞춘 제품이나 서비스를 제공하는 방식
2329,사회 문화(최종 500).hwpx,사회 문화,299,"Mass Media(대중 매체): 신문, 방송, 인터넷 등 다수의 익명 대중에게 정보를 대량으로 전달하는 수단"
2330,사회 문화(최종 500).hwpx,사회 문화,300,Mass Society(대중 사회): 산업화 이후 개인이 파편화되어 대중 매체에 쉽게 영향을 받는 현대 사회
2331,사회 문화(최종 500).hwpx,사회 문화,301,Master Status(지배 지위/핵심 지위): 개인의 정체성과 타인의 평가를 결정짓는 가장 중요한 지위
2332,사회 문화(최종 500).hwpx,사회 문화,302,"Material Culture(물질문화): 건물, 도구, 옷, 기계 등 인간이 생존과 편의를 위해 만들어낸 모든 물리적 대상"
2333,사회 문화(최종 500).hwpx,사회 문화,303,Matriarchy(모가장제/모권제): 여성이 가족이나 사회의 권력을 쥐고 의사결정의 중심이 되는 사회 구조
2334,사회 문화(최종 500).hwpx,사회 문화,304,McDonaldization(맥도날드화): 패스트푸드점의 원리인 효율성과 통제가 현대 사회의 모든 영역으로 확산되고 지배하는 현상
2335,사회 문화(최종 500).hwpx,사회 문화,305,Melody(선율): 리듬에 맞추어 여러 음이 높낮이를 가지며 이어지는 흐름
2336,사회 문화(최종 500).hwpx,사회 문화,306,Meritocracy(능력주의): 출신이나 신분이 아닌 개인의 능력과 노력에 따라 사회적 지위와 보상이 주어지는 체제
2337,사회 문화(최종 500).hwpx,사회 문화,307,Metaphor(은유): 연결어 없이 원관념을 보조관념에 빗대어 숨겨서 표현하는 수사법
2338,사회 문화(최종 500).hwpx,사회 문화,308,Mezzanine(메자닌): 층과 층 사이에 있는 천장이 낮은 중간 층
2339,사회 문화(최종 500).hwpx,사회 문화,309,Michelin Guide(미슐랭 가이드): 프랑스 타이어 회사가 발간하는 세계적인 식당 지표
2340,사회 문화(최종 500).hwpx,사회 문화,310,Microaggression(미세 공격 / 먼지 차별): 의도적이든 아니든 일상적인 대화 속에 스며들어 소수자에게 모욕감과 상처를 주는 미묘한 차별
2341,사회 문화(최종 500).hwpx,사회 문화,311,"Microsociology(미시 사회학): 개인 간의 상호작용, 일상생활, 소집단 내의 역학 등 미시적인 행동을 연구하는 사회학 분야"
2342,사회 문화(최종 500).hwpx,사회 문화,312,Migration(이주): 더 나은 삶의 조건이나 특정한 이유로 거주지를 한 지역에서 다른 지역으로 영구적으로 옮기는 현상
2343,사회 문화(최종 500).hwpx,사회 문화,313,Millennial Generation(밀레니얼 세대): 1980년대 초반부터 1990년대 중반 사이에 태어나 IT 발달과 함께 성장한 세대 (Y세대)
2344,사회 문화(최종 500).hwpx,사회 문화,314,Minimalism(미니멀리즘): 단순함과 간결함을 추구하는 예술 및 라이프스타일
2345,사회 문화(최종 500).hwpx,사회 문화,315,Minority Group(소수자 집단): 단순히 인구수가 적은 것이 아니라 신체적/문화적 특성 때문에 주류 사회로부터 차별받는 집단
2346,사회 문화(최종 500).hwpx,사회 문화,316,"Mise-en-scène(미장센): 등장인물, 조명, 소품 등의 배치를 통해 시각적인 메시지를 전달하는 연출 기법"
2347,사회 문화(최종 500).hwpx,사회 문화,317,Mixing / Mastering(믹싱 / 마스터링): 여러 소리의 균형을 맞추는 과정 / 최종 음원을 다듬는 과정
2348,사회 문화(최종 500).hwpx,사회 문화,318,"Mobility(이동성): 개인이 사회적 계층, 직업, 지리적 위치를 바꾸어 이동할 수 있는 능력이나 정도"
2349,사회 문화(최종 500).hwpx,사회 문화,319,"Modernization(근대화): 전통 사회가 산업화, 도시화, 합리화를 거쳐 현대 산업 사회로 진화하는 포괄적 변동 과정"
2350,사회 문화(최종 500).hwpx,사회 문화,320,"Molecular Gastronomy(분자 요리): 식재료의 물리적, 화학적 변화를 이용해 새로운 형태의 음식을 만드는 것"
2351,사회 문화(최종 500).hwpx,사회 문화,321,Monogamy(단혼/일부일처제): 한 명의 남성과 한 명의 여성이 배우자로 결합하는 가장 보편적인 결혼 형태
2352,사회 문화(최종 500).hwpx,사회 문화,322,Moral Panic(도덕적 공황): 사회의 특정 현상이 질서를 심각하게 위협한다고 과장되어 대중의 불안과 공포가 확산되는 현상
2353,사회 문화(최종 500).hwpx,사회 문화,323,Mores(원규/도덕률): 위반 시 사회적으로 강한 비난이나 공식적인 처벌을 받게 되는 사회의 핵심적인 도덕 규범
2354,사회 문화(최종 500).hwpx,사회 문화,324,Multiculturalism(다문화주의): 다양한 문화를 가진 사람들이 서로를 인정하고 공존하려는 태도
2355,사회 문화(최종 500).hwpx,사회 문화,325,"Nationalism(민족주의/국가주의): 자신이 속한 국가나 민족의 이익, 독립, 통일을 최우선 가치로 삼는 이념"
2356,사회 문화(최종 500).hwpx,사회 문화,326,Natural population replacement(자연 인구 대체): 현재의 인구수를 유지하기 위해 여성당 2.1의 출산율이 요구되는 수준
2357,사회 문화(최종 500).hwpx,사회 문화,327,Neocolonialism(신식민주의): 무력이 아닌 자본과 기업을 통해 선진국이 개발도상국을 간접적으로 지배하고 착취하는 현상
2358,사회 문화(최종 500).hwpx,사회 문화,328,"Neo-liberalism(신자유주의): 국가의 시장 개입을 최소화하고 민영화, 규제 완화를 통해 경제 성장을 이루려는 정치 경제적 사상"
2359,사회 문화(최종 500).hwpx,사회 문화,329,Nepotism(네포티즘 / 족벌주의): 권력자나 공직자가 자신의 친척이나 지인에게 부당하게 관직이나 이익을 베푸는 친족 중심의 정실주의
2360,사회 문화(최종 500).hwpx,사회 문화,330,Net Neutrality(망 중립성): 통신망 제공 사업자가 모든 인터넷 트래픽과 콘텐츠를 차별 없이 평등하게 취급해야 한다는 원칙
2361,사회 문화(최종 500).hwpx,사회 문화,331,Networking(네트워킹): 정보 공유나 사회적 자원을 얻기 위해 인맥과 상호 관계를 형성하는 활동
2362,사회 문화(최종 500).hwpx,사회 문화,332,"New Social Movement(신사회운동): 경제적 계급 문제를 넘어 환경, 인권, 페미니즘 등 삶의 질과 정체성 문제를 다루는 사회운동"
2363,사회 문화(최종 500).hwpx,사회 문화,333,New-tro(뉴트로): 복고(Retro)를 현대적으로 재해석하여 즐기는 성향
2364,사회 문화(최종 500).hwpx,사회 문화,334,NIMBY(님비 현상): 혐오 시설이 자신이 사는 동네에 들어서는 것은 반대하는 지역 이기주의
2365,사회 문화(최종 500).hwpx,사회 문화,335,"Nomad(유목민/노마드): 정착하지 않고 이동하며 살아가는 사람들을 가리키며, 현대에는 장소에 구애받지 않는 사람을 뜻함"
2366,사회 문화(최종 500).hwpx,사회 문화,336,"Nonmaterial Culture(비물질문화): 가치, 신념, 규범, 언어, 예술 등 인간이 만들어낸 눈에 보이지 않는 정신적 산물"
2367,사회 문화(최종 500).hwpx,사회 문화,337,Norms(규범): 특정 상황에서 사람들이 어떻게 행동해야 하는지를 지시하는 사회적으로 합의된 행동 규칙
2368,사회 문화(최종 500).hwpx,사회 문화,338,No-show(노쇼): 예약 후 나타나지 않는 행위
2369,사회 문화(최종 500).hwpx,사회 문화,339,Nuclear Family(핵가족): 부부와 그들의 미혼 자녀만으로 구성된 독립적인 2세대 가족 형태
2370,사회 문화(최종 500).hwpx,사회 문화,340,Nudge(넛지): 타인의 선택을 강제하지 않고 자연스럽고 부드러운 개입을 통해 더 나은 선택을 하도록 유도하는 방법
2371,사회 문화(최종 500).hwpx,사회 문화,341,Objectification(대상화): 사람을 인격체로 존중하지 않고 욕구 충족을 위한 물건이나 수단으로 취급하는 행위
2372,사회 문화(최종 500).hwpx,사회 문화,342,"Oligarchy(과두제): 소수의 특권층, 군부, 부유층이 사회의 권력과 의사결정권을 독점하는 통치 체제"
2373,사회 문화(최종 500).hwpx,사회 문화,343,Omakase(오마카세): 주방장에게 모든 메뉴 구성을 맡기는 방식
2374,사회 문화(최종 500).hwpx,사회 문화,344,Omniscient Point of View(전지적 작가 시점): 서술자가 신처럼 인물의 내면과 상황을 꿰뚫어 보고 서술하는 시점
2375,사회 문화(최종 500).hwpx,사회 문화,345,Ontological Security(존재론적 안전감): 일상생활이 예측 가능하게 흘러갈 것이라는 신뢰에서 오는 개인의 심리적 안정감
2376,사회 문화(최종 500).hwpx,사회 문화,346,Open-jaw(오픈 조): 출국 도시와 귀국 도시가 다른 항공권 구성
2377,사회 문화(최종 500).hwpx,사회 문화,347,OST(오리지널 사운드트랙): 영상 매체를 위해 창작되거나 삽입된 배경 음악
2378,사회 문화(최종 500).hwpx,사회 문화,348,"Out-group(외집단): 개인이 소속감을 느끼지 못하며, 때로는 적대감이나 이질감을 느끼는 '그들'의 집단"
2379,사회 문화(최종 500).hwpx,사회 문화,349,Overconsumption(과잉 소비): 자원의 재생 속도나 개인의 필요를 넘어설 정도로 지나치게 재화를 소비하여 환경 문제를 유발하는 행태
2380,사회 문화(최종 500).hwpx,사회 문화,350,Overpopulation(인구 과잉): 특정 지역의 인구가 수용할 수 있는 한계를 초과한 상태
2381,사회 문화(최종 500).hwpx,사회 문화,351,Overtourism(오버투어리즘): 관광객이 너무 많아 지역 주민의 삶을 침해하는 현상
2382,사회 문화(최종 500).hwpx,사회 문화,352,Package Tour / FIT(패키지 투어 / 자유 여행): 정해진 일정의 단체 여행과 개별 여행
2383,사회 문화(최종 500).hwpx,사회 문화,353,Pairing(페어링): 음식과 잘 어울리는 술을 짝짓는 것
2384,사회 문화(최종 500).hwpx,사회 문화,354,Panopticon(판옵티콘 / 원형 감옥): 감시자는 보이지 않지만 수감자는 항상 감시받고 있다고 느껴 스스로 통제하게 되는 권력 시스템
2385,사회 문화(최종 500).hwpx,사회 문화,355,Panorama(파노라마): 넓은 각도의 풍경을 한 장의 긴 사진으로 이어 붙이는 기법
2386,사회 문화(최종 500).hwpx,사회 문화,356,"Paradigm Shift(패러다임 전환): 특정 시대의 과학적 관점이나 사회의 가치관, 세계관이 새로운 차원으로 혁명적으로 변화하는 것"
2387,사회 문화(최종 500).hwpx,사회 문화,357,Paradigm(패러다임): 특정 시대의 사람들의 생각과 학문적 연구를 지배하는 이론적 틀이나 세계관
2388,사회 문화(최종 500).hwpx,사회 문화,358,Participatory Democracy(참여 민주주의): 시민들이 일상적인 정치 과정과 정책 결정에 직접적이고 적극적으로 참여하는 민주주의 형태
2389,사회 문화(최종 500).hwpx,사회 문화,359,Pas de deux(파드되): 발레에서 주역 무용수 두 명이 호흡을 맞추어 함께 추는 2인무
2390,사회 문화(최종 500).hwpx,사회 문화,360,"Patriarchy(가부장제): 남성이 가족의 권력을 쥐고 사회적 주도권을 행사하며, 여성은 종속되는 사회 시스템"
2391,사회 문화(최종 500).hwpx,사회 문화,361,"PC(Political Correctness, 정치적 올바름): 편견이나 차별적인 언어 및 행동을 지양하려는 사회적 신념"
2392,사회 문화(최종 500).hwpx,사회 문화,362,Peak / Low Season(성수기 / 비수기): 여행객이 몰리는 시기와 한적한 시기
2393,사회 문화(최종 500).hwpx,사회 문화,363,"Peer Group(또래 집단): 나이, 지위, 관심사가 비슷한 사람들로 구성되어 청소년기 사회화에 영향을 미치는 집단"
2394,사회 문화(최종 500).hwpx,사회 문화,364,Persona(페르소나): 감독의 세계관을 대변하는 특정 배우
2395,사회 문화(최종 500).hwpx,사회 문화,365,Perspective(원근법): 2차원 평면에 3차원의 공간감과 거리감을 표현하는 미술 기법
2396,사회 문화(최종 500).hwpx,사회 문화,366,Piloti(필로티): 1층을 벽 없이 기둥만 세워 개방된 공간으로 만드는 건축 양식
2397,사회 문화(최종 500).hwpx,사회 문화,367,Pilot Program(파일럿 프로그램): 정규 편성 전 시청자 반응을 보기 위해 제작하는 시범방송
2398,사회 문화(최종 500).hwpx,사회 문화,368,PIMFY(핌피 현상): 이익이 되는 시설을 자신의 지역에 유치하려는 지역 이기주의
2399,사회 문화(최종 500).hwpx,사회 문화,369,"Pink-collar Worker(핑크칼라 노동자): 돌봄, 보육, 미용, 서비스업 등 전통적으로 여성의 역할로 간주되었던 직종의 노동자"
2400,사회 문화(최종 500).hwpx,사회 문화,370,Pinkwashing(핑크워싱): 기업이 성소수자나 여성 인권을 지지하는 척하면서 비윤리적 행위를 은폐하려는 전략
2401,사회 문화(최종 500).hwpx,사회 문화,371,Pirouette(피루엣): 한 발을 축으로 삼아 팽이처럼 제자리에서 빠르게 회전하는 발레 동작
2402,사회 문화(최종 500).hwpx,사회 문화,372,Platform Economy(플랫폼 경제): 디지털 플랫폼을 매개로 공급자와 수요자가 연결되어 재화나 서비스가 거래되는 경제 구조
2403,사회 문화(최종 500).hwpx,사회 문화,373,Plié(플리에): 무릎을 부드럽게 굽히는 발레의 가장 기초적인 준비 및 착지 동작
2404,사회 문화(최종 500).hwpx,사회 문화,374,Plot(플롯): 인과관계에 따른 사건의 구성
2405,사회 문화(최종 500).hwpx,사회 문화,375,"Pluralism(다원주의): 사회 내의 다양한 집단, 종교, 이념들이 고유성을 인정받고 평화롭게 공존하는 체제"
2406,사회 문화(최종 500).hwpx,사회 문화,376,"Polarization(양극화): 사회의 부, 소득, 혹은 정치적 의견이 중간층 없이 극단적인 양쪽으로 쏠리는 현상"
2407,사회 문화(최종 500).hwpx,사회 문화,377,Political Socialization(정치 사회화): 개인이 성장하면서 가족과 미디어를 통해 정치적 지식과 가치관을 형성하는 과정
2408,사회 문화(최종 500).hwpx,사회 문화,378,Polygamy(복혼/다혼제): 한 명의 배우자가 동시에 두 명 이상의 배우자와 결혼 상태를 유지하는 형태
2409,사회 문화(최종 500).hwpx,사회 문화,379,Pop Art(팝아트): 대중 소비문화의 이미지를 예술의 소재로 삼은 미술 운동
2410,사회 문화(최종 500).hwpx,사회 문화,380,Pop Culture(대중문화): 대중 매체를 통해 다수의 일반 대중이 즐기고 공유하는 문화
2411,사회 문화(최종 500).hwpx,사회 문화,381,Population Density(인구 밀도): 일정한 면적 안에 거주하는 사람의 수
2412,사회 문화(최종 500).hwpx,사회 문화,382,Populism(포퓰리즘 / 대중영합주의): 문제를 단순화하여 대중의 분노를 자극하고 엘리트에 적대하며 인기를 얻으려는 정치 행태
2413,사회 문화(최종 500).hwpx,사회 문화,383,"Postindustrial Society(탈산업 사회): 제조업 중심에서 벗어나 서비스업, 지식, 정보가 경제와 사회의 중심이 되는 사회"
2414,사회 문화(최종 500).hwpx,사회 문화,384,Postmodernism(포스트모더니즘): 이성 중심의 근대주의를 탈피하려는 사상적 흐름
2415,사회 문화(최종 500).hwpx,사회 문화,385,Post-truth(탈진실): 객관적인 사실보다 개인의 신념과 감정에 호소하는 것이 여론 형성에 더 큰 영향력을 미치는 현상
2416,사회 문화(최종 500).hwpx,사회 문화,386,Poverty Line(빈곤선): 육체적 생존을 유지하는 데 필요한 최소한의 소득 수준 (절대 빈곤의 기준)
2417,사회 문화(최종 500).hwpx,사회 문화,387,Power Elite(권력 엘리트): 최고위층을 차지하며 국가의 중대사를 독단적으로 결정하는 소수 지배 집단
2418,사회 문화(최종 500).hwpx,사회 문화,388,Power(권력): 타인의 저항에도 불구하고 자신의 의지대로 타인의 행동을 통제하고 지배할 수 있는 능력
2419,사회 문화(최종 500).hwpx,사회 문화,389,"Precariat(프레카리아트): 비정규직, 파견직 등 고용이 극도로 불안정한 신흥 노동 계급"
2420,사회 문화(최종 500).hwpx,사회 문화,390,Prejudice(편견): 충분한 근거 없이 특정 집단이나 개인에 대해 미리 가지고 있는 부정적인 태도나 감정
2421,사회 문화(최종 500).hwpx,사회 문화,391,Prequel / Sequel(프리퀄 / 시퀄): 원작보다 시간상 앞선 이야기 / 뒤의 이야기
2422,사회 문화(최종 500).hwpx,사회 문화,392,Prestige(위신): 특정 직업이나 사회적 지위에 대해 사회 구성원들이 부여하는 명예와 존경의 정도
2423,사회 문화(최종 500).hwpx,사회 문화,393,"Primary Deviance(일차적 일탈): 낙인 이론의 개념으로, 사회적 낙인이 찍히기 전에 누구나 우발적으로 저지를 수 있는 가벼운 일탈 행동"
2424,사회 문화(최종 500).hwpx,사회 문화,394,"Primary Group(1차 집단): 가족, 친구처럼 친밀하고 대면적이며 감정적인 유대로 맺어진 소규모 집단"
2425,사회 문화(최종 500).hwpx,사회 문화,395,Privilege(특권): 특정 집단에 속해 있다는 이유만으로 사회에서 자연스럽게 누리는 구조적 혜택
2426,사회 문화(최종 500).hwpx,사회 문화,396,Proletariat(프롤레타리아/노동자 계급): 자본주의 사회에서 자신의 노동력을 팔아 생계를 유지하는 계급
2427,사회 문화(최종 500).hwpx,사회 문화,397,Propaganda(선전/프로파간다): 대중의 의견을 조종하기 위해 체계적으로 정보를 퍼뜨리는 활동
2428,사회 문화(최종 500).hwpx,사회 문화,398,Protagonist(주인공): 문학 작품이나 연극 등에서 사건을 이끌어가는 중심인물
2429,사회 문화(최종 500).hwpx,사회 문화,399,Public Sphere(공론장): 시민들이 모여 권력에 간섭받지 않고 공공의 문제에 대해 토론하고 여론을 형성하는 공간
2430,사회 문화(최종 500).hwpx,사회 문화,400,Qualitative Research(질적 연구): 심층 면접이나 참여 관찰을 통해 인간 행동 이면의 의미와 동기를 이해하려는 연구 방법
2431,사회 문화(최종 500).hwpx,사회 문화,401,Quantitative Research(양적 연구): 설문 조사나 통계를 활용하여 수치화된 데이터를 분석하는 연구 방법
2432,사회 문화(최종 500).hwpx,사회 문화,402,Queer Theory(퀴어 이론): 이분법적 성 정체성에 도전하고 성별과 젠더가 사회적으로 유동적임을 주장하는 학문
2433,사회 문화(최종 500).hwpx,사회 문화,403,"Race(인종): 피부색 등 신체적, 생물학적 특징을 기준으로 사람들을 분류한 사회적 개념"
2434,사회 문화(최종 500).hwpx,사회 문화,404,Racism(인종차별주의): 특정 인종이 생물학적으로 우월하거나 열등하다는 신념을 바탕으로 한 편견과 불평등한 대우
2435,사회 문화(최종 500).hwpx,사회 문화,405,Radical Feminism(급진적 페미니즘): 여성 억압의 근본 원인을 가부장제 자체로 보고 기존 질서의 전면적인 해체를 주장하는 페미니즘 분파
2436,사회 문화(최종 500).hwpx,사회 문화,406,"Rationalization(합리화): 사회가 효율성, 계산 가능성, 통제를 중시하는 방향으로 변화하는 과정"
2437,사회 문화(최종 500).hwpx,사회 문화,407,Reference Group(준거 집단): 개인이 자신의 행동과 태도를 평가할 때 기준이나 롤모델로 삼는 집단
2438,사회 문화(최종 500).hwpx,사회 문화,408,Reflexivity(성찰성 / 반성성): 개인이 자신과 사회 구조를 객관적으로 분석하여 그 결과를 바탕으로 행동을 변화시키는 능력
2439,사회 문화(최종 500).hwpx,사회 문화,409,Relative Deprivation(상대적 박탈감): 절대적 빈곤과 상관없이 타인이나 집단보다 부족하다고 느낄 때 겪는 불만
2440,사회 문화(최종 500).hwpx,사회 문화,410,Relative Poverty(상대적 빈곤): 해당 사회의 생활 수준에 비해 소득이 크게 낮아 사회 참여가 제한되는 빈곤
2441,사회 문화(최종 500).hwpx,사회 문화,411,Religion(종교): 성스럽고 초월적인 대상에 대한 신앙과 의례를 공유하는 사람들의 공동체 체계
2442,사회 문화(최종 500).hwpx,사회 문화,412,Repertoire(레퍼토리): 연주자가 언제든 연주할 수 있도록 준비된 곡 목록
2443,사회 문화(최종 500).hwpx,사회 문화,413,Reskill(리스킬링): 산업 구조 변화에 따라 기존 노동자들에게 새로운 기술을 재교육하는 것
2444,사회 문화(최종 500).hwpx,사회 문화,414,Resocialization(재사회화): 새로운 환경에 적응하기 위해 기존의 가치관을 버리고 새로운 규범을 학습하는 과정
2445,사회 문화(최종 500).hwpx,사회 문화,415,"Rhythm(리듬): 음의 길고 짧음, 세고 여림이 규칙적으로 반복되는 흐름"
2446,사회 문화(최종 500).hwpx,사회 문화,416,Riff(리프): 반복되는 짧은 멜로디나 코드 진행
2447,사회 문화(최종 500).hwpx,사회 문화,417,"Risk Society(위험 사회): 현대 사회의 기술 발전과 산업화가 오히려 환경 오염, 통제 불가능한 위험을 생산해낸 상태"
2448,사회 문화(최종 500).hwpx,사회 문화,418,"Rite of Passage(통과 의례): 출생, 성인, 결혼 등 개인의 사회적 지위가 변할 때 이를 승인하는 의식"
2449,사회 문화(최종 500).hwpx,사회 문화,419,Role Conflict(역할 갈등): 개인이 여러 지위를 가지면서 서로 양립하기 어려운 역할 기대들이 충돌할 때 겪는 긴장
2450,사회 문화(최종 500).hwpx,사회 문화,420,Role(역할): 특정 사회적 지위를 가진 사람에게 사회가 기대하는 행동 양식이나 의무
2451,사회 문화(최종 500).hwpx,사회 문화,421,Rule of Thirds(삼분할 법칙): 화면을 3등분 하는 교차점에 피사체를 배치하여 안정감을 주는 구도법
2452,사회 문화(최종 500).hwpx,사회 문화,422,Rumor(소문/루머): 진위가 확인되지 않은 채 비공식적으로 빠르게 퍼져나가는 이야기
2453,사회 문화(최종 500).hwpx,사회 문화,423,Sampling(샘플링): 기존 곡의 일부를 가져와 새로운 곡의 요소로 사용하는 법
2454,사회 문화(최종 500).hwpx,사회 문화,424,Sanctuary City(피난처 도시): 불법 이민자 단속에 협조하지 않고 이들이 추방의 두려움 없이 보호받을 수 있도록 한 도시
2455,사회 문화(최종 500).hwpx,사회 문화,425,Sandwich Generation(샌드위치 세대): 위로는 노부모를 부양하고 아래로는 성인 자녀까지 책임져야 하는 중장년 세대
2456,사회 문화(최종 500).hwpx,사회 문화,426,Sanction(제재): 사회 규범을 따르게 하기 위해 가해지는 보상이나 처벌
2457,사회 문화(최종 500).hwpx,사회 문화,427,Satire(풍자): 사회의 모순과 어리석음을 웃음과 함께 날카롭게 비판하는 문학 기법
2458,사회 문화(최종 500).hwpx,사회 문화,428,Sauté(소테): 팬에 소량의 기름을 두르고 고온에서 빠르게 익히는 법
2459,사회 문화(최종 500).hwpx,사회 문화,429,Scapegoat(희생양): 사회적 불만을 분출하기 위해 부당하게 지목된 약자나 소수 집단
2460,사회 문화(최종 500).hwpx,사회 문화,430,Second-class Citizen(이등 시민): 법적으로는 시민이지만 차별받고 배제되어 실질적인 권리를 누리지 못하는 계층
2461,사회 문화(최종 500).hwpx,사회 문화,431,Secondary Group(2차 집단): 특정한 목적 달성을 위해 일시적이고 수단적인 관계로 맺어진 집단
2462,사회 문화(최종 500).hwpx,사회 문화,432,"Secularization(세속화): 종교의 영향력이 줄어들고 사회가 점차 합리적, 세속적으로 변하는 현상"
2463,사회 문화(최종 500).hwpx,사회 문화,433,"Segregation(분리): 차이를 이유로 특정 집단을 물리적, 사회적으로 격리하고 분리하는 관행"
2464,사회 문화(최종 500).hwpx,사회 문화,434,Self-Fulfilling Prophecy(자기 충족적 예언): 어떤 상황이 일어날 것이라고 믿으면 그 믿음이 원인이 되어 실제로 일어나는 현상
2465,사회 문화(최종 500).hwpx,사회 문화,435,Sexism(성차별주의): 한 성별이 다른 성별보다 우월하다는 믿음과 그에 따른 차별
2466,사회 문화(최종 500).hwpx,사회 문화,436,Showrunner(쇼러너): 드라마의 전체적인 제작과 집필을 총괄하는 책임자
2467,사회 문화(최종 500).hwpx,사회 문화,437,Shutter Speed(셔터 속도): 셔터가 열려 있는 시간으로 피사체의 움직임 표현을 결정함
2468,사회 문화(최종 500).hwpx,사회 문화,438,Simile(직유): 연결어를 사용하여 두 가지 대상을 직접적으로 비교하는 수사법
2469,사회 문화(최종 500).hwpx,사회 문화,439,Singer-songwriter(싱어송라이터): 직접 곡을 쓰고 노래까지 하는 가수
2470,사회 문화(최종 500).hwpx,사회 문화,440,"Social Capital(사회 자본): 인맥, 신뢰, 협력 네트워크를 통해 얻을 수 있는 무형의 자산"
2471,사회 문화(최종 500).hwpx,사회 문화,441,"Social Class(사회 계급/계층): 부, 직업, 교육 수준 등 자원의 차이에 따라 서열화된 집단"
2472,사회 문화(최종 500).hwpx,사회 문화,442,Social Construction of Reality(현실의 사회적 구성): 현실이라고 믿는 것들이 인간의 사회적 상호작용과 합의를 통해 만들어진 것이라는 이론
2473,사회 문화(최종 500).hwpx,사회 문화,443,Social Construction(사회적 구성): 자연적인 것이 아니라 사회 구성원들의 상호작용과 합의를 통해 만들어진 개념
2474,사회 문화(최종 500).hwpx,사회 문화,444,Social Control(사회 통제): 사회가 규범을 유지하기 위해 개인의 행동을 규제하는 다양한 방법
2475,사회 문화(최종 500).hwpx,사회 문화,445,Social Darwinism(사회 진화론): 강자의 지배와 약자의 도태를 생물학적 진화론에 빗대어 정당화하는 이론
2476,사회 문화(최종 500).hwpx,사회 문화,446,Social Distance(사회적 거리): 서로 다른 집단의 구성원들 사이에 느끼는 친밀감이나 배척의 정도
2477,사회 문화(최종 500).hwpx,사회 문화,447,"Social Inequality(사회 불평등): 재산, 권력, 명예 등이 불공평하게 분배되어 있는 상태"
2478,사회 문화(최종 500).hwpx,사회 문화,448,Social Institution(사회 제도): 사회의 기본적 욕구를 충족시키기 위해 확립된 관행과 조직 체계
2479,사회 문화(최종 500).hwpx,사회 문화,449,Social Integration(사회 통합): 구성원들이 갈등을 극복하고 하나의 유기체처럼 결속하는 상태
2480,사회 문화(최종 500).hwpx,사회 문화,450,Social Mobility(사회 이동): 개인이 한 사회 계층에서 다른 계층으로 상승하거나 하강하는 현상
2481,사회 문화(최종 500).hwpx,사회 문화,451,Social Movement(사회 운동): 제도를 변화시키거나 막기 위해 자발적이고 조직적으로 벌이는 집단행동
2482,사회 문화(최종 500).hwpx,사회 문화,452,"Social Stratification(사회 계층화): 구성원들이 부, 권력 등에 따라 층을 이루어 배열되는 현상"
2483,사회 문화(최종 500).hwpx,사회 문화,453,Socialization(사회화): 개인이 사회의 규범과 가치를 학습하여 온전한 구성원으로 성장하는 과정
2484,사회 문화(최종 500).hwpx,사회 문화,454,Society(사회): 일정한 영토 안에서 문화를 공유하며 상호작용하는 사람들의 거대한 집단
2485,사회 문화(최종 500).hwpx,사회 문화,455,"Socioeconomic Status(사회경제적 지위, SES): 수입, 교육 수준, 직업 위신을 종합하여 산출한 서열 척도"
2486,사회 문화(최종 500).hwpx,사회 문화,456,Solidarity(연대): 구성원들이 공동의 이익을 바탕으로 서로 연결되어 있다고 느끼는 결속력
2487,사회 문화(최종 500).hwpx,사회 문화,457,Sommelier(소믈리에): 와인 전문가
2488,사회 문화(최종 500).hwpx,사회 문화,458,Sous-vide(수비드): 진공 포장 후 저온의 물에서 장시간 익히는 조리법
2489,사회 문화(최종 500).hwpx,사회 문화,459,Spin-off(스핀오프): 기존 작품의 설정이나 인물을 가져와 만든 번외작
2490,사회 문화(최종 500).hwpx,사회 문화,460,"Standard of Living(생활 수준): 사회가 누리는 물질적 부, 편안함, 재화의 측정 가능한 수준"
2491,사회 문화(최종 500).hwpx,사회 문화,461,State Capitalism(국가 자본주의): 자본주의 원리를 따르면서도 국가가 기업을 통제하여 경제 발전을 주도하는 체제
2492,사회 문화(최종 500).hwpx,사회 문화,462,Status(지위): 사회 구조 속에서 개인이 차지하고 있는 위치나 신분
2493,사회 문화(최종 500).hwpx,사회 문화,463,Stereotype(고정관념): 특정 집단에 속한 사람들은 모두 똑같은 특성을 가질 것이라고 일반화한 생각
2494,사회 문화(최종 500).hwpx,사회 문화,464,Stigma(낙인): 특정 개인이나 집단에게 부여된 매우 부정적이고 수치스러운 표식이나 평판
2495,사회 문화(최종 500).hwpx,사회 문화,465,Stream of Consciousness(의식의 흐름): 인물의 생각과 감정을 논리적 인과관계 없이 서술하는 기법
2496,사회 문화(최종 500).hwpx,사회 문화,466,Streaming(스트리밍): 데이터를 실시간으로 내려받으며 음악을 듣는 방식
2497,사회 문화(최종 500).hwpx,사회 문화,467,Subculture(하위문화): 주류 문화와 구별되는 특정 집단만의 독특한 문화
2498,사회 문화(최종 500).hwpx,사회 문화,468,Super-aged societies(초고령사회): 65세 이상의 노인이 전체 인구의 20% 이상을 차지하는 사회
2499,사회 문화(최종 500).hwpx,사회 문화,469,Surrealism(초현실주의): 무의식이나 환상 등 이성의 통제를 벗어난 세계를 표현하려는 예술 사조
2500,사회 문화(최종 500).hwpx,사회 문화,470,Symbol(상징): 그 자체의 의미를 넘어 사회적으로 합의된 추상적 의미를 나타내는 기호
2501,사회 문화(최종 500).hwpx,사회 문화,471,Symphony(교향곡): 관현악단을 위해 작곡된 규모가 크고 여러 악장으로 이루어진 곡
2502,사회 문화(최종 500).hwpx,사회 문화,472,Taboo(금기/타부): 사회의 도덕이나 신앙에 의해 엄격하게 금지되어 혐오감을 유발하는 행동
2503,사회 문화(최종 500).hwpx,사회 문화,473,Taylorism(테일러주의): 동작과 시간을 측정하여 작업 효율을 극대화하려는 과학적 관리법
2504,사회 문화(최종 500).hwpx,사회 문화,474,Technology(기술): 인간의 필요를 충족시키기 위해 과학 지식을 실용적으로 적용하는 수단
2505,사회 문화(최종 500).hwpx,사회 문화,475,Tempo(빠르기): 음악이 연주되는 속도
2506,사회 문화(최종 500).hwpx,사회 문화,476,"Terroir(테루아): 토양, 기후 등 와인 원료의 재배 환경 전체를 뜻하는 말"
2507,사회 문화(최종 500).hwpx,사회 문화,477,Total fertility rate(총출산율): 출산 가능 연령의 여성 1인당 출산한 아기의 수
2508,사회 문화(최종 500).hwpx,사회 문화,478,Total Institution(전체 통제 기관): 외부와 단절된 채 관리자의 통제 아래 일상이 획일적으로 이루어지는 시설
2509,사회 문화(최종 500).hwpx,사회 문화,479,Tracking(우열반 편성): 학생들을 학업 성적이나 능력에 따라 각기 다른 반으로 나누어 가르치는 제도
2510,사회 문화(최종 500).hwpx,사회 문화,480,"Tradition(전통): 과거로부터 세대 간에 걸쳐 전승되어 내려오는 신념, 관습, 제도"
2511,사회 문화(최종 500).hwpx,사회 문화,481,Transgender(트랜스젠더): 생물학적 성별과 자신이 느끼는 성 정체성이 일치하지 않는 사람
2512,사회 문화(최종 500).hwpx,사회 문화,482,Tutu(튀튀): 클래식 발레에서 여성 무용수가 입는 스커트 형태 의상
2513,사회 문화(최종 500).hwpx,사회 문화,483,Underclass(최하층/빈민층): 만성적인 실업과 빈곤에 시달리며 사회 주류에서 단절된 계층
2514,사회 문화(최종 500).hwpx,사회 문화,484,Urbanization(도시화): 농촌 인구가 도시로 집중되며 도시적 생활 양식이 퍼지는 현상
2515,사회 문화(최종 500).hwpx,사회 문화,485,Utilitarianism(공리주의): '최대 다수의 최대 행복'을 가장 올바른 도덕적 기준으로 보는 사상
2516,사회 문화(최종 500).hwpx,사회 문화,486,Values(가치관): 무엇이 옳고 그른지에 대해 사회가 공유하는 일반적이고 추상적인 기준
2517,사회 문화(최종 500).hwpx,사회 문화,487,Vegan / Lacto / Ovo(비건 / 락토 / 오보): 채식주의자의 세부 분류
2518,사회 문화(최종 500).hwpx,사회 문화,488,Verstehen(이해/베르슈테엔): 연구자가 관찰 대상자의 주관적인 입장에 서서 공감적으로 이해하려는 연구 태도
2519,사회 문화(최종 500).hwpx,사회 문화,489,Victim Blaming(피해자 비난): 범죄나 불행의 원인을 가해자가 아닌 피해자의 행동이나 옷차림 등의 탓으로 돌리는 태도
2520,사회 문화(최종 500).hwpx,사회 문화,490,Villain(빌런): 극 중 악당 (최근에는 매력적인 악당을 뜻하기도 함)
2521,사회 문화(최종 500).hwpx,사회 문화,491,Virtuoso(버투오소): 예술적 기교가 뛰어난 거장 연주자
2522,사회 문화(최종 500).hwpx,사회 문화,492,Wealth(부/재산): 개인이 소유하고 있는 모든 경제적 자산의 총합
2523,사회 문화(최종 500).hwpx,사회 문화,493,Welfare State(복지 국가): 시장 경제를 보완하고 조세 정책을 통해 국민의 최소한의 삶을 국가가 보장하는 체제
2524,사회 문화(최종 500).hwpx,사회 문화,494,White Balance(화이트 밸런스): 조명의 색온도에 맞춰 흰색을 원래의 흰색으로 표현하는 카메라 기능
2525,사회 문화(최종 500).hwpx,사회 문화,495,White Privilege(백인 특권): 백인으로 태어났다는 사실만으로 일상과 제도 속에서 누리는 사회적 혜택
2526,사회 문화(최종 500).hwpx,사회 문화,496,White-collar Crime(화이트칼라 범죄): 높은 사회적 지위를 가진 사람들이 직무를 이용해 저지르는 범죄
2527,사회 문화(최종 500).hwpx,사회 문화,497,Workation(워케이션): 일(Work)과 휴가(Vacation)의 합성어
2528,사회 문화(최종 500).hwpx,사회 문화,498,Working Class(노동자 계급): 주로 육체노동이나 단순 서비스업에 종사하며 임금으로 생계를 유지하는 계층
2529,사회 문화(최종 500).hwpx,사회 문화,499,Xenocentrism(타문화 중심주의): 자국의 문화를 열등하게 여기고 외국 문화를 맹신하는 태도
2530,사회 문화(최종 500).hwpx,사회 문화,500,Xenophobia(제노포비아/외국인 혐오증): 외국인이나 타 민족 등 외부 집단에 대해 느끼는 공포나 편견
2531,사회 문화(최종 500).hwpx,사회 문화,501,Youth Culture(청년 문화): 기성세대의 가치관에 순응하지 않고 자신들만의 정체성을 표출하는 하위문화
2532,사회 문화(최종 500).hwpx,사회 문화,502,"Zeitgeist(시대정신): 특정 시대에 그 사회를 지배하고 이끄는 보편적인 지적, 도덕적 사조"
2533,사회 문화(최종 500).hwpx,사회 문화,503,Zero Population Growth(인구 영성장): 출생률과 이민자의 수가 사망률과 이주자의 수와 일치하여 인구가 늘지도 줄지도 않는 상태
2534,운동 및 스포츠(최종 503).hwpx,운동 및 스포츠,1,운동 및 스포츠(Exercises and Sports)
2535,운동 및 스포츠(최종 503).hwpx,운동 및 스포츠,2,"Ace (에이스): [테니스/배구] 서브가 성공하여 상대방이 라켓을 대지도 못하고 즉시 득점하는 샷, 또는 팀 최고 선수"
2536,운동 및 스포츠(최종 503).hwpx,운동 및 스포츠,3,Advantage (어드밴티지): [테니스] 듀스 상황에서 어느 한 선수가 먼저 1점을 획득하여 유리해진 상태
2537,운동 및 스포츠(최종 503).hwpx,운동 및 스포츠,4,Aerials (에어리얼): [프리스타일 스키] 스키를 타고 점프대를 도약하여 공중에서 화려한 공중제비와 비틀기 등의 묘기를 선보이는 종목
2538,운동 및 스포츠(최종 503).hwpx,운동 및 스포츠,5,Air Rifle (공기소총): [사격] 압축 공기를 이용하여 납탄을 발사하는 총기 및 경기 종목
2539,운동 및 스포츠(최종 503).hwpx,운동 및 스포츠,6,"Alpine Skiing (알파인 스키): [스키] 가파른 슬로프를 턴을 하며 빠르게 내려오는 스키 경기 (활강, 슈퍼대회전, 대회전, 회전 등)"
2540,운동 및 스포츠(최종 503).hwpx,운동 및 스포츠,7,Amateur (아마추어): [일반] 보수나 상금을 주된 목적으로 하지 않고 스포츠 자체를 즐기는 선수
2541,운동 및 스포츠(최종 503).hwpx,운동 및 스포츠,8,Anchor (앵커): [육상/수영] 릴레이 경기에서 팀의 승패를 좌우하는 마지막 주자
2542,운동 및 스포츠(최종 503).hwpx,운동 및 스포츠,9,Approach (어프로치): [골프/볼링] 핀이나 홀을 향해 공을 가까이 붙이기 위한 동작이나 타격
2543,운동 및 스포츠(최종 503).hwpx,운동 및 스포츠,10,Archery (양궁): [사격] 활을 쏘아 과녁을 맞혀 점수를 겨루는 경기
2544,운동 및 스포츠(최종 503).hwpx,운동 및 스포츠,11,Arena (아레나): [일반] 관중석으로 둘러싸인 실내 경기장
2545,운동 및 스포츠(최종 503).hwpx,운동 및 스포츠,12,Armlock (암록): [격투기] 상대의 팔 관절을 꺾어 고통을 주거나 항복을 받아내는 기술
2546,운동 및 스포츠(최종 503).hwpx,운동 및 스포츠,13,"Artistic Gymnastics (기계체조): [체조] 철봉, 마루, 도마 등의 기구를 사용하여 기술과 연기를 겨루는 종목"
2547,운동 및 스포츠(최종 503).hwpx,운동 및 스포츠,14,Artistic Swimming (아티스틱 스위밍): [수영] 수면 위에서 음악에 맞춰 무용과 체조의 동작을 연기하는 종목 (구 싱크로나이즈드)
2548,운동 및 스포츠(최종 503).hwpx,운동 및 스포츠,15,Assist (어시스트 / 도움): [농구/축구] 동료 선수가 득점할 수 있도록 결정적인 패스를 제공하는 행위
2549,운동 및 스포츠(최종 503).hwpx,운동 및 스포츠,16,"Athletics (육상 경기): [육상] 트랙, 필드, 도로에서 달리기, 뛰기, 던지기를 겨루는 스포츠의 총칭"
2550,운동 및 스포츠(최종 503).hwpx,운동 및 스포츠,17,Attacker (공격수): [구기] 득점을 올리기 위해 상대 진영으로 주로 나서는 포지션의 선수
2551,운동 및 스포츠(최종 503).hwpx,운동 및 스포츠,18,Autogoal / Own goal (자책골): [축구] 수비수나 골키퍼의 실수로 자기 팀의 골대에 공이 들어가 실점하는 것
2552,운동 및 스포츠(최종 503).hwpx,운동 및 스포츠,19,"Axel (악셀): [피겨스케이팅] 앞으로 도약하여 공중에서 회전한 뒤 뒤로 착지하는, 피겨 점프 중 유일하게 앞을 보고 뛰는 고난도 점프"
2553,운동 및 스포츠(최종 503).hwpx,운동 및 스포츠,20,Backboard (백보드): [농구] 농구 림(골대) 뒤에 설치된 네모난 판
2554,운동 및 스포츠(최종 503).hwpx,운동 및 스포츠,21,"Backcourt (백코트): [농구/테니스] 코트의 뒤쪽 절반 구역, 또는 농구에서 공격을 조율하는 가드진"
2555,운동 및 스포츠(최종 503).hwpx,운동 및 스포츠,22,Backhand (백핸드): [테니스/탁구] 라켓을 쥔 손의 반대 방향으로 손등이 앞을 향하게 하여 공을 치는 타법
2556,운동 및 스포츠(최종 503).hwpx,운동 및 스포츠,23,Backspin (백스핀): [탁구/골프] 공의 아랫부분을 깎아 쳐서 뒤로 회전하게 만드는 기술
2557,운동 및 스포츠(최종 503).hwpx,운동 및 스포츠,24,Backstroke (배영): [수영] 물 위에 누운 자세로 양팔을 번갈아 젓고 발차기를 하며 나아가는 영법
2558,운동 및 스포츠(최종 503).hwpx,운동 및 스포츠,25,Badminton (배드민턴): [라켓] 셔틀콕을 네트 너머로 쳐서 바닥에 떨어뜨려 득점하는 경기
2559,운동 및 스포츠(최종 503).hwpx,운동 및 스포츠,26,"Balance Beam (평균대): [체조] 폭이 좁은 나무 위에서 점프, 회전, 턴 등 균형을 잡으며 연기하는 여자 체조 경기"
2560,운동 및 스포츠(최종 503).hwpx,운동 및 스포츠,27,Balk (보크): [야구] 투수가 주자를 속이려는 부정한 동작을 했을 때 모든 주자를 한 루씩 진루시키는 벌칙
2561,운동 및 스포츠(최종 503).hwpx,운동 및 스포츠,28,Ball (볼): [야구] 투수가 던진 공이 스트라이크 존을 벗어났는데 타자가 방망이를 휘두르지 않았을 때 주어지는 판정
2562,운동 및 스포츠(최종 503).hwpx,운동 및 스포츠,29,Ballpark (볼파크): [야구] 관중석이 구비된 야구 경기장
2563,운동 및 스포츠(최종 503).hwpx,운동 및 스포츠,30,Bantamweight (밴텀급): [복싱/격투기] 플라이급과 페더급 사이의 경량급 체급
2564,운동 및 스포츠(최종 503).hwpx,운동 및 스포츠,31,Barbell (바벨 / 역기): [역도] 긴 쇠막대 양끝에 무거운 원반을 끼워 들어 올리는 기구
2565,운동 및 스포츠(최종 503).hwpx,운동 및 스포츠,32,Baseball (야구): [구기] 투수가 던진 공을 타자가 쳐서 4개의 베이스를 돌아 점수를 내는 경기
2566,운동 및 스포츠(최종 503).hwpx,운동 및 스포츠,33,Baseline (베이스라인): [테니스/농구] 코트의 맨 뒤쪽 경계를 나타내는 선
2567,운동 및 스포츠(최종 503).hwpx,운동 및 스포츠,34,Basketball (농구): [구기] 공을 상대 팀의 높은 골대에 던져 넣어 득점을 겨루는 5인조 경기
2568,운동 및 스포츠(최종 503).hwpx,운동 및 스포츠,35,Bat (배트 / 방망이): [야구/크리켓] 공을 치기 위해 사용하는 막대
2569,운동 및 스포츠(최종 503).hwpx,운동 및 스포츠,36,Baton (배턴): [육상] 릴레이 경기에서 주자들이 서로 주고받는 막대기
2570,운동 및 스포츠(최종 503).hwpx,운동 및 스포츠,37,Batter (타자): [야구] 타석에 들어서서 투수가 던진 공을 치는 공격수
2571,운동 및 스포츠(최종 503).hwpx,운동 및 스포츠,38,Battery (배터리): [야구] 투수와 포수를 묶어 부르는 용어
2572,운동 및 스포츠(최종 503).hwpx,운동 및 스포츠,39,Bench (벤치): [일반] 경기장 밖에서 대기 선수와 코치진이 앉아 있는 구역
2573,운동 및 스포츠(최종 503).hwpx,운동 및 스포츠,40,Bench press (벤치프레스): [웨이트] 벤치에 누워 바벨을 가슴 위로 밀어 올리는 상체 근력 운동
2574,운동 및 스포츠(최종 503).hwpx,운동 및 스포츠,41,Biathlon (바이애슬론): [동계] 크로스컨트리 스키와 소총 사격이 결합된 동계 종목
2575,운동 및 스포츠(최종 503).hwpx,운동 및 스포츠,42,Bicycle kick (바이시클 킥): [축구] 공중으로 몸을 띄운 뒤 자전거 페달을 밟듯 다리를 뻗어 등 뒤로 공을 차는 화려한 기술
2576,운동 및 스포츠(최종 503).hwpx,운동 및 스포츠,43,Billiards (당구): [실내] 큐대로 당구공을 쳐서 정해진 규칙에 따라 맞히거나 포켓에 넣는 경기
2577,운동 및 스포츠(최종 503).hwpx,운동 및 스포츠,44,Birdie (버디): [골프] 해당 홀의 기준 타수(Par)보다 1타 적게 공을 홀에 넣는 것
2578,운동 및 스포츠(최종 503).hwpx,운동 및 스포츠,45,Block (블록/블로킹): [탁구/배구] 상대의 강한 공격을 라켓의 각도만 조절하여 방어하거나 스파이크를 막아내는 수비 기술
2579,운동 및 스포츠(최종 503).hwpx,운동 및 스포츠,46,"BMX (Bicycle Motocross, 비엠엑스): [사이클] 흙이나 아스팔트로 만든 굴곡진 트랙을 자전거로 빠르게 달리거나 묘기를 부리는 종목"
2580,운동 및 스포츠(최종 503).hwpx,운동 및 스포츠,47,Bobsleigh (봅슬레이): [슬라이딩] 방향 조절이 가능한 원통형 썰매를 타고 2인 또는 4인이 좁고 구부러진 얼음 트랙을 활주하는 경기
2581,운동 및 스포츠(최종 503).hwpx,운동 및 스포츠,48,Boccia (보치아): [패럴림픽] 표적구에 가까이 공을 던져 점수를 겨루는 뇌성마비 및 중증 장애인용 정밀 구기 종목
2582,운동 및 스포츠(최종 503).hwpx,운동 및 스포츠,49,Body Check (보디 체크): [아이스하키/격투기] 어깨나 엉덩이 등을 이용해 합법적으로 상대 선수의 몸에 부딪혀 수비하는 기술
2583,운동 및 스포츠(최종 503).hwpx,운동 및 스포츠,50,Bogey (보기): [골프] 기준 타수보다 1타 많게 공을 홀에 넣는 것
2584,운동 및 스포츠(최종 503).hwpx,운동 및 스포츠,51,Bouldering (볼더링): [스포츠 클라이밍] 로프 없이 낮고 복잡한 인공 암벽의 경로를 제한 시간 내에 오르는 종목
2585,운동 및 스포츠(최종 503).hwpx,운동 및 스포츠,52,Bowling (볼링): [실내] 무거운 공을 굴려 나무핀 10개를 쓰러뜨리는 경기
2586,운동 및 스포츠(최종 503).hwpx,운동 및 스포츠,53,Box out (박스 아웃): [농구] 리바운드를 잡기 위해 몸으로 상대방을 밀어내며 유리한 위치를 차지하는 기술
2587,운동 및 스포츠(최종 503).hwpx,운동 및 스포츠,54,Boxing (복싱 / 권투): [격투기] 양손에 글러브를 끼고 링 위에서 주먹만으로 상대를 타격하는 경기
2588,운동 및 스포츠(최종 503).hwpx,운동 및 스포츠,55,Breakaway (브레이크어웨이): [축구/하키] 수비수를 완전히 따돌리고 골키퍼와 1대1로 맞서는 단독 찬스
2589,운동 및 스포츠(최종 503).hwpx,운동 및 스포츠,56,Breaststroke (평영): [수영] 개구리처럼 양팔과 양다리를 오므렸다 펴면서 물을 밀어내 나아가는 영법
2590,운동 및 스포츠(최종 503).hwpx,운동 및 스포츠,57,Bullpen (불펜): [야구] 구원 투수들이 경기에 나가기 전 몸을 풀고 연습 투구를 하는 구역
2591,운동 및 스포츠(최종 503).hwpx,운동 및 스포츠,58,Bullseye (불스아이): [양궁/사격] 과녁의 가장 한가운데 있는 중심원 (양궁에서는 10점 구역을 의미)
2592,운동 및 스포츠(최종 503).hwpx,운동 및 스포츠,59,Bunker (벙커): [골프] 코스 중간에 모래가 움푹 파여 있는 웅덩이 형태의 장애물 구역
2593,운동 및 스포츠(최종 503).hwpx,운동 및 스포츠,60,"Bunt (번트): [야구] 타자가 방망이를 크게 휘두르지 않고, 투구에 가볍게 갖다 대어 공을 내야에 굴리는 타격 기술"
2594,운동 및 스포츠(최종 503).hwpx,운동 및 스포츠,61,Butterfly (접영): [수영] 양팔을 동시에 앞으로 뻗어 물을 당기고 다리는 모아서 물을 치며 나아가는 영법
2595,운동 및 스포츠(최종 503).hwpx,운동 및 스포츠,62,Buzzer Beater (버저 비터): [농구] 종료 버저가 울림과 동시에 득점으로 인정되는 슛
2596,운동 및 스포츠(최종 503).hwpx,운동 및 스포츠,63,Caddie (캐디): [골프] 선수의 골프백을 운반하고 코스 공략 등 경기 조언을 해주는 조력자
2597,운동 및 스포츠(최종 503).hwpx,운동 및 스포츠,64,Camp (캠프 / 훈련소): [일반] 정규 시즌이 시작되기 전 선수들이 모여 합숙하며 훈련하는 기간이나 장소
2598,운동 및 스포츠(최종 503).hwpx,운동 및 스포츠,65,Canoe (카누): [수상] 덮개가 없는 작은 배를 타고 외날 노를 저어 나아가는 수상 경기
2599,운동 및 스포츠(최종 503).hwpx,운동 및 스포츠,66,Captain (주장): [팀 스포츠] 코트 위에서 팀원들을 통솔하고 심판과 소통하는 대표 선수
2600,운동 및 스포츠(최종 503).hwpx,운동 및 스포츠,67,Catch (캐치): [구기] 날아오는 공이나 장비를 정확하게 잡아내는 동작
2601,운동 및 스포츠(최종 503).hwpx,운동 및 스포츠,68,Catcher (포수): [야구] 홈플레이트 뒤에서 투수의 공을 받고 수비를 지휘하는 포지션
2602,운동 및 스포츠(최종 503).hwpx,운동 및 스포츠,69,"Catenaccio (카테나치오): [축구] '빗장'이라는 뜻으로, 수비수를 극단적으로 늘려 실점을 막는 이탈리아의 전통적인 수비 전술"
2603,운동 및 스포츠(최종 503).hwpx,운동 및 스포츠,70,"Center (센터): [농구] 골밑에서 리바운드와 득점, 수비를 책임지는 팀 내 가장 키가 큰 포지션"
2604,운동 및 스포츠(최종 503).hwpx,운동 및 스포츠,71,Center back (센터백): [축구] 수비 라인의 중앙에 위치하여 상대의 공격을 차단하는 핵심 수비수
2605,운동 및 스포츠(최종 503).hwpx,운동 및 스포츠,72,Center forward (센터 포워드): [축구] 공격의 최전방 중앙에 위치하여 골을 넣는 역할을 맡는 공격수
2606,운동 및 스포츠(최종 503).hwpx,운동 및 스포츠,73,Chalk (초크 / 백묵): [당구/체조] 미끄러짐을 방지하기 위해 손이나 장비에 바르는 하얀 가루
2607,운동 및 스포츠(최종 503).hwpx,운동 및 스포츠,74,Champion (챔피언): [일반] 토너먼트나 리그에서 우승을 차지한 선수나 팀
2608,운동 및 스포츠(최종 503).hwpx,운동 및 스포츠,75,Championship (챔피언십): [일반] 우승자를 가리기 위해 열리는 가장 규모가 크고 권위 있는 대회
2609,운동 및 스포츠(최종 503).hwpx,운동 및 스포츠,76,Changeup (체인지업): [야구] 직구와 투구 폼은 같지만 구속을 의도적으로 늦춰 타자의 타이밍을 빼앗는 변화구
2610,운동 및 스포츠(최종 503).hwpx,운동 및 스포츠,77,Cheerleading (치어리딩): [일반] 관중의 응원을 유도하고 화려한 군무와 체조를 선보이는 활동
2611,운동 및 스포츠(최종 503).hwpx,운동 및 스포츠,78,Chip shot (칩 샷): [축구/골프] 발등이나 클럽으로 공의 밑부분을 차올려 짧은 거리를 포물선으로 넘기는 슛
2612,운동 및 스포츠(최종 503).hwpx,운동 및 스포츠,79,Chokehold (초크홀드): [격투기] 상대의 목이나 기도를 팔로 조여 항복을 받아내는 기술
2613,운동 및 스포츠(최종 503).hwpx,운동 및 스포츠,80,Chop (초프 / 커트): [탁구] 라켓을 눕혀서 공의 아랫부분을 깎아 쳐 후퇴 회전(백스핀)을 주는 수비 타법
2614,운동 및 스포츠(최종 503).hwpx,운동 및 스포츠,81,Clay Target (클레이 타깃 / 진흙 표적): [사격] 산탄총 사격에서 공중으로 날려 보내는 접시 모양의 표적
2615,운동 및 스포츠(최종 503).hwpx,운동 및 스포츠,82,"Clean and Jerk (용상): [역도] 바벨을 가슴 위로 한 번 들어 올린 후(클린), 머리 위로 완전히 치켜올리는(저크) 경기"
2616,운동 및 스포츠(최종 503).hwpx,운동 및 스포츠,83,Clean Sheet (클린 시트 / 무실점 경기): [축구] 경기 종료 시점까지 상대팀에게 단 한 골도 허용하지 않은 상태
2617,운동 및 스포츠(최종 503).hwpx,운동 및 스포츠,84,Clear (클리어): [배드민턴] 셔틀콕을 상대편 코트 깊숙하고 높게 쳐서 보내는 기술
2618,운동 및 스포츠(최종 503).hwpx,운동 및 스포츠,85,Cleats (클리츠 / 스터드): [구기] 미끄러짐을 방지하기 위해 축구화나 야구화 밑바닥에 박혀 있는 징
2619,운동 및 스포츠(최종 503).hwpx,운동 및 스포츠,86,Clicker (클리커): [양궁] 화살을 일정하게 당겼을 때 '딸깍' 소리를 내어 발사 타이밍을 알려주는 활의 부착물
2620,운동 및 스포츠(최종 503).hwpx,운동 및 스포츠,87,Clinch (클린치): [복싱] 지치거나 방어하기 위해 상대방을 껴안아 공격을 지연시키는 행위
2621,운동 및 스포츠(최종 503).hwpx,운동 및 스포츠,88,"Club (클럽): [골프/축구] 골프에서 공을 치는 채, 혹은 특정 연고지를 기반으로 활동하는 프로 구단"
2622,운동 및 스포츠(최종 503).hwpx,운동 및 스포츠,89,Coach (코치): [일반] 감독을 보좌하여 선수들의 기술 향상과 훈련을 지도하는 전문가
2623,운동 및 스포츠(최종 503).hwpx,운동 및 스포츠,90,"Corner Kick (코너킥): [축구] 수비수의 몸에 맞고 수비 측 골라인 밖으로 공이 나갔을 때, 공격팀이 코너에서 공을 차는 것"
2624,운동 및 스포츠(최종 503).hwpx,운동 및 스포츠,91,Counterattack (카운터어택 / 역습): [일반] 상대의 공격을 막아낸 직후 수비가 정비되기 전에 빠르게 전개하는 공격
2625,운동 및 스포츠(최종 503).hwpx,운동 및 스포츠,92,"Court (코트): [테니스/농구/배구] 테니스, 농구, 배구 등이 치러지는 직사각형 형태의 경기 구역"
2626,운동 및 스포츠(최종 503).hwpx,운동 및 스포츠,93,Coxswain (콕스 / 타수): [조정] 배의 맨 뒤에 앉아 방향을 조절하고 선수들에게 페이스를 지시하는 역할
2627,운동 및 스포츠(최종 503).hwpx,운동 및 스포츠,94,Crease (크리스): [아이스하키/크리켓] 골키퍼나 타자를 보호하기 위해 그어 놓은 특정 구역
2628,운동 및 스포츠(최종 503).hwpx,운동 및 스포츠,95,"Cricket (크리켓): [구기] 투수가 던진 공을 타자가 쳐서 점수를 내는, 야구와 비슷한 영연방 국가의 인기 스포츠"
2629,운동 및 스포츠(최종 503).hwpx,운동 및 스포츠,96,Cross (크로스): [축구] 경기장 측면에서 중앙에 있는 동료 공격수에게 길게 공을 띄워 보내는 패스
2630,운동 및 스포츠(최종 503).hwpx,운동 및 스포츠,97,Crossbar (크로스바): [축구/육상] 골대나 허들에서 기둥과 기둥을 가로로 연결하는 막대기
2631,운동 및 스포츠(최종 503).hwpx,운동 및 스포츠,98,"Cross-country (크로스컨트리): [육상/스키] 포장된 트랙이 아닌 산, 들, 숲 등 자연 지형을 가로지르며 달리는 경기"
2632,운동 및 스포츠(최종 503).hwpx,운동 및 스포츠,99,Curling (컬링): [동계] 얼음 위에서 스톤을 미끄러뜨려 표적(하우스) 중심에 가까이 보내는 빙상 경기
2633,운동 및 스포츠(최종 503).hwpx,운동 및 스포츠,100,Curveball (커브볼): [야구] 투수가 던진 공이 포수 앞에서 큰 포물선을 그리며 떨어지는 변화구
2634,운동 및 스포츠(최종 503).hwpx,운동 및 스포츠,101,"Cycling (사이클링): [일반] 자전거를 타고 속도, 지구력, 묘기를 겨루는 스포츠"
2635,운동 및 스포츠(최종 503).hwpx,운동 및 스포츠,102,"Dan (단): [무술] 유도, 태권도, 검도 등에서 유단자(블랙벨트)의 실력 등급을 나타내는 단위"
2636,운동 및 스포츠(최종 503).hwpx,운동 및 스포츠,103,Dash (대시): [육상] 단거리를 전속력으로 폭발적으로 질주하는 것
2637,운동 및 스포츠(최종 503).hwpx,운동 및 스포츠,104,Dead ball (데드볼): [축구/야구] 경기가 일시적으로 멈춰 인플레이 상태가 아닌 공 (또는 야구의 몸에 맞는 공)
2638,운동 및 스포츠(최종 503).hwpx,운동 및 스포츠,105,Deadlift (데드리프트): [웨이트] 바닥에 놓인 바벨을 허리와 하체의 힘을 이용해 곧게 들어 올리는 운동
2639,운동 및 스포츠(최종 503).hwpx,운동 및 스포츠,106,Decathlon (10종 경기): [육상] 이틀 동안 10가지 육상 종목을 치러 총점으로 순위를 매기는 남자 육상 경기
2640,운동 및 스포츠(최종 503).hwpx,운동 및 스포츠,107,Defense (수비 / 디펜스): [일반] 상대의 공격을 차단하고 득점을 막기 위한 전술이나 행동
2641,운동 및 스포츠(최종 503).hwpx,운동 및 스포츠,108,Defender (수비수): [구기] 상대 팀의 득점을 막는 역할을 주로 담당하는 선수
2642,운동 및 스포츠(최종 503).hwpx,운동 및 스포츠,109,"Derby (더비): [축구/승마] 같은 연고지를 둔 두 라이벌 팀 간의 치열한 경기, 혹은 특정 조건의 경마 대회"
2643,운동 및 스포츠(최종 503).hwpx,운동 및 스포츠,110,"Deuce (듀스): [테니스/배구/탁구] 점수가 동점인 상황으로, 연속으로 2점을 먼저 내야 게임을 이기는 규칙"
2644,운동 및 스포츠(최종 503).hwpx,운동 및 스포츠,111,"DH (Designated Hitter, 지명타자): [야구] 투수 대신 타석에만 들어서서 공격을 전담하는 타자"
2645,운동 및 스포츠(최종 503).hwpx,운동 및 스포츠,112,Dig (디그): [배구] 상대방의 강력한 스파이크를 땅에 닿기 전에 몸을 날려 받아내는 끈질긴 수비
2646,운동 및 스포츠(최종 503).hwpx,운동 및 스포츠,113,Discus Throw (원반던지기): [육상] 원반을 회전의 원심력을 이용하여 최대한 멀리 던지는 필드 경기
2647,운동 및 스포츠(최종 503).hwpx,운동 및 스포츠,114,Dismount (디스마운트 / 하차): [체조] 기구를 사용하는 체조 경기에서 연기를 마치고 기구에서 내려와 착지하는 마지막 동작
2648,운동 및 스포츠(최종 503).hwpx,운동 및 스포츠,115,Dive (다이브): [일반] 수비나 공격을 위해 공을 향해 몸을 던지는 동작
2649,운동 및 스포츠(최종 503).hwpx,운동 및 스포츠,116,Diving (다이빙): [수중] 높은 곳에서 뛰어내리며 공중 묘기를 선보인 뒤 물속으로 입수하는 경기
2650,운동 및 스포츠(최종 503).hwpx,운동 및 스포츠,117,Dobok (도복): [태권도/유도] 무술을 수련하거나 경기할 때 입는 규정된 의복
2651,운동 및 스포츠(최종 503).hwpx,운동 및 스포츠,118,Doping (도핑): [일반] 경기력을 향상시키기 위해 금지된 약물이나 방법을 사용하는 불법 행위
2652,운동 및 스포츠(최종 503).hwpx,운동 및 스포츠,119,Double (더블 / 2루타): [야구] 타자가 공을 치고 한 번에 2루까지 안전하게 진루하는 안타
2653,운동 및 스포츠(최종 503).hwpx,운동 및 스포츠,120,Double Fault (더블 폴트): [테니스] 두 번 연속으로 서브를 실패하여 상대에게 1점을 내어주는 것
2654,운동 및 스포츠(최종 503).hwpx,운동 및 스포츠,121,Double Play (더블 플레이 / 병살): [야구] 한 타구로 수비가 연속해서 두 명을 아웃시키는 것
2655,운동 및 스포츠(최종 503).hwpx,운동 및 스포츠,122,"Double-Double (더블 더블): [농구] 득점, 리바운드, 어시스트, 스틸, 블록 중 두 가지 부문에서 두 자릿수 수치를 기록하는 것"
2656,운동 및 스포츠(최종 503).hwpx,운동 및 스포츠,123,Downhill (다운힐 / 활강): [스키/자전거] 산의 비탈면을 가장 빠른 속도로 내려오는 경주 종목
2657,운동 및 스포츠(최종 503).hwpx,운동 및 스포츠,124,Drafting (드래프팅): [쇼트트랙/스피드스케이팅/자전거] 앞선 선수의 바로 뒤에 바짝 붙어 공기 저항을 최소화하며 체력을 비축하는 기술
2658,운동 및 스포츠(최종 503).hwpx,운동 및 스포츠,125,Draw (무승부): [일반] 양 팀의 득점이나 점수가 같아 승패를 가리지 못하고 경기가 끝나는 것
2659,운동 및 스포츠(최종 503).hwpx,운동 및 스포츠,126,Dressage (마장마술): [승마] 기수가 말을 다루는 정교한 기술과 말의 아름다운 움직임을 평가하는 종목
2660,운동 및 스포츠(최종 503).hwpx,운동 및 스포츠,127,Dribble (드리블): [축구/농구] 발이나 손으로 공을 툭툭 치면서 상대편을 피해 앞으로 나아가는 기술
2661,운동 및 스포츠(최종 503).hwpx,운동 및 스포츠,128,Drive (드라이브): [탁구/테니스] 공에 강한 전진 회전(톱스핀)을 주어 네트를 넘긴 후 빠르고 날카롭게 떨어지게 하는 공격 타법
2662,운동 및 스포츠(최종 503).hwpx,운동 및 스포츠,129,Driver (드라이버): [골프] 공을 가장 멀리 보내기 위해 티샷에서 주로 사용하는 1번 우드 클럽
2663,운동 및 스포츠(최종 503).hwpx,운동 및 스포츠,130,Drop ball (드롭볼): [축구] 경기가 중단된 후 재개할 때 심판이 두 팀 선수 사이에 공을 떨어뜨려 주는 규칙
2664,운동 및 스포츠(최종 503).hwpx,운동 및 스포츠,131,Drop Shot (드롭 샷): [테니스/배드민턴] 공의 밑부분을 깎아 쳐서 네트를 넘자마자 힘없이 떨어지게 하는 속임수 타법
2665,운동 및 스포츠(최종 503).hwpx,운동 및 스포츠,132,Dugout (더그아웃): [야구] 그라운드 밖에서 감독과 선수들이 대기하며 작전을 지시하는 구역
2666,운동 및 스포츠(최종 503).hwpx,운동 및 스포츠,133,Dunk (덩크): [농구] 뛰어올라 림(골대) 위에서 아래로 공을 강력하게 꽂아 넣는 슛
2667,운동 및 스포츠(최종 503).hwpx,운동 및 스포츠,134,Eagle (이글): [골프] 기준 타수보다 2타 적게 공을 홀에 넣는 것
2668,운동 및 스포츠(최종 503).hwpx,운동 및 스포츠,135,Ejection (퇴장): [일반] 심각한 반칙이나 비신사적 행위로 인해 심판이 선수를 경기장 밖으로 쫓아내는 것
2669,운동 및 스포츠(최종 503).hwpx,운동 및 스포츠,136,"End zone (엔드존): [미식축구] 경기장 양 끝에 있는 득점 구역으로, 터치다운이 이루어지는 곳"
2670,운동 및 스포츠(최종 503).hwpx,운동 및 스포츠,137,En Garde (앙 가르드): [펜싱] 경기 시작 전 '준비' 자세를 취하라는 주심의 구령
2671,운동 및 스포츠(최종 503).hwpx,운동 및 스포츠,138,Equestrian (승마): [승마] 말을 타고 장애물을 넘거나 우아한 몸동작(마장마술)을 선보이는 경기
2672,운동 및 스포츠(최종 503).hwpx,운동 및 스포츠,139,"ERA (Earned Run Average, 방어율 / 평균자책점): [야구] 투수가 9이닝을 던진다고 가정할 때 평균적으로 내주는 자책점"
2673,운동 및 스포츠(최종 503).hwpx,운동 및 스포츠,140,Error (실책 / 에러): [야구] 야수가 정상적인 수비 플레이라면 아웃시킬 수 있었던 타자나 주자를 살려주는 수비 실수
2674,운동 및 스포츠(최종 503).hwpx,운동 및 스포츠,141,Exhibition (시범 경기): [일반] 정규 시즌이나 공식 대회 성적에 포함되지 않는 친선 경기
2675,운동 및 스포츠(최종 503).hwpx,운동 및 스포츠,142,Extra time (연장전): [축구 등] 정규 시간이 무승부로 끝난 후 승부를 가리기 위해 추가로 주어지는 경기 시간
2676,운동 및 스포츠(최종 503).hwpx,운동 및 스포츠,143,Face-off (페이스오프): [아이스하키] 심판이 두 선수 사이에 퍽을 떨어뜨려 경기를 시작하거나 재개하는 방식
2677,운동 및 스포츠(최종 503).hwpx,운동 및 스포츠,144,Fairway (페어웨이): [골프] 티 박스부터 그린까지 잔디가 비교적 짧게 잘 깎여 있어 공을 치기 좋은 구역
2678,운동 및 스포츠(최종 503).hwpx,운동 및 스포츠,145,False Start (부정출발): [육상/수영] 출발 신호가 울리기 전에 움직이거나 출발선을 이탈하는 규칙 위반 행위
2679,운동 및 스포츠(최종 503).hwpx,운동 및 스포츠,146,"Fartlek (파틀렉): [육상] 스피드 플레이라고도 하며, 달리기 속도를 자유롭게 변화시키며 지구력과 스피드를 동시에 기르는 훈련법"
2680,운동 및 스포츠(최종 503).hwpx,운동 및 스포츠,147,Fastball (패스트볼 / 직구): [야구] 투수가 구사할 수 있는 가장 빠르고 곧게 뻗어나가는 공
2681,운동 및 스포츠(최종 503).hwpx,운동 및 스포츠,148,Fault (폴트): [테니스/배구] 서브한 공이 서비스 코트 밖으로 나가거나 네트에 걸리는 등 규정을 위반한 경우
2682,운동 및 스포츠(최종 503).hwpx,운동 및 스포츠,149,Featherweight (페더급): [격투기] 복싱 등에서 밴텀급보다 무겁고 라이트급보다 가벼운 체급
2683,운동 및 스포츠(최종 503).hwpx,운동 및 스포츠,150,Feint (페인트 / 속임수): [구기/격투기] 상대방을 속이기 위해 공격할 것처럼 거짓 동작을 취하는 것
2684,운동 및 스포츠(최종 503).hwpx,운동 및 스포츠,151,Fencing (펜싱): [투기] 보호 장비를 입고 검을 사용하여 상대를 찌르거나 베어 득점하는 경기
2685,운동 및 스포츠(최종 503).hwpx,운동 및 스포츠,152,"Field (필드): [구기/육상] 경기가 치러지는 잔디밭이나 경기 구역, 또는 육상의 도약/투척 종목"
2686,운동 및 스포츠(최종 503).hwpx,운동 및 스포츠,153,Fielder (야수 / 수비수): [야구/크리켓] 투수와 포수를 제외하고 그라운드에서 수비를 담당하는 선수들
2687,운동 및 스포츠(최종 503).hwpx,운동 및 스포츠,154,"Figure Skating (피겨스케이팅): [동계] 빙판 위에서 스케이트를 타고 점프, 스핀 등 예술적인 연기를 펼치는 종목"
2688,운동 및 스포츠(최종 503).hwpx,운동 및 스포츠,155,Final (결승전): [일반] 토너먼트 대회의 마지막 경기로 우승자를 가리는 시합
2689,운동 및 스포츠(최종 503).hwpx,운동 및 스포츠,156,First base (1루): [야구] 타자가 공을 치고 가장 먼저 달려가 밟아야 하는 첫 번째 베이스
2690,운동 및 스포츠(최종 503).hwpx,운동 및 스포츠,157,Flank (플랭크 / 측면): [축구/전술] 경기장의 양쪽 가장자리 공간으로 공격의 주요 루트가 되는 곳
2691,운동 및 스포츠(최종 503).hwpx,운동 및 스포츠,158,Flick (플릭): [탁구] 네트 가까이 짧게 떨어진 공을 손목의 스냅만을 이용하여 빠르고 가볍게 튕겨 치는 공격
2692,운동 및 스포츠(최종 503).hwpx,운동 및 스포츠,159,Flip Turn (플립 턴): [수영] 자유형과 배영에서 풀의 끝에 도달했을 때 벽을 짚지 않고 물속에서 공중제비를 돌며 방향을 바꾸는 기술
2693,운동 및 스포츠(최종 503).hwpx,운동 및 스포츠,160,Fly ball (플라이 볼): [야구] 타자가 친 공이 공중으로 높이 뜬 타구
2694,운동 및 스포츠(최종 503).hwpx,운동 및 스포츠,161,Flyweight (플라이급): [격투기] 가장 가벼운 체급 중 하나로 라이트플라이급과 밴텀급 사이
2695,운동 및 스포츠(최종 503).hwpx,운동 및 스포츠,162,"Foil/Epee/Sabre (플뢰레/에페/사브르): [펜싱] 펜싱의 세 가지 세부 종목 (플뢰레는 몸통 찌르기, 에페는 전신 찌르기, 사브르는 상체 찌르기와 베기가 허용됨)"
2696,운동 및 스포츠(최종 503).hwpx,운동 및 스포츠,163,Follow-through (폴로스루): [테니스/골프/야구] 공을 친 후에도 라켓이나 배트를 끝까지 휘두르는 마무리 동작
2697,운동 및 스포츠(최종 503).hwpx,운동 및 스포츠,164,Football (축구/미식축구): [구기] 발로 공을 다루는 축구(Soccer) 또는 타원형 공을 안고 달리는 미식축구(American Football)
2698,운동 및 스포츠(최종 503).hwpx,운동 및 스포츠,165,Forehand (포핸드): [테니스/탁구] 라켓을 쥔 손의 방향(오른손잡이는 오른쪽)으로 공을 치는 타법
2699,운동 및 스포츠(최종 503).hwpx,운동 및 스포츠,166,Forward (포워드 / 공격수): [농구/축구] 득점을 올리는 데 주력하며 주로 상대 진영 가까이 배치되는 포지션
2700,운동 및 스포츠(최종 503).hwpx,운동 및 스포츠,167,Foul (파울 / 반칙): [일반] 스포츠 규정을 어긴 행위
2701,운동 및 스포츠(최종 503).hwpx,운동 및 스포츠,168,Free agent (FA / 자유계약선수): [일반] 원소속팀과의 계약 기간이 끝나 모든 구단과 자유롭게 계약할 수 있는 선수
2702,운동 및 스포츠(최종 503).hwpx,운동 및 스포츠,169,Free Kick (프리킥): [축구] 반칙당한 팀이 방해 없이 공을 차는 규칙
2703,운동 및 스포츠(최종 503).hwpx,운동 및 스포츠,170,Free Throw (자유투): [농구] 반칙을 당한 선수가 방해 없이 정해진 구역(자유투 선)에서 쏘는 1점 슛
2704,운동 및 스포츠(최종 503).hwpx,운동 및 스포츠,171,"Freestyle (자유형): [수영/스키/레슬링] 영법에 제한이 없으나, 주로 속도가 가장 빠른 방식(크롤 등)을 사용하는 종목"
2705,운동 및 스포츠(최종 503).hwpx,운동 및 스포츠,172,Fullback (풀백): [축구/미식축구] 측면이나 최후방에서 상대 공격을 차단하는 수비수
2706,운동 및 스포츠(최종 503).hwpx,운동 및 스포츠,173,Fumble (펌블): [미식축구/농구] 공을 확실히 잡지 못하고 떨어뜨려 상대에게 소유권을 내줄 위험에 처하는 실수
2707,운동 및 스포츠(최종 503).hwpx,운동 및 스포츠,174,Game (게임 / 경기): [일반] 승패를 가르기 위해 규칙에 따라 치르는 시합의 단위
2708,운동 및 스포츠(최종 503).hwpx,운동 및 스포츠,175,Game point (게임 포인트): [라켓/배구] 이 1점만 더 따면 해당 세트나 게임을 이기게 되는 결정적인 점수
2709,운동 및 스포츠(최종 503).hwpx,운동 및 스포츠,176,Goal (골 / 득점): [구기] 공이 골대를 통과하거나 득점 구역에 도달하여 점수를 얻는 것
2710,운동 및 스포츠(최종 503).hwpx,운동 및 스포츠,177,Goal kick (골킥): [축구] 공격수의 몸에 맞고 골라인 밖으로 공이 나갔을 때 수비팀이 골대 근처에서 차는 킥
2711,운동 및 스포츠(최종 503).hwpx,운동 및 스포츠,178,Goalkeeper (골키퍼): [축구/하키] 골대 바로 앞에서 손(또는 장비)을 사용하여 상대의 득점을 막는 최후방 포지션
2712,운동 및 스포츠(최종 503).hwpx,운동 및 스포츠,179,"Goggle (고글): [수영/스키] 물이나 눈, 자외선 등으로부터 눈을 보호하기 위해 밀착되게 착용하는 특수 안경"
2713,운동 및 스포츠(최종 503).hwpx,운동 및 스포츠,180,Gold medal (금메달): [일반] 올림픽 등 각종 대회에서 1위를 차지한 선수나 팀에게 수여하는 메달
2714,운동 및 스포츠(최종 503).hwpx,운동 및 스포츠,181,Golf (골프): [야외] 골프채로 공을 쳐서 정해진 코스의 홀에 가장 적은 타수로 넣는 경기
2715,운동 및 스포츠(최종 503).hwpx,운동 및 스포츠,182,"Grand Slam (그랜드 슬램): [테니스/골프/야구] 한 해에 4대 메이저 대회를 모두 석권하거나, 야구에서 만루 홈런을 치는 것"
2716,운동 및 스포츠(최종 503).hwpx,운동 및 스포츠,183,"Green (그린): [골프] 홀 컵이 있는 곳으로, 공이 잘 구르도록 잔디를 아주 짧고 정교하게 깎아 놓은 구역"
2717,운동 및 스포츠(최종 503).hwpx,운동 및 스포츠,184,"Grip (그립): [일반] 라켓, 배트, 클럽의 손잡이 부분, 또는 그것을 쥐는 방법"
2718,운동 및 스포츠(최종 503).hwpx,운동 및 스포츠,185,Grounder (땅볼): [야구] 타자가 친 공이 땅에 바운드되며 굴러가는 타구
2719,운동 및 스포츠(최종 503).hwpx,운동 및 스포츠,186,"Guard (가드): [농구] 팀의 공격을 조율하고 외곽에서 활약하는 포지션 (포인트 가드, 슈팅 가드)"
2720,운동 및 스포츠(최종 503).hwpx,운동 및 스포츠,187,"Gymnastics (체조): [체조] 신체의 유연성, 근력, 균형 감각을 이용하여 다양한 동작을 표현하는 스포츠"
2721,운동 및 스포츠(최종 503).hwpx,운동 및 스포츠,188,Halfpipe (하프파이프): [스노보드/스케이트보드] 파이프를 반으로 자른 듯한 U자형 구조물에서 점프와 공중 기술을 겨루는 종목
2722,운동 및 스포츠(최종 503).hwpx,운동 및 스포츠,189,Halftime (하프타임): [구기] 전반전이 끝나고 후반전이 시작되기 전 선수들이 휴식하는 중간 시간
2723,운동 및 스포츠(최종 503).hwpx,운동 및 스포츠,190,Hammer Throw (해머던지기): [육상] 쇠구슬에 연결된 철사를 잡고 회전하다가 원심력을 이용해 던지는 필드 경기
2724,운동 및 스포츠(최종 503).hwpx,운동 및 스포츠,191,Handball (핸드볼): [구기] 손으로 공을 패스하고 드리블하여 상대 골대에 던져 넣는 7인조 경기
2725,운동 및 스포츠(최종 503).hwpx,운동 및 스포츠,192,Handicap (핸디캡): [골프/승마] 실력이 다른 선수들이 동등하게 경기할 수 있도록 기량 차이를 타수나 무게로 환산해 주는 것
2726,운동 및 스포츠(최종 503).hwpx,운동 및 스포츠,193,Hang time (체공 시간): [농구/육상] 점프한 선수가 바닥에 착지하기 전까지 공중에 머무는 시간
2727,운동 및 스포츠(최종 503).hwpx,운동 및 스포츠,194,Harness (하네스): [클라이밍/항공] 등반이나 패러글라이딩 등에서 안전을 위해 몸에 착용하고 로프와 연결하는 안전벨트
2728,운동 및 스포츠(최종 503).hwpx,운동 및 스포츠,195,Hat-trick (해트트릭): [축구/하키] 한 선수가 한 경기에서 3골 이상을 득점하는 것
2729,운동 및 스포츠(최종 503).hwpx,운동 및 스포츠,196,"Hazard (해저드): [골프] 연못, 강, 늪 등 코스 내에 설치된 모든 물과 관련된 장애물 (워터 해저드)"
2730,운동 및 스포츠(최종 503).hwpx,운동 및 스포츠,197,"Head coach (감독 / 헤드 코치): [일반] 팀의 훈련, 작전, 선수 기용 등 전체를 총괄하고 책임지는 최고 지도자"
2731,운동 및 스포츠(최종 503).hwpx,운동 및 스포츠,198,"Header (헤더 / 헤딩): [축구] 머리를 사용하여 공을 차단하거나 패스, 혹은 슛을 하는 동작"
2732,운동 및 스포츠(최종 503).hwpx,운동 및 스포츠,199,Heat (예선조): [수영/육상] 본선 진출자를 가리기 위해 출전 선수를 나누어 치르는 조별 예선 경기
2733,운동 및 스포츠(최종 503).hwpx,운동 및 스포츠,200,"Heavyweight (헤비급): [격투기] 복싱, 레슬링 등에서 체중이 가장 무거운 선수들이 속하는 최상위 체급"
2734,운동 및 스포츠(최종 503).hwpx,운동 및 스포츠,201,Heptathlon (7종 경기): [육상] 이틀 동안 7가지 육상 종목을 치르는 여자 육상 종합 경기
2735,운동 및 스포츠(최종 503).hwpx,운동 및 스포츠,202,High Jump (높이뛰기): [육상] 가로대를 건드리지 않고 뛰어넘는 필드 경기
2736,운동 및 스포츠(최종 503).hwpx,운동 및 스포츠,203,"Hitter (타자 / 공격수): [야구/배구] 배트로 공을 치는 야구 선수, 또는 스파이크를 때리는 배구 선수"
2737,운동 및 스포츠(최종 503).hwpx,운동 및 스포츠,204,Hockey (하키 / 필드하키): [구기] 스틱을 사용하여 공을 패스하며 상대 골대에 넣어 득점하는 경기
2738,운동 및 스포츠(최종 503).hwpx,운동 및 스포츠,205,"Hole (홀): [골프] 코스에서 공을 집어넣어야 하는 구멍, 또는 티 박스부터 그린까지의 한 구간"
2739,운동 및 스포츠(최종 503).hwpx,운동 및 스포츠,206,Hole in one (홀인원): [골프] 티잉 구역에서 처음 친 공이 단 한 번 만에 홀 컵에 들어가는 것
2740,운동 및 스포츠(최종 503).hwpx,운동 및 스포츠,207,"Home (홈 / 홈경기): [일반] 특정 구단을 응원하는 팬들이 많은 연고지, 또는 야구의 득점 베이스(홈플레이트)"
2741,운동 및 스포츠(최종 503).hwpx,운동 및 스포츠,208,Home Run (홈런): [야구] 공이 펜스를 넘어가 모든 주자가 홈을 밟는 타격
2742,운동 및 스포츠(최종 503).hwpx,운동 및 스포츠,209,"Hook (훅): [복싱/골프] 주먹을 직각으로 굽혀 측면을 치는 펀치, 또는 골프에서 공이 왼쪽으로 심하게 휘는 샷"
2743,운동 및 스포츠(최종 503).hwpx,운동 및 스포츠,210,Hooligan (훌리건): [축구] 경기장 안팎에서 폭력을 행사하고 난동을 부리는 극성 축구 팬
2744,운동 및 스포츠(최종 503).hwpx,운동 및 스포츠,211,"Hoop (후프 / 농구 림): [농구/리듬체조] 농구공이 통과해야 하는 둥근 링, 또는 리듬체조에 쓰이는 둥근 훌라후프"
2745,운동 및 스포츠(최종 503).hwpx,운동 및 스포츠,212,Hurdle (허들): [육상] 트랙 위의 장애물을 뛰어넘으며 달리는 경기
2746,운동 및 스포츠(최종 503).hwpx,운동 및 스포츠,213,"Icing (아이싱): [아이스하키/의학] 퍽을 상대편 진영 끝까지 길게 쳐내는 반칙, 또는 부상 부위에 얼음을 대는 처치"
2747,운동 및 스포츠(최종 503).hwpx,운동 및 스포츠,214,Inbound (인바운드): [농구] 공이 코트 밖으로 나갔을 때 코트 안으로 패스하여 경기를 재개하는 것
2748,운동 및 스포츠(최종 503).hwpx,운동 및 스포츠,215,"Infield (내야): [야구] 1, 2, 3루 베이스와 홈플레이트를 연결한 다이아몬드 안쪽 구역"
2749,운동 및 스포츠(최종 503).hwpx,운동 및 스포츠,216,"Infield fly (인필드 플라이): [야구] 무사 또는 1사 1, 2루 이상의 상황에서 내야수가 정상적으로 잡을 수 있는 뜬공을 쳤을 때 타자가 자동 아웃되는 규칙"
2750,운동 및 스포츠(최종 503).hwpx,운동 및 스포츠,217,"Infielder (내야수): [야구] 1루수, 2루수, 3루수, 유격수 등 내야에서 수비를 담당하는 선수"
2751,운동 및 스포츠(최종 503).hwpx,운동 및 스포츠,218,Inning (이닝 / 회): [야구] 양 팀이 한 번씩 공격과 수비를 번갈아 하는 경기의 단위 (보통 1회부터 9회까지 진행)
2752,운동 및 스포츠(최종 503).hwpx,운동 및 스포츠,219,Interception (가로채기 / 인터셉트): [미식축구/농구] 상대방이 패스한 공을 중간에 낚아채어 공격권을 빼앗는 행위
2753,운동 및 스포츠(최종 503).hwpx,운동 및 스포츠,220,Interference (수비/타격 방해): [야구/아이스하키] 상대 선수의 정상적인 플레이를 반칙으로 방해하는 행위
2754,운동 및 스포츠(최종 503).hwpx,운동 및 스포츠,221,"IOC (International Olympic Committee, 국제올림픽위원회): [일반] 올림픽 대회를 주관하고 전 세계 스포츠 발전을 총괄하는 국제기구"
2755,운동 및 스포츠(최종 503).hwpx,운동 및 스포츠,222,"Ippon (한판): [유도] 상대를 완벽하게 메치거나, 20초간 누르거나, 꺾기/조르기로 항복을 받아내어 경기를 즉시 끝내는 득점"
2756,운동 및 스포츠(최종 503).hwpx,운동 및 스포츠,223,Iron (아이언): [골프] 금속으로 된 헤드를 가지며 주로 중간 거리나 짧은 거리에서 정교하게 공을 칠 때 쓰는 클럽
2757,운동 및 스포츠(최종 503).hwpx,운동 및 스포츠,224,Jab (잽): [복싱] 앞손을 가볍고 빠르게 일직선으로 뻗어 상대를 견제하거나 타격하는 기본 펀치
2758,운동 및 스포츠(최종 503).hwpx,운동 및 스포츠,225,Javelin Throw (창던지기): [육상] 창을 멀리 던지는 필드 경기
2759,운동 및 스포츠(최종 503).hwpx,운동 및 스포츠,226,Jersey (저지 / 유니폼 상의): [일반] 선수들이 입는 등번호와 팀 로고가 새겨진 경기용 셔츠
2760,운동 및 스포츠(최종 503).hwpx,운동 및 스포츠,227,Jockey (기수): [승마/경마] 말에 올라타서 레이스를 지휘하고 통제하는 전문 선수
2761,운동 및 스포츠(최종 503).hwpx,운동 및 스포츠,228,Jogging (조깅): [육상] 체력 증진이나 워밍업을 위해 천천히 편안한 속도로 달리는 운동
2762,운동 및 스포츠(최종 503).hwpx,운동 및 스포츠,229,"Judo (유도): [투기] 메치기, 누르기, 꺾기, 조르기 등의 기술로 상대를 제압하는 일본 기원의 무술"
2763,운동 및 스포츠(최종 503).hwpx,운동 및 스포츠,230,Jump (점프): [일반] 도약하여 공중으로 뛰어오르는 동작
2764,운동 및 스포츠(최종 503).hwpx,운동 및 스포츠,231,Jump ball (점프 볼): [농구] 심판이 공중으로 던진 공을 양 팀 선수가 점프하여 쳐내며 경기를 시작하는 방식
2765,운동 및 스포츠(최종 503).hwpx,운동 및 스포츠,232,Jump shot (점프 슛): [농구] 공중으로 뛰어오른 상태의 최고점에서 공을 던지는 슛
2766,운동 및 스포츠(최종 503).hwpx,운동 및 스포츠,233,Junior (주니어 / 청소년): [일반] 성인부(시니어)에 도달하지 않은 특정 연령 이하의 어린 선수나 그들의 대회
2767,운동 및 스포츠(최종 503).hwpx,운동 및 스포츠,234,Karate (가라테 / 공수도): [투기] 손과 발을 이용한 타격기로 상대를 제압하는 일본 오키나와 기원의 무술
2768,운동 및 스포츠(최종 503).hwpx,운동 및 스포츠,235,Kayak (카약): [수상] 덮개가 있는 좁은 배에 앉아 양날 노를 저어 나아가는 수상 스포츠
2769,운동 및 스포츠(최종 503).hwpx,운동 및 스포츠,236,Kendo (검도): [투기] 호구를 착용하고 죽도를 이용하여 상대의 정해진 부위를 타격해 점수를 얻는 무술
2770,운동 및 스포츠(최종 503).hwpx,운동 및 스포츠,237,Kick (킥): [구기/격투기] 발로 공을 차거나 상대방을 타격하는 기술
2771,운동 및 스포츠(최종 503).hwpx,운동 및 스포츠,238,Kickboard (킥보드): [수영] 수영 초보자가 발차기 연습을 할 때 물에 뜨게 도와주는 판
2772,운동 및 스포츠(최종 503).hwpx,운동 및 스포츠,239,Kickoff (킥오프): [축구/미식축구] 경기장 중앙에서 공을 차며 전·후반전 경기의 시작을 알리는 행위
2773,운동 및 스포츠(최종 503).hwpx,운동 및 스포츠,240,Kiteboarding (카이트보딩): [수상] 대형 연(카이트)을 띄워 바람의 힘으로 물 위를 보드를 타고 활주하는 익스트림 스포츠
2774,운동 및 스포츠(최종 503).hwpx,운동 및 스포츠,241,Knockout / KO (녹아웃): [복싱/격투기] 타격을 입은 선수가 다운되어 심판이 10을 셀 때까지 경기를 재개하지 못하는 상태
2775,운동 및 스포츠(최종 503).hwpx,운동 및 스포츠,242,Korfball (코프볼): [구기] 남녀가 혼성으로 한 팀을 이루어 바구니 모양의 골대에 공을 던져 넣는 농구와 비슷한 경기
2776,운동 및 스포츠(최종 503).hwpx,운동 및 스포츠,243,Kyorugi (겨루기): [태권도] 보호구를 착용하고 규정에 따라 발차기와 지르기로 상대와 대결하는 실전 종목
2777,운동 및 스포츠(최종 503).hwpx,운동 및 스포츠,244,Lacrosse (라크로스): [구기] 그물이 달린 스틱(크로스)으로 고무공을 패스하며 상대 득점망에 던져 넣는 경기
2778,운동 및 스포츠(최종 503).hwpx,운동 및 스포츠,245,Lap (랩 / 바퀴): [육상/수영/모터스포츠] 트랙이나 코스를 한 바퀴 도는 구간의 단위
2779,운동 및 스포츠(최종 503).hwpx,운동 및 스포츠,246,Lap time (랩 타임): [육상/모터스포츠] 트랙을 한 바퀴 도는 데 걸린 시간
2780,운동 및 스포츠(최종 503).hwpx,운동 및 스포츠,247,Layup (레이업 슛): [농구] 골대 가까이 점프하여 한 손으로 공을 림(그물) 위에 살짝 올려놓고 튕겨 넣는 슛
2781,운동 및 스포츠(최종 503).hwpx,운동 및 스포츠,248,"Lead (리드): [일반/야구] 경기에서 점수가 앞서 있는 상태, 또는 야구에서 주자가 도루를 위해 베이스에서 떨어져 있는 간격"
2782,운동 및 스포츠(최종 503).hwpx,운동 및 스포츠,249,League (리그): [일반] 참가 팀들이 한 시즌 동안 서로 돌아가며 경기를 치러 성적에 따라 최종 순위를 매기는 대회 방식
2783,운동 및 스포츠(최종 503).hwpx,운동 및 스포츠,250,Left wing (레프트윙 / 좌측 공격수): [축구/아이스하키] 공격 라인의 왼쪽 측면을 담당하며 중앙으로 크로스나 돌파를 시도하는 선수
2784,운동 및 스포츠(최종 503).hwpx,운동 및 스포츠,251,Let (렛): [테니스/탁구] 서브한 공이 네트 상단을 스치고 서비스 코트 안에 떨어지는 경우 (벌점 없이 서브를 다시 함)
2785,운동 및 스포츠(최종 503).hwpx,운동 및 스포츠,252,Libero (리베로): [배구] 공격은 할 수 없고 수비만 전담하는 특수 포지션의 선수 (다른 색상의 유니폼 착용)
2786,운동 및 스포츠(최종 503).hwpx,운동 및 스포츠,253,"Lift (리프트): [역도/스키] 바벨을 들어 올리는 동작, 또는 스키장에서 높은 곳으로 이동시켜 주는 의자형 운송 장치"
2787,운동 및 스포츠(최종 503).hwpx,운동 및 스포츠,254,Linebacker (라인배커): [미식축구] 수비 라인 뒤에 서서 태클로 러닝백을 막거나 패스를 방어하는 핵심 수비수
2788,운동 및 스포츠(최종 503).hwpx,운동 및 스포츠,255,Linesman (선심): [구기/테니스] 터치라인이나 베이스라인 밖에서 공의 아웃 여부와 오프사이드 등을 판정하는 보조 심판
2789,운동 및 스포츠(최종 503).hwpx,운동 및 스포츠,256,Lineup (라인업 / 선발 명단): [일반] 경기 시작 시 그라운드에 나서는 출전 선수들의 명단과 타순
2790,운동 및 스포츠(최종 503).hwpx,운동 및 스포츠,257,Lob (로브): [테니스/배드민턴] 상대의 키를 넘기기 위해 공이나 셔틀콕을 공중으로 높고 길게 띄워 치는 기술
2791,운동 및 스포츠(최종 503).hwpx,운동 및 스포츠,258,Locker room (라커룸 / 탈의실): [일반] 선수들이 경기 전후에 옷을 갈아입고 작전 회의를 하는 대기 공간
2792,운동 및 스포츠(최종 503).hwpx,운동 및 스포츠,259,Long Jump (멀리뛰기): [육상] 발을 굴러 도약해 가장 멀리 착지하는 경기
2793,운동 및 스포츠(최종 503).hwpx,운동 및 스포츠,260,Luge (루지): [슬라이딩] 썰매에 누워서 발부터 내려오는 슬라이딩 경기 (브레이크나 조향 장치 없이 발과 어깨로 방향 조절)
2794,운동 및 스포츠(최종 503).hwpx,운동 및 스포츠,261,Lunge (팡트 / 런지): [펜싱] 뒷발로 땅을 차며 앞발을 길게 뻗어 상대를 빠르게 찌르는 기본 공격 자세
2795,운동 및 스포츠(최종 503).hwpx,운동 및 스포츠,262,Lutz (러츠): [피겨스케이팅] 뒤로 활주하다가 스케이트 날의 바깥쪽 엣지를 사용해 도약하며 발가락으로 얼음을 찍고 뛰는 점프
2796,운동 및 스포츠(최종 503).hwpx,운동 및 스포츠,263,"Major league (메이저 리그): [야구] 미국 프로야구의 최상위 리그, 혹은 특정 스포츠에서 가장 권위 있는 최상위 리그"
2797,운동 및 스포츠(최종 503).hwpx,운동 및 스포츠,264,"Manager (매니저 / 감독): [야구/축구] 팀의 전술, 훈련, 선수단 운영을 총괄하는 책임자"
2798,운동 및 스포츠(최종 503).hwpx,운동 및 스포츠,265,Man-to-Man Defense (대인 방어): [농구/축구] 수비수 한 명당 공격수 한 명을 전담하여 방어하는 수비 전술
2799,운동 및 스포츠(최종 503).hwpx,운동 및 스포츠,266,Marathon (마라톤): [육상] 42.195km의 긴 도로 구간을 달리는 인간 한계 극복의 최장거리 달리기 종목
2800,운동 및 스포츠(최종 503).hwpx,운동 및 스포츠,267,"Martial arts (무술 / 격투기): [일반] 태권도, 유도, 복싱, 레슬링 등 무기를 쓰지 않거나 무기를 다루며 공격과 방어를 겨루는 투기 종목 총칭"
2801,운동 및 스포츠(최종 503).hwpx,운동 및 스포츠,268,Match (매치 / 시합): [라켓/축구] 승패를 겨루는 하나의 경기 단위 (테니스에서는 세트의 상위 개념)
2802,운동 및 스포츠(최종 503).hwpx,운동 및 스포츠,269,Match point (매치 포인트): [라켓/배구] 이 1점만 더 따면 경기 전체를 승리하고 우승이나 다음 라운드 진출을 확정 짓는 상황
2803,운동 및 스포츠(최종 503).hwpx,운동 및 스포츠,270,Maul (몰): [럭비] 공을 가진 선수를 포함해 양 팀 선수가 선 채로 엉겨 붙어 밀고 당기며 공을 다투는 상황
2804,운동 및 스포츠(최종 503).hwpx,운동 및 스포츠,271,"Medal (메달): [일반] 올림픽 등에서 1, 2, 3위 입상자에게 수여하는 금, 은, 동의 징표"
2805,운동 및 스포츠(최종 503).hwpx,운동 및 스포츠,272,"Medley (혼계영 / 개인혼영): [수영] 한 경기 내에서 접영, 배영, 평영, 자유형 순서대로 영법을 바꿔가며 수영하는 종목"
2806,운동 및 스포츠(최종 503).hwpx,운동 및 스포츠,273,Midfielder (미드필더): [축구] 공격수와 수비수 사이 중앙 지역에 위치하며 패스를 연결하고 경기를 조율하는 포지션
2807,운동 및 스포츠(최종 503).hwpx,운동 및 스포츠,274,"Minor league (마이너 리그): [야구] 메이저 리그 아래에 있는 하부 리그로, 유망주들이 경험을 쌓고 육성되는 곳"
2808,운동 및 스포츠(최종 503).hwpx,운동 및 스포츠,275,"Mixed Martial Arts / MMA (종합격투기): [격투기] 타격기(복싱, 무에타이)와 그래플링(레슬링, 주짓수)을 혼합하여 규칙을 최소화하고 옥타곤에서 싸우는 실전 무술"
2809,운동 및 스포츠(최종 503).hwpx,운동 및 스포츠,276,Mogul (모굴): [프리스타일 스키] 인공적으로 만든 수많은 눈 언덕(모굴)이 있는 경사면을 내려오며 턴과 공중기 기술을 겨루는 경기
2810,운동 및 스포츠(최종 503).hwpx,운동 및 스포츠,277,Mound (마운드): [야구] 투수가 타자를 향해 공을 던지기 위해 그라운드 중앙에 둥글고 솟아오르게 흙을 쌓아 놓은 곳
2811,운동 및 스포츠(최종 503).hwpx,운동 및 스포츠,278,"MVP (Most Valuable Player, 최우수 선수): [일반] 한 경기나 전체 시즌을 통틀어 팀 승리에 가장 크게 기여한 최고의 선수"
2812,운동 및 스포츠(최종 503).hwpx,운동 및 스포츠,279,"National team (국가대표팀): [일반] 올림픽, 월드컵 등 국제 대회에 한 국가를 대표하여 선발되어 출전하는 선수단"
2813,운동 및 스포츠(최종 503).hwpx,운동 및 스포츠,280,"Net (네트 / 그물): [라켓/구기] 테니스나 배구에서 코트를 양분하는 그물망, 혹은 축구와 농구의 골대에 쳐진 그물"
2814,운동 및 스포츠(최종 503).hwpx,운동 및 스포츠,281,No-hitter (노히트 노런): [야구] 투수가 9이닝 동안 상대 타선에 단 하나의 안타도 허용하지 않고 무실점으로 승리하는 대기록
2815,운동 및 스포츠(최종 503).hwpx,운동 및 스포츠,282,"Nordic Skiing (노르딕 스키): [스키] 평지나 언덕을 가로지르며 달리는 스키 (크로스컨트리, 스키점프 등이 포함됨)"
2816,운동 및 스포츠(최종 503).hwpx,운동 및 스포츠,283,Novice (초보자 / 신인): [일반] 스포츠에 입문한 지 얼마 되지 않아 아직 기량이 부족하거나 공식 대회 경험이 없는 신인 선수
2817,운동 및 스포츠(최종 503).hwpx,운동 및 스포츠,284,Nutmeg (넛메그 / 알까기): [축구] 수비수의 양다리 사이로 공을 통과시켜 돌파하는 화려한 개인기
2818,운동 및 스포츠(최종 503).hwpx,운동 및 스포츠,285,"Obstacle (장애물): [육상/승마] 허들, 물웅덩이, 나무 펜스 등 경기 중 선수가 넘어야 하는 방해물"
2819,운동 및 스포츠(최종 503).hwpx,운동 및 스포츠,286,Offense (공격 / 오펜스): [일반] 상대의 진영이나 골문을 향해 돌파하여 득점을 시도하는 전술이나 행동
2820,운동 및 스포츠(최종 503).hwpx,운동 및 스포츠,287,Offensive rebound (공격 리바운드): [농구] 우리 팀이 쏜 슛이 빗나갔을 때 공격권을 계속 유지하기 위해 잡아내는 리바운드
2821,운동 및 스포츠(최종 503).hwpx,운동 및 스포츠,288,"Official (오피셜 / 심판진): [일반] 경기가 규칙에 맞게 진행되도록 통제하고 판정을 내리는 주심, 부심, 기록원 등의 경기 임원"
2822,운동 및 스포츠(최종 503).hwpx,운동 및 스포츠,289,Offside (오프사이드): [축구/하키] 공격수가 최종 수비수보다 앞서 있을 때 주어지는 반칙
2823,운동 및 스포츠(최종 503).hwpx,운동 및 스포츠,290,Ollie (알리): [스케이트보드] 보드에 발을 붙인 채로 지면에서 뛰어오르는 가장 기본적인 점프 기술
2824,운동 및 스포츠(최종 503).hwpx,운동 및 스포츠,291,Olympic (올림픽): [일반] 4년마다 전 세계 국가대표들이 모여 하계 및 동계 스포츠 종목을 겨루는 최대의 국제 종합 경기 대회
2825,운동 및 스포츠(최종 503).hwpx,운동 및 스포츠,292,Open (오픈 대회): [골프/테니스] 프로와 아마추어를 가리지 않고 자격 요건을 갖춘 모든 선수에게 출전이 허용되는 개방형 대회
2826,운동 및 스포츠(최종 503).hwpx,운동 및 스포츠,293,"Out (아웃): [야구/테니스] 야구에서 타자나 주자가 공격권을 잃고 벤치로 물러나는 것, 또는 공이 경기장 규정 선 밖으로 나가는 것"
2827,운동 및 스포츠(최종 503).hwpx,운동 및 스포츠,294,Outfield (외야): [야구] 내야 그라운드 바깥쪽의 넓은 잔디 구역
2828,운동 및 스포츠(최종 503).hwpx,운동 및 스포츠,295,"Outfielder (외야수): [야구] 좌익수, 중견수, 우익수 등 외야로 날아오는 뜬공이나 안타를 수비하는 선수"
2829,운동 및 스포츠(최종 503).hwpx,운동 및 스포츠,296,Overhand (오버핸드): [야구/테니스] 투수나 테니스 선수가 팔을 어깨 위로 높이 치켜들어 위에서 아래로 내리꽂듯 던지거나 치는 동작
2830,운동 및 스포츠(최종 503).hwpx,운동 및 스포츠,297,Overlap (오버랩): [축구] 수비수가 공격에 가담하기 위해 자기 진영에서부터 터치라인을 따라 공격수 앞으로 빠르게 침투하는 전술
2831,운동 및 스포츠(최종 503).hwpx,운동 및 스포츠,298,Overtime (오버타임 / 연장전): [농구/미식축구] 정규 시간 내에 승패를 가리지 못했을 때 승자가 나올 때까지 추가로 진행하는 경기 시간
2832,운동 및 스포츠(최종 503).hwpx,운동 및 스포츠,299,Own goal / Autogoal (자책골): [축구] 수비 중 실수로 자기 팀 골문에 공을 넣어 상대 팀에게 점수를 헌납하는 뼈아픈 실수
2833,운동 및 스포츠(최종 503).hwpx,운동 및 스포츠,300,Pacer (페이서 / 페이스 메이커): [육상/수영] 중장거리 경주에서 기준이 되는 속도를 유지하며 다른 선수의 기록 단축을 돕는 선수
2834,운동 및 스포츠(최종 503).hwpx,운동 및 스포츠,301,Paddle (패들 / 노): [수상] 카누나 서핑보드 등에서 물을 저어 추진력을 얻기 위해 양손으로 잡고 쓰는 노
2835,운동 및 스포츠(최종 503).hwpx,운동 및 스포츠,302,"Paint zone (페인트 존): [농구] 골대 밑의 직사각형(또는 사다리꼴) 구역으로, 공격수가 3초 이상 머물 수 없는 제한 구역"
2836,운동 및 스포츠(최종 503).hwpx,운동 및 스포츠,303,"Par (파): [골프] 각 홀을 끝내는 데 정해진 기준 타수 (보통 3, 4, 5타)"
2837,운동 및 스포츠(최종 503).hwpx,운동 및 스포츠,304,Paragliding (패러글라이딩): [항공] 산비탈에서 직사각형 모양의 낙하산(글라이더)을 메고 뛰어내려 바람을 타고 활공하는 레저 스포츠
2838,운동 및 스포츠(최종 503).hwpx,운동 및 스포츠,305,"Paralympic (패럴림픽): [일반] 올림픽이 끝난 직후 같은 개최지에서 열리는, 신체적·감각적 장애를 가진 선수들의 국제 종합 경기 대회"
2839,운동 및 스포츠(최종 503).hwpx,운동 및 스포츠,306,"Parkour (파쿠르): [일반] 도심의 건물, 담장, 계단 등 다양한 인공 장애물을 안전하고 빠르게 맨몸으로 뛰어넘고 이동하는 스포츠"
2840,운동 및 스포츠(최종 503).hwpx,운동 및 스포츠,307,Parry (파리): [펜싱] 상대방의 공격용 칼을 자신의 칼로 쳐내거나 막아서 방어하는 동작
2841,운동 및 스포츠(최종 503).hwpx,운동 및 스포츠,308,Pass (패스): [구기] 팀 동료에게 공이나 퍽을 건네주어 공격을 전개하는 기본 동작
2842,운동 및 스포츠(최종 503).hwpx,운동 및 스포츠,309,"Penalty (페널티 / 벌칙): [일반] 반칙을 범한 선수나 팀에게 규칙에 따라 주어지는 벌점, 퇴장, 또는 위치상의 불이익"
2843,운동 및 스포츠(최종 503).hwpx,운동 및 스포츠,310,"Penalty box (페널티 박스): [축구/아이스하키] 축구에서 골대 앞 반칙 시 페널티 킥이 선언되는 구역, 또는 하키에서 반칙한 선수가 일정 시간 격리되는 퇴장석"
2844,운동 및 스포츠(최종 503).hwpx,운동 및 스포츠,311,Penalty kick (페널티 킥 / PK): [축구] 페널티 박스 안에서 수비팀이 결정적 반칙을 했을 때 공격팀이 골키퍼와 1대1 상황에서 차는 킥
2845,운동 및 스포츠(최종 503).hwpx,운동 및 스포츠,312,Penholder Grip (펜홀더 그립): [탁구] 펜을 쥐는 모양으로 라켓 손잡이를 잡는 동양식 그립 방식
2846,운동 및 스포츠(최종 503).hwpx,운동 및 스포츠,313,"Pentathlon (근대 5종 경기): [복합] 펜싱, 수영, 승마, 사격, 크로스컨트리 등 5가지 종목을 하루에 모두 치러 만능 스포츠맨을 가리는 종목"
2847,운동 및 스포츠(최종 503).hwpx,운동 및 스포츠,314,Perfect game (퍼펙트 게임): [야구] 선발 투수가 9이닝 동안 단 한 명의 타자도 루상에 내보내지 않고 완벽하게 승리하는 대기록
2848,운동 및 스포츠(최종 503).hwpx,운동 및 스포츠,315,Period (피리어드): [아이스하키/농구] 경기를 나누는 시간적 단위 (예: 하키는 1피리어드당 20분씩 총 3피리어드)
2849,운동 및 스포츠(최종 503).hwpx,운동 및 스포츠,316,Personal foul (개인 파울): [농구] 경기 중 상대 선수와의 불법적인 신체 접촉으로 인해 주어지는 반칙 (5회 누적 시 퇴장)
2850,운동 및 스포츠(최종 503).hwpx,운동 및 스포츠,317,"Pick and Roll (픽 앤 롤): [농구] 공격수가 수비수를 스크린해 주고, 돌파하거나 스크린을 건 선수가 골밑으로 빠져들어가는 전술"
2851,운동 및 스포츠(최종 503).hwpx,운동 및 스포츠,318,Pin (폴 / 핀): [레슬링] 상대의 양어깨를 매트 바닥에 1초 이상 완전히 닿게 하여 즉시 승리하는 것
2852,운동 및 스포츠(최종 503).hwpx,운동 및 스포츠,319,Pinch hitter (대타): [야구] 기존 타자를 대신하여 특정 타석에 기용되는 교체 타자
2853,운동 및 스포츠(최종 503).hwpx,운동 및 스포츠,320,Pitch (피치 / 경기장): [축구/크리켓] 축구나 크리켓 경기가 열리는 천연 잔디 구장
2854,운동 및 스포츠(최종 503).hwpx,운동 및 스포츠,321,Pitcher (투수): [야구] 타자를 아웃시키기 위해 마운드 위에서 포수를 향해 공을 던지는 핵심 수비수
2855,운동 및 스포츠(최종 503).hwpx,운동 및 스포츠,322,Pivot (피벗): [농구] 공을 잡은 선수가 한 발을 축으로 코트 바닥에 고정하고 다른 발을 움직여 수비수를 피하는 동작
2856,운동 및 스포츠(최종 503).hwpx,운동 및 스포츠,323,Playmaker (플레이메이커): [구기] 뛰어난 패스 능력과 넓은 시야로 팀 전체의 공격 방향을 설계하고 찬스를 만들어내는 미드필더나 가드
2857,운동 및 스포츠(최종 503).hwpx,운동 및 스포츠,324,Playoff (플레이오프): [일반] 정규 시즌이 끝난 후 상위권 팀들끼리 모여 최종 우승팀을 가리기 위해 치르는 토너먼트 경기
2858,운동 및 스포츠(최종 503).hwpx,운동 및 스포츠,325,Point guard (포인트 가드): [농구] 팀의 코트 위 사령관으로서 볼 운반과 공격 조율을 책임지는 1번 포지션
2859,운동 및 스포츠(최종 503).hwpx,운동 및 스포츠,326,Pole position (폴 포지션): [모터스포츠] 예선전에서 1위를 차지하여 본선 레이스에서 가장 맨 앞자리에서 출발하는 유리한 위치
2860,운동 및 스포츠(최종 503).hwpx,운동 및 스포츠,327,Pole Vault (장대높이뛰기): [육상] 긴 장대를 지렛대로 삼아 바(가로대)를 뛰어넘는 필드 경기
2861,운동 및 스포츠(최종 503).hwpx,운동 및 스포츠,328,Polo (폴로): [승마] 말을 타고 달리며 긴 스틱으로 나무 공을 쳐서 상대편 골대에 집어넣는 구기 경기
2862,운동 및 스포츠(최종 503).hwpx,운동 및 스포츠,329,"Pommel Horse (안마): [체조] 두 개의 손잡이(안초)가 있는 기구 위에서 팔의 힘만으로 몸을 지탱하고 다리를 교차, 회전시키는 남자 경기"
2863,운동 및 스포츠(최종 503).hwpx,운동 및 스포츠,330,Poomsae (품새): [태권도] 가상의 적을 상대로 방어와 공격 기술을 규정된 동작에 따라 연결하여 수련하는 틀
2864,운동 및 스포츠(최종 503).hwpx,운동 및 스포츠,331,"Post-season (포스트시즌): [야구/일반] 정규 시즌이 모두 끝난 뒤, 챔피언을 결정짓기 위해 상위 팀들끼리 벌이는 일련의 토너먼트 기간"
2865,운동 및 스포츠(최종 503).hwpx,운동 및 스포츠,332,Power Play (파워 플레이): [아이스하키] 상대팀 선수가 반칙으로 퇴장당하여 우리 팀이 수적 우위를 점한 상태에서 공격하는 상황
2866,운동 및 스포츠(최종 503).hwpx,운동 및 스포츠,333,Pressing (프레싱 / 압박): [축구/농구] 수비 시 상대 선수가 여유 있게 공을 다루지 못하도록 여러 명이 거칠게 밀착 방어하는 전술
2867,운동 및 스포츠(최종 503).hwpx,운동 및 스포츠,334,Professional (프로): [일반] 구단과 계약을 맺고 스포츠 경기를 직업으로 삼아 급여와 상금을 받는 직업 선수
2868,운동 및 스포츠(최종 503).hwpx,운동 및 스포츠,335,Promotion (승격): [축구] 리그제 대회에서 성적이 우수한 하부 리그의 팀이 다음 시즌에 상위 리그로 올라가는 것
2869,운동 및 스포츠(최종 503).hwpx,운동 및 스포츠,336,Puck (퍽): [아이스하키] 아이스하키에서 사용하는 검고 단단한 원판 형태의 공
2870,운동 및 스포츠(최종 503).hwpx,운동 및 스포츠,337,Pull-up (풀업 점프슛): [농구] 드리블로 수비를 돌파하다가 순간적으로 멈춰 서서 뛰어오르며 던지는 기습적인 슛
2871,운동 및 스포츠(최종 503).hwpx,운동 및 스포츠,338,Punch (펀치): [복싱] 주먹을 쥐고 상대를 타격하는 기술
2872,운동 및 스포츠(최종 503).hwpx,운동 및 스포츠,339,Putter (퍼터): [골프] 그린 위에서 공을 굴려 홀 컵에 넣기 위해 사용하는 클럽
2873,운동 및 스포츠(최종 503).hwpx,운동 및 스포츠,340,Quarter (쿼터): [농구/미식축구] 경기를 4개의 시간 단위로 나눈 것 중 하나 (예: 농구는 1쿼터당 10~12분)
2874,운동 및 스포츠(최종 503).hwpx,운동 및 스포츠,341,Quarterback (쿼터백): [미식축구] 공격팀의 리더로서 센터에게 공을 넘겨받아 패스를 뿌리거나 공격 작전을 지시하는 핵심 포지션
2875,운동 및 스포츠(최종 503).hwpx,운동 및 스포츠,342,Quarterfinal (8강전 / 준준결승): [일반] 토너먼트 대회에서 결승에 가기 위한 8개 팀이 벌이는 4개의 경기
2876,운동 및 스포츠(최종 503).hwpx,운동 및 스포츠,343,Quiver (화살통 / 퀴버): [양궁] 사수가 화살을 담아 허리나 등에 차는 통
2877,운동 및 스포츠(최종 503).hwpx,운동 및 스포츠,344,Racket (라켓): [테니스/배드민턴] 공이나 셔틀콕을 치기 위해 손에 쥐는 망이 쳐진 타구 기구
2878,운동 및 스포츠(최종 503).hwpx,운동 및 스포츠,345,Rally (랠리): [테니스/배구/탁구] 서브 이후 공이 땅에 떨어지지 않고 양 팀 간에 계속해서 공격과 수비가 오가는 상황 (또는 탁구/테니스의 공방)
2879,운동 및 스포츠(최종 503).hwpx,운동 및 스포츠,346,"RBI (Run Batted In, 타점): [야구] 타자가 안타, 희생플라이 등으로 루상의 주자를 홈으로 불러들여 얻어낸 점수"
2880,운동 및 스포츠(최종 503).hwpx,운동 및 스포츠,347,Rebound (리바운드): [농구] 골대에 튕겨 나온 공을 낚아채는 기술
2881,운동 및 스포츠(최종 503).hwpx,운동 및 스포츠,348,Receive (리시브): [배구/탁구] 상대방의 서브나 공격을 안정적으로 받아내는 수비 동작
2882,운동 및 스포츠(최종 503).hwpx,운동 및 스포츠,349,"Record (기록): [일반] 대회에서 선수가 달성한 최단 시간, 최고 득점, 최고 거리 등 역사적인 수치"
2883,운동 및 스포츠(최종 503).hwpx,운동 및 스포츠,350,Red card (레드카드): [축구 등] 매우 거친 반칙을 범한 선수에게 주심이 즉각적인 퇴장을 명령할 때 꺼내는 빨간색 카드
2884,운동 및 스포츠(최종 503).hwpx,운동 및 스포츠,351,Referee (주심 / 레프리): [일반] 경기장 내에서 최종적인 판정 권한을 가지고 규칙을 엄격하게 적용하는 최고 심판
2885,운동 및 스포츠(최종 503).hwpx,운동 및 스포츠,352,Regatta (레가타): [요트/조정] 물 위에서 정해진 코스를 돌아 순위를 겨루는 보트나 요트 경주 대회
2886,운동 및 스포츠(최종 503).hwpx,운동 및 스포츠,353,Relegation (강등): [축구] 정규 리그에서 최하위권 성적을 거둔 팀이 다음 시즌에 하부 리그로 떨어지는 제재
2887,운동 및 스포츠(최종 503).hwpx,운동 및 스포츠,354,Relay (릴레이/이어달리기): [육상/수영] 팀원들이 거리를 나누어 치르는 단체전
2888,운동 및 스포츠(최종 503).hwpx,운동 및 스포츠,355,Reserve (후보 선수): [일반] 선발 명단에서 제외되어 벤치에서 대기하다가 경기 중 교체 투입을 준비하는 선수
2889,운동 및 스포츠(최종 503).hwpx,운동 및 스포츠,356,Return (리턴): [테니스/탁구] 상대방이 서브로 넘긴 공을 재빨리 쳐서 상대 코트로 돌려보내는 첫 번째 반구
2890,운동 및 스포츠(최종 503).hwpx,운동 및 스포츠,357,"Rhythmic Gymnastics (리듬체조): [체조] 음악에 맞춰 후프, 리본, 볼, 곤봉 등의 수구를 활용하여 예술적인 춤과 체조를 선보이는 여자 종목"
2891,운동 및 스포츠(최종 503).hwpx,운동 및 스포츠,358,"Rider (라이더): [모터스포츠/승마/사이클] 자전거, 오토바이, 또는 말을 타고 경주를 펼치는 선수"
2892,운동 및 스포츠(최종 503).hwpx,운동 및 스포츠,359,Right wing (라이트윙 / 우측 공격수): [축구] 공격 라인의 오른쪽 측면을 전담하며 빠른 발로 크로스를 올리는 포지션
2893,운동 및 스포츠(최종 503).hwpx,운동 및 스포츠,360,Rings (링): [체조] 공중에 매달린 두 개의 고리를 잡고 팔과 코어의 힘으로 버티거나 회전하는 남자 체조 경기
2894,운동 및 스포츠(최종 503).hwpx,운동 및 스포츠,361,Rink (링크): [아이스하키/스케이팅] 얼음을 꽁꽁 얼려 만든 실내외 빙상 경기장
2895,운동 및 스포츠(최종 503).hwpx,운동 및 스포츠,362,Riposte (리포스트): [펜싱] 상대의 공격을 막아낸(파리) 직후에 즉각적으로 받아치는 반격
2896,운동 및 스포츠(최종 503).hwpx,운동 및 스포츠,363,Rookie (루키 / 신인): [일반] 프로 리그에 처음 데뷔하여 첫 번째 시즌을 치르고 있는 유망주 선수
2897,운동 및 스포츠(최종 503).hwpx,운동 및 스포츠,364,Rotation (로테이션): [배구] 서브권을 가져올 때마다 선수들이 시계 방향으로 한 자리씩 이동하는 규칙
2898,운동 및 스포츠(최종 503).hwpx,운동 및 스포츠,365,Rough (러프): [골프] 페어웨이 양옆에 잔디나 풀이 길게 자라 있어 공을 치기 어려운 구역
2899,운동 및 스포츠(최종 503).hwpx,운동 및 스포츠,366,"Round (라운드): [복싱/골프] 복싱에서 3분간 싸우고 1분 쉬는 경기의 단위, 또는 골프에서 18홀을 모두 도는 한 차례의 경기"
2900,운동 및 스포츠(최종 503).hwpx,운동 및 스포츠,367,Round of 16 (16강전): [일반] 16개 팀이나 선수가 맞붙어 승자가 8강에 진출하는 토너먼트 단계
2901,운동 및 스포츠(최종 503).hwpx,운동 및 스포츠,368,Rowing (조정): [수상] 좁고 긴 보트(에이트 등)에 탄 여러 명의 선수가 박자에 맞춰 노를 저어 스피드를 겨루는 경기
2902,운동 및 스포츠(최종 503).hwpx,운동 및 스포츠,369,Ruck (럭): [럭비] 공이 땅에 떨어져 있는 상태에서 양 팀 선수들이 공 위로 모여들어 발로 공을 다투는 상황
2903,운동 및 스포츠(최종 503).hwpx,운동 및 스포츠,370,Rugby (럭비): [구기] 보호 장비 없이 타원형 공을 안고 상대 진영을 돌파해 트라이를 찍는 영국 기원의 격렬한 스포츠
2904,운동 및 스포츠(최종 503).hwpx,운동 및 스포츠,371,Run (런 / 득점): [야구/크리켓] 주자가 홈플레이트를 밟아 획득하는 1점
2905,운동 및 스포츠(최종 503).hwpx,운동 및 스포츠,372,"Runner (주자): [야구/육상] 야구에서 루(베이스)에 나가 있는 선수, 또는 육상 경기에서 트랙을 달리는 선수"
2906,운동 및 스포츠(최종 503).hwpx,운동 및 스포츠,373,Sabre (사브르): [펜싱] 찌르기뿐만 아니라 베기도 허용되며 공격 속도가 가장 빠른 펜싱 세부 종목
2907,운동 및 스포츠(최종 503).hwpx,운동 및 스포츠,374,Sack (사크): [미식축구] 수비수가 상대팀의 쿼터백이 패스를 던지기 전에 태클하여 넘어뜨리는 치명적인 수비 기술
2908,운동 및 스포츠(최종 503).hwpx,운동 및 스포츠,375,"Safety (세이프티): [미식축구/야구] 미식축구에서 공격팀이 자기 진영 엔드존에서 태클당해 수비팀이 2점을 얻는 것, 또는 야구에서 주자가 아웃되지 않고 베이스에 안착한 상태"
2909,운동 및 스포츠(최종 503).hwpx,운동 및 스포츠,376,Salchow (살코): [피겨스케이팅] 뒤로 활주하다가 스케이트 날의 안쪽 엣지를 사용해 도약하는 점프 기술
2910,운동 및 스포츠(최종 503).hwpx,운동 및 스포츠,377,"Save (세이브): [축구/야구] 골키퍼가 슛을 막아내는 것, 또는 마무리 투수가 승리를 지켜내는 기록"
2911,운동 및 스포츠(최종 503).hwpx,운동 및 스포츠,378,Score (득점 / 점수): [일반] 경기 규정에 따라 획득한 포인트
2912,운동 및 스포츠(최종 503).hwpx,운동 및 스포츠,379,"Scoreboard (전광판): [일반] 경기장의 점수, 남은 시간, 선수 기록 등을 관중에게 보여주는 대형 화면"
2913,운동 및 스포츠(최종 503).hwpx,운동 및 스포츠,380,Scrimmage (스크리미지 / 연습 경기): [구기] 정식 경기가 아닌 팀 자체 청백전이나 타 팀과의 가벼운 연습 시합
2914,운동 및 스포츠(최종 503).hwpx,운동 및 스포츠,381,Scrum (스크럼): [럭비] 반칙 후 경기를 재개할 때 양 팀의 포워드들이 서로 어깨를 맞대고 밀어붙이며 공을 다투는 대형
2915,운동 및 스포츠(최종 503).hwpx,운동 및 스포츠,382,"Scull (스컬): [조정] 한 선수가 양손에 각각 하나씩, 총 두 개의 노를 젓는 방식의 경기"
2916,운동 및 스포츠(최종 503).hwpx,운동 및 스포츠,383,Season (시즌): [일반] 특정 스포츠의 정규 리그나 대회들이 시작해서 완전히 끝날 때까지의 공식적인 기간 (보통 1년 주기)
2917,운동 및 스포츠(최종 503).hwpx,운동 및 스포츠,384,Second base (2루): [야구] 내야 다이아몬드의 한가운데 위치한 베이스로 유격수와 2루수가 수비함
2918,운동 및 스포츠(최종 503).hwpx,운동 및 스포츠,385,Seed (시드 / 배정): [일반] 토너먼트 대회에서 강팀들이 초반에 탈락하지 않도록 미리 대진표를 분산 배정하는 특혜
2919,운동 및 스포츠(최종 503).hwpx,운동 및 스포츠,386,Serve (서브): [테니스/배구/탁구] 경기를 시작하기 위해 코트 뒤에서 공을 때려 상대편 코트로 넘기는 행위
2920,운동 및 스포츠(최종 503).hwpx,운동 및 스포츠,387,Set (세트 / 토스): [배구/야구] 스파이크 공격을 쉽게 할 수 있도록 공을 네트 위로 높이 올려주는 행위
2921,운동 및 스포츠(최종 503).hwpx,운동 및 스포츠,388,Set piece (세트피스): [축구] 프리킥이나 코너킥 상황에서 약속된 전술적 움직임으로 득점을 노리는 작전
2922,운동 및 스포츠(최종 503).hwpx,운동 및 스포츠,389,Shadow boxing (섀도 복싱): [복싱] 가상의 적을 앞에 두고 혼자서 스텝과 펀치 등 방어 및 공격 기술을 연습하는 훈련법
2923,운동 및 스포츠(최종 503).hwpx,운동 및 스포츠,390,Shakehand Grip (셰이크핸드 그립): [탁구] 악수하듯 라켓 손잡이를 움켜쥐는 서양식 그립 방식
2924,운동 및 스포츠(최종 503).hwpx,운동 및 스포츠,391,Shooting (슈팅): [축구/농구] 득점을 하기 위해 공을 차거나 던져서 골대를 향해 날려 보내는 것
2925,운동 및 스포츠(최종 503).hwpx,운동 및 스포츠,392,Shortstop (유격수): [야구] 2루와 3루 사이의 깊숙한 곳에서 수비하며 수비 부담이 가장 큰 내야의 핵심 포지션
2926,운동 및 스포츠(최종 503).hwpx,운동 및 스포츠,393,Shot Put (포환던지기): [육상] 무거운 금속 구를 목덜미에 붙였다가 폭발적으로 밀어 던지는 필드 경기
2927,운동 및 스포츠(최종 503).hwpx,운동 및 스포츠,394,Show Jumping (장애물 비약): [승마] 마장 내에 설치된 다양한 형태의 장애물을 정해진 순서와 시간 내에 뛰어넘는 경기
2928,운동 및 스포츠(최종 503).hwpx,운동 및 스포츠,395,Shutout (셧아웃 / 영봉승): [야구/아이스하키] 상대 팀에게 단 1점도 내주지 않고 완벽한 수비로 승리하는 경기
2929,운동 및 스포츠(최종 503).hwpx,운동 및 스포츠,396,Shuttlecock (셔틀콕): [배드민턴] 코르크에 거위 깃털을 꽂아 만든 가벼운 배드민턴용 공
2930,운동 및 스포츠(최종 503).hwpx,운동 및 스포츠,397,Skeleton (스켈레톤): [슬라이딩] 썰매에 엎드려 머리부터 내려오는 슬라이딩 경기
2931,운동 및 스포츠(최종 503).hwpx,운동 및 스포츠,398,"Skeet/Trap (스키트/트랩): [사격] 날아가는 클레이 타깃을 맞히는 산탄총 경기 (스키트는 양옆에서, 트랩은 전방에서 타깃이 날아감)"
2932,운동 및 스포츠(최종 503).hwpx,운동 및 스포츠,399,Skiing (스키): [동계] 긴 판을 발에 신고 눈 덮인 경사면을 미끄러지며 속도와 기술을 겨루는 겨울 스포츠
2933,운동 및 스포츠(최종 503).hwpx,운동 및 스포츠,400,"Skateboard (스케이트보드): [익스트림] 바퀴가 달린 널빤지에 올라타 트릭(점프, 회전)을 구사하는 도심형 스포츠"
2934,운동 및 스포츠(최종 503).hwpx,운동 및 스포츠,401,Slalom (회전): [알파인 스키/카누] 경사면(급류)에 꽂힌 좁은 간격의 기문(폴)들을 지그재그로 통과하며 내려오는 기술 경기
2935,운동 및 스포츠(최종 503).hwpx,운동 및 스포츠,402,Slam Dunk (슬램덩크): [농구] 점프하여 림 위에 공을 강력하게 꽂는 슛
2936,운동 및 스포츠(최종 503).hwpx,운동 및 스포츠,403,Slap Shot (슬랩 샷): [아이스하키] 스틱을 허리 이상 높이 들어 올렸다가 얼음을 강하게 때리면서 퍽을 날리는 강력한 슛
2937,운동 및 스포츠(최종 503).hwpx,운동 및 스포츠,404,Slider (슬라이더): [야구] 직구처럼 빠르게 날아오다가 타자 앞에서 좌우로 날카롭게 휘어지는 변화구
2938,운동 및 스포츠(최종 503).hwpx,운동 및 스포츠,405,Sliding (슬라이딩): [야구] 주자가 베이스에 도달할 때 태그를 피하고 속도를 줄이기 위해 몸을 던져 미끄러져 들어가는 기술
2939,운동 및 스포츠(최종 503).hwpx,운동 및 스포츠,406,Smash (스매시): [테니스/배드민턴/탁구/배구] 높이 떠오른 공을 머리 위에서 강하게 내리치는 결정적인 공격 타법
2940,운동 및 스포츠(최종 503).hwpx,운동 및 스포츠,407,Snatch (인상): [역도] 바벨을 한 번의 동작으로 바닥에서 머리 위까지 뻗어 올리는 경기
2941,운동 및 스포츠(최종 503).hwpx,운동 및 스포츠,408,Snowboard (스노보드): [동계] 두 발을 한 개의 넓은 보드에 고정하고 눈밭을 활강하며 묘기를 부리는 종목
2942,운동 및 스포츠(최종 503).hwpx,운동 및 스포츠,409,Soccer (축구): [구기] 손을 제외한 신체 부위로 공을 다루어 상대 골문에 넣어 득점하는 11인조 경기
2943,운동 및 스포츠(최종 503).hwpx,운동 및 스포츠,410,Softball (소프트볼): [구기] 야구와 비슷하지만 투수가 아래에서 위로 공을 던지고 크고 덜 딱딱한 공을 쓰는 종목
2944,운동 및 스포츠(최종 503).hwpx,운동 및 스포츠,411,Somersault (서머솔트 / 공중제비): [체조/다이빙] 체조나 다이빙 등에서 공중에서 몸을 한 바퀴 이상 둥글게 회전시키는 동작
2945,운동 및 스포츠(최종 503).hwpx,운동 및 스포츠,412,Southpaw (사우스포): [복싱/야구] 왼손잡이 투수나 복서를 일컫는 스포츠 은어
2946,운동 및 스포츠(최종 503).hwpx,운동 및 스포츠,413,Spike (스파이크): [배구] 네트 위로 떠오른 공을 상대편 코트로 강하게 내리치는 공격 기술
2947,운동 및 스포츠(최종 503).hwpx,운동 및 스포츠,414,Split (스플릿): [볼링] 첫 투구 후 핀들이 가운데가 뻥 뚫린 채 양옆으로 멀리 찢어져 남아 있어 스페어 처리가 매우 어려운 상태
2948,운동 및 스포츠(최종 503).hwpx,운동 및 스포츠,415,"Sponsor (스폰서): [일반] 구단이나 선수의 유니폼에 로고를 새기는 대가로 재정적, 물품적 지원을 해주는 기업"
2949,운동 및 스포츠(최종 503).hwpx,운동 및 스포츠,416,Sprint (단거리 경주): [육상/빙상] 짧은 거리를 전속력으로 달리는 경기
2950,운동 및 스포츠(최종 503).hwpx,운동 및 스포츠,417,Squash (스쿼시): [라켓] 사방이 막힌 실내 코트에서 벽을 향해 번갈아 가며 고무공을 세게 치는 스포츠
2951,운동 및 스포츠(최종 503).hwpx,운동 및 스포츠,418,Stadium (스타디움 / 경기장): [일반] 육상 트랙이 깔려 있거나 대규모 관중석이 설치된 거대한 종합 체육 시설
2952,운동 및 스포츠(최종 503).hwpx,운동 및 스포츠,419,"Standing (스탠딩 / 순위표): [일반] 정규 리그에서 팀들의 승패, 득실차에 따라 매겨진 현재의 순위표"
2953,운동 및 스포츠(최종 503).hwpx,운동 및 스포츠,420,"Starter (선발 투수 / 출발 심판): [야구/육상] 경기에 가장 먼저 나서는 주전 투수, 또는 육상 경기에서 출발 총성을 울리는 심판"
2954,운동 및 스포츠(최종 503).hwpx,운동 및 스포츠,421,Steal (스틸 / 가로채기): [농구/야구] 수비수가 공격수의 공을 합법적으로 빼앗거나 야구에서 투구 중 다음 루로 뛰는 기술
2955,운동 및 스포츠(최종 503).hwpx,운동 및 스포츠,422,Steeplechase (장애물 달리기 / 스티플체이스): [육상] 육상 트랙 위에 설치된 허들과 웅덩이(물)를 뛰어넘으며 달리는 중장거리 경기
2956,운동 및 스포츠(최종 503).hwpx,운동 및 스포츠,423,Stick (스틱): [아이스하키/필드하키] 퍽이나 공을 치고 패스하기 위해 선수가 사용하는 끝이 굽은 막대
2957,운동 및 스포츠(최종 503).hwpx,운동 및 스포츠,424,Stolen Base (도루): [야구] 주자가 투수의 투구 동작 중에 다음 루(베이스)로 재빨리 달려가 안착하는 기술
2958,운동 및 스포츠(최종 503).hwpx,운동 및 스포츠,425,Stone (스톤): [컬링] 화강암으로 만들어져 얼음 위를 미끄러지게 던지는 원반 형태의 둥근 돌
2959,운동 및 스포츠(최종 503).hwpx,운동 및 스포츠,426,"Stopper (스토퍼 / 마무리 투수): [야구/축구] 경기 후반에 등판하여 팀의 승리를 지키는 구원 투수, 혹은 대인 마크가 뛰어난 중앙 수비수"
2960,운동 및 스포츠(최종 503).hwpx,운동 및 스포츠,427,"Strike (스트라이크): [야구/볼링] 투수가 던진 공이 스트라이크 존을 통과하거나 헛스윙했을 때 주어지는 판정, 또는 볼링에서 10개의 핀을 한 번에 다 쓰러뜨린 것"
2961,운동 및 스포츠(최종 503).hwpx,운동 및 스포츠,428,Strikeout (삼진 아웃): [야구] 타자가 세 번의 스트라이크 판정을 받아 타석에서 아웃되는 것
2962,운동 및 스포츠(최종 503).hwpx,운동 및 스포츠,429,Striker (스트라이커): [축구] 최전방에서 골을 넣는 임무를 전담하는 가장 파괴력 있는 공격수
2963,운동 및 스포츠(최종 503).hwpx,운동 및 스포츠,430,"Stroke (스트로크): [수영/테니스/조정] 수영에서 팔을 한 번 젓는 동작, 라켓으로 공을 치는 타격, 조정을 젓는 동작의 단위"
2964,운동 및 스포츠(최종 503).hwpx,운동 및 스포츠,431,Submission (서브미션): [격투기] 상대방의 관절을 꺾거나 목을 졸라 고통이나 질식으로 기권(탭아웃)을 받아내는 기술
2965,운동 및 스포츠(최종 503).hwpx,운동 및 스포츠,432,Substitute (교체 선수 / 서브): [일반] 선발로 출전하지 못했으나 경기 중 지친 주전 선수를 대신하여 투입되는 선수
2966,운동 및 스포츠(최종 503).hwpx,운동 및 스포츠,433,Super G (슈퍼대회전): [스키] 알파인 스키 종목 중 활강의 빠른 속도와 대회전의 턴 기술을 결합한 경주
2967,운동 및 스포츠(최종 503).hwpx,운동 및 스포츠,434,Surfing (서핑): [수상] 파도가 밀려오는 해변에서 서프보드 위에 올라타 균형을 잡으며 파도를 타는 해양 스포츠
2968,운동 및 스포츠(최종 503).hwpx,운동 및 스포츠,435,Sweeper (스위퍼): [축구] 다른 수비수들보다 약간 뒤에 위치하여 뚫린 공간을 최종적으로 '쓸어내는(sweep)' 프리롤 수비수
2969,운동 및 스포츠(최종 503).hwpx,운동 및 스포츠,436,"Swimming (수영): [수상] 물속에서 자유형, 평영, 배영, 접영 등의 영법을 사용해 속도를 겨루는 스포츠"
2970,운동 및 스포츠(최종 503).hwpx,운동 및 스포츠,437,Swing (스윙): [골프/야구] 공을 맞히기 위해 클럽이나 배트를 힘껏 휘두르는 궤적과 동작
2971,운동 및 스포츠(최종 503).hwpx,운동 및 스포츠,438,Synchronized swimming (싱크로나이즈드 스위밍): [수영] 아티스틱 스위밍의 옛 명칭
2972,운동 및 스포츠(최종 503).hwpx,운동 및 스포츠,439,Table Tennis (탁구): [라켓] 중앙에 네트가 쳐진 테이블 위에서 작은 라켓으로 속이 빈 가벼운 공을 주고받는 경기
2973,운동 및 스포츠(최종 503).hwpx,운동 및 스포츠,440,Taekwondo (태권도): [투기] 빠르고 강력한 발차기 기술을 주무기로 하는 대한민국 고유의 전통 무술이자 올림픽 정식 종목
2974,운동 및 스포츠(최종 503).hwpx,운동 및 스포츠,441,Tackle (태클): [축구/럭비] 상대 선수의 공을 빼앗거나 공격을 지연시키기 위해 발이나 몸을 쓰는 수비 동작
2975,운동 및 스포츠(최종 503).hwpx,운동 및 스포츠,442,"Tactic (전술): [일반] 경기에서 상대를 이기기 위해 선수들의 배치, 포메이션, 공격/수비 방식을 세부적으로 계획한 방법"
2976,운동 및 스포츠(최종 503).hwpx,운동 및 스포츠,443,Takedown (테이크다운): [레슬링/격투기] 서 있는 상대를 다리를 걸거나 안아서 매트 바닥으로 넘어뜨리는 기술
2977,운동 및 스포츠(최종 503).hwpx,운동 및 스포츠,444,Target (타깃 / 과녁): [사격/양궁] 총이나 활을 쏘아 맞혀야 하는 중심원이 그려진 과녁
2978,운동 및 스포츠(최종 503).hwpx,운동 및 스포츠,445,Team (팀): [일반] 공동의 승리라는 목표를 달성하기 위해 코치진과 선수들이 하나로 조직된 집단
2979,운동 및 스포츠(최종 503).hwpx,운동 및 스포츠,446,Technical foul (테크니컬 파울): [농구] 신체 접촉 없이 심판 판정에 거칠게 항의하거나 비신사적인 언행을 했을 때 주어지는 경고성 파울
2980,운동 및 스포츠(최종 503).hwpx,운동 및 스포츠,447,Tee (티): [골프] 홀의 첫 번째 샷(티샷)을 날릴 때 공을 올려놓기 위해 잔디에 꽂는 작은 나무나 플라스틱 못
2981,운동 및 스포츠(최종 503).hwpx,운동 및 스포츠,448,Tennis (테니스): [라켓] 네트를 사이에 두고 라켓으로 펠트가 덮인 고무공을 쳐서 넘겨 득점을 겨루는 스포츠
2982,운동 및 스포츠(최종 503).hwpx,운동 및 스포츠,449,Third base (3루): [야구] 홈으로 들어오기 직전의 마지막 베이스로 강한 타구가 많이 날아와 수비 순발력이 필요한 위치
2983,운동 및 스포츠(최종 503).hwpx,운동 및 스포츠,450,Three-pointer (3점 슛): [농구] 림에서 멀리 떨어진 반원 형태의 3점 라인 바깥에서 던져 성공시킨 슛
2984,운동 및 스포츠(최종 503).hwpx,운동 및 스포츠,451,"Throw-in (스로인): [축구] 공이 터치라인(사이드라인) 밖으로 나갔을 때, 마지막에 맞지 않은 팀의 선수가 두 손으로 공을 던져 경기를 재개하는 것"
2985,운동 및 스포츠(최종 503).hwpx,운동 및 스포츠,452,Tie (동점 / 무승부): [일반] 경기 종료 시 양 팀의 점수가 완전히 같아 승패를 가리지 못한 상태
2986,운동 및 스포츠(최종 503).hwpx,운동 및 스포츠,453,Tiebreaker (타이브레이커): [테니스/일반] 세트 스코어가 6:6 동점일 때 7점을 먼저 따내는 쪽이 세트를 가져가는 단판 승부 제도
2987,운동 및 스포츠(최종 503).hwpx,운동 및 스포츠,454,Time-out (타임아웃): [구기] 작전을 지시하거나 선수들의 흐름을 끊기 위해 감독이 심판에게 요청하여 경기를 일시 정지시키는 시간
2988,운동 및 스포츠(최종 503).hwpx,운동 및 스포츠,455,Topspin (톱스핀): [테니스/탁구] 공의 윗부분을 문질러 쳐서 공이 앞으로 강하게 회전하며 뚝 떨어지게 만드는 타법
2989,운동 및 스포츠(최종 503).hwpx,운동 및 스포츠,456,"Toss (토스): [배구/야구] 배구에서 스파이크를 때리기 좋게 공을 올려주는 것, 또는 동전 던지기로 공격권을 정하는 것"
2990,운동 및 스포츠(최종 503).hwpx,운동 및 스포츠,457,Touchdown (터치다운): [미식축구] 공을 들고 상대 진영의 엔드존(골라인)을 완전히 통과하여 6점을 획득하는 최고의 플레이
2991,운동 및 스포츠(최종 503).hwpx,운동 및 스포츠,458,Tour (투어): [골프/테니스] 프로 선수들이 한 해 동안 세계 각지를 돌며 참가하는 연속적인 공식 대회 일정
2992,운동 및 스포츠(최종 503).hwpx,운동 및 스포츠,459,Tournament (토너먼트): [일반] 패배한 팀은 즉시 탈락하고 승자끼리 계속 맞붙어 마지막 한 명(팀)의 우승자를 가리는 경기 방식
2993,운동 및 스포츠(최종 503).hwpx,운동 및 스포츠,460,Track (트랙): [육상] 달리기 경주를 위해 우레탄 등으로 평탄하게 포장된 타원형의 경기장 주로
2994,운동 및 스포츠(최종 503).hwpx,운동 및 스포츠,461,Track and Field (육상 경기): [육상] 트랙에서 달리는 종목과 필드에서 뛰고 던지는 종목을 통틀어 이르는 영어 표현
2995,운동 및 스포츠(최종 503).hwpx,운동 및 스포츠,462,Transfer (이적): [축구/프로스포츠] 선수가 계약 기간 중이나 만료 시 이적료를 발생시키며 다른 구단으로 소속을 옮기는 것
2996,운동 및 스포츠(최종 503).hwpx,운동 및 스포츠,463,"Trap (트랩/트래핑): [축구/사격] 날아오는 축구공을 가슴이나 발로 부드럽게 받아 통제하는 기술, 혹은 산탄총 사격의 한 종목"
2997,운동 및 스포츠(최종 503).hwpx,운동 및 스포츠,464,"Triathlon (트라이애슬론 / 철인 3종 경기): [복합] 수영, 사이클, 마라톤 세 종목을 휴식 없이 연달아 실시하여 극한의 인내력을 겨루는 종목"
2998,운동 및 스포츠(최종 503).hwpx,운동 및 스포츠,465,"Triple Crown (트리플 크라운): [야구/일반] 한 시즌에 타율, 홈런, 타점 등 주요 3개 부문에서 모두 1위를 석권하는 대기록"
2999,운동 및 스포츠(최종 503).hwpx,운동 및 스포츠,466,"Triple-Double (트리플 더블): [농구] 농구에서 득점, 리바운드, 어시스트, 스틸, 블록 중 세 가지 부문에서 두 자릿수를 기록하는 대기록"
3000,운동 및 스포츠(최종 503).hwpx,운동 및 스포츠,467,Triple Jump (세단뛰기): [육상] 도움닫기 후 '홉-스텝-점프'의 3단계를 거쳐 가장 멀리 뛰는 필드 경기
3001,운동 및 스포츠(최종 503).hwpx,운동 및 스포츠,468,Trophy (트로피): [일반] 대회 우승자에게 명예의 상징으로 수여하는 금속이나 크리스털 재질의 컵이나 조각상
3002,운동 및 스포츠(최종 503).hwpx,운동 및 스포츠,469,Turnover (턴오버 / 실책): [농구/미식축구] 공격팀이 실수나 반칙으로 인해 슛을 쏴보지도 못하고 수비팀에게 공격권을 넘겨주는 것
3003,운동 및 스포츠(최종 503).hwpx,운동 및 스포츠,470,Two-pointer (2점 슛): [농구] 3점 라인 안쪽의 일반적인 필드골 구역에서 던져 성공시킨 슛
3004,운동 및 스포츠(최종 503).hwpx,운동 및 스포츠,471,Umpire (심판 / 구심): [야구/테니스] 야구에서 포수 뒤에 서서 스트라이크와 볼을 판정하거나 테니스 체어에 앉아 주관하는 심판
3005,운동 및 스포츠(최종 503).hwpx,운동 및 스포츠,472,Underdog (언더독): [일반] 스포츠 경기에서 우승 확률이 낮거나 전력이 객관적으로 열세에 있는 선수나 팀
3006,운동 및 스포츠(최종 503).hwpx,운동 및 스포츠,473,"Underhand (언더핸드): [야구/배구] 야구에서 투수가 허리 아래로 팔을 뻗어 공을 던지는 폼, 또는 배구에서 공을 아래에서 위로 받아 올리는 리시브 동작"
3007,운동 및 스포츠(최종 503).hwpx,운동 및 스포츠,474,Uniform (유니폼): [일반] 같은 팀 선수들이 소속감을 나타내기 위해 규정에 맞춰 동일하게 입는 공식 경기복
3008,운동 및 스포츠(최종 503).hwpx,운동 및 스포츠,475,Uppercut (어퍼컷): [복싱] 팔꿈치를 굽힌 상태에서 상대의 턱이나 복부를 아래에서 위로 강하게 쳐올리는 펀치
3009,운동 및 스포츠(최종 503).hwpx,운동 및 스포츠,476,Upset (업셋 / 이변): [일반] 객관적인 전력이 훨씬 약한 언더독 팀이 강력한 우승 후보를 꺾는 예상 밖의 승리
3010,운동 및 스포츠(최종 503).hwpx,운동 및 스포츠,477,"VAR (Video Assistant Referee, 비디오 판독 시스템): [축구 등] 경기장 곳곳의 카메라 영상을 통해 주심의 판정을 돕는 시스템"
3011,운동 및 스포츠(최종 503).hwpx,운동 및 스포츠,478,Vault (도마): [체조] 뜀틀을 짚고 도약하여 공중에서 회전이나 묘기를 보여준 뒤 착지하는 체조 경기
3012,운동 및 스포츠(최종 503).hwpx,운동 및 스포츠,479,Velodrome (벨로드롬): [사이클] 원심력을 극복하기 위해 곡선 구간의 바닥이 비탈지게 설계된 트랙 사이클 전용 경기장
3013,운동 및 스포츠(최종 503).hwpx,운동 및 스포츠,480,Veteran (베테랑): [일반] 오랫동안 프로 리그에서 활동하여 경험이 풍부하고 노련한 고참 선수
3014,운동 및 스포츠(최종 503).hwpx,운동 및 스포츠,481,Victory (빅토리 / 승리): [일반] 경기나 대회에서 상대를 꺾고 이기는 것
3015,운동 및 스포츠(최종 503).hwpx,운동 및 스포츠,482,Volley (발리): [테니스/축구] 공이 코트 바닥에 바운드되기 전에 공중에서 직접 쳐넘기는 공격 기술
3016,운동 및 스포츠(최종 503).hwpx,운동 및 스포츠,483,Volleyball (배구): [구기] 중앙의 네트를 사이에 두고 공을 바닥에 떨어뜨리지 않게 손으로 쳐서 넘기는 6인조 경기
3017,운동 및 스포츠(최종 503).hwpx,운동 및 스포츠,484,V-style (V자 자세): [스키점프] 공중을 비행할 때 양쪽 스키의 앞부분을 벌려 V자 형태로 만들어 양력을 극대화하는 비행 기술
3018,운동 및 스포츠(최종 503).hwpx,운동 및 스포츠,485,Walk / Base on balls (볼넷): [야구] 투수가 스트라이크 존을 벗어나는 공 4개를 던져 타자가 1루로 안전하게 걸어 나가는 것
3019,운동 및 스포츠(최종 503).hwpx,운동 및 스포츠,486,Warm-up (워밍업 / 준비운동): [일반] 본격적인 경기나 훈련 전에 부상을 방지하고 심박수를 올리기 위해 실시하는 가벼운 운동
3020,운동 및 스포츠(최종 503).hwpx,운동 및 스포츠,487,Water polo (수구): [수상] 물에 떠서 헤엄치며 한 손으로 공을 패스해 상대편 골대에 던져 넣는 7인조 수중 구기 종목
3021,운동 및 스포츠(최종 503).hwpx,운동 및 스포츠,488,Wave (파도 타기 응원): [일반] 관중석의 팬들이 순서대로 일어났다 앉으며 경기장 전체에 물결치는 모습을 연출하는 응원
3022,운동 및 스포츠(최종 503).hwpx,운동 및 스포츠,489,Waza-ari (절반): [유도] 한판에 미치지 못하지만 기술이 훌륭하게 들어갔을 때 주어지는 득점 (절반 두 개면 한판승)
3023,운동 및 스포츠(최종 503).hwpx,운동 및 스포츠,490,Weight class (체급): [격투기/역도] 공정한 경기를 위해 선수들의 체중을 기준으로 일정한 범위로 나눈 등급
3024,운동 및 스포츠(최종 503).hwpx,운동 및 스포츠,491,Weightlifting (역도): [일반] 무거운 바벨을 두 손으로 머리 위까지 들어 올려 그 무게를 겨루는 스포츠
3025,운동 및 스포츠(최종 503).hwpx,운동 및 스포츠,492,Welterweight (웰터급): [격투기] 라이트급보다는 무겁고 미들급보다는 가벼운 중간 체급
3026,운동 및 스포츠(최종 503).hwpx,운동 및 스포츠,493,Wicket (위켓): [크리켓] 투수가 공을 던져 쓰러뜨려야 하는 3개의 막대기로 이루어진 구조물
3027,운동 및 스포츠(최종 503).hwpx,운동 및 스포츠,494,"Wildcard (와일드카드): [일반] 자격을 갖추지 못했으나 주최 측의 특별 초청으로 출전권을 얻은 선수나, 하위 팀에게 주어지는 막바지 포스트시즌 진출권"
3028,운동 및 스포츠(최종 503).hwpx,운동 및 스포츠,495,Winger (윙어 / 날개 공격수): [축구] 공격진의 좌우 측면 터치라인 부근에 넓게 벌려 서서 빠른 돌파를 시도하는 선수
3029,운동 및 스포츠(최종 503).hwpx,운동 및 스포츠,496,Winter Olympics (동계 올림픽): [일반] 4년마다 겨울철에 열리며 빙상과 설상 종목만을 모아 치르는 지구촌 최대의 겨울 스포츠 축제
3030,운동 및 스포츠(최종 503).hwpx,운동 및 스포츠,497,World Cup (월드컵): [축구] 국제축구연맹(FIFA) 주관으로 4년마다 열리는 단일 종목 세계 최대 규모의 국가 대항 축구 대회
3031,운동 및 스포츠(최종 503).hwpx,운동 및 스포츠,498,World Record / WR (세계 신기록): [일반] 전 세계 스포츠 역사상 공식적으로 인정된 해당 종목의 가장 우수한 성적
3032,운동 및 스포츠(최종 503).hwpx,운동 및 스포츠,499,Wrestling (레슬링): [투기] 타격을 금지하고 상대를 잡고 넘기거나 매트에 눕혀 어깨를 닿게 하여 승리하는 격투기
3033,운동 및 스포츠(최종 503).hwpx,운동 및 스포츠,500,"X-Games (엑스 게임): [익스트림] 스케이트보드, BMX, 모토크로스 등 극한의 묘기와 스릴을 즐기는 익스트림 스포츠 종합 대회"
3034,운동 및 스포츠(최종 503).hwpx,운동 및 스포츠,501,Yard (야드): [미식축구/골프] 미식축구와 골프 등에서 거리를 재는 주요 단위 (1야드 = 약 0.914미터)
3035,운동 및 스포츠(최종 503).hwpx,운동 및 스포츠,502,Yellow card (옐로카드 / 경고): [축구] 거친 파울이나 비신사적 행위를 한 선수에게 주심이 들어 보이는 경고성 노란색 카드 (2누적 시 퇴장)
3036,운동 및 스포츠(최종 503).hwpx,운동 및 스포츠,503,Yuko (유효): [유도] 과거 유도 규칙에서 절반에 미치지 못하는 공격 포인트 (현재는 절반과 한판으로 축소 통합됨)
3037,운동 및 스포츠(최종 503).hwpx,운동 및 스포츠,504,"Zone Defense (지역 방어): [농구/축구] 수비수들이 상대 선수를 1대1로 막지 않고, 각자 정해진 구역을 책임지는 수비 전술"
3038,정치 국제정치 및 관계(최종 530).hwpx,정치 국제정치 및 관계,1,"정치 국제정치 및 관계(정치, 외교, 안보, 국제 관계) 분야 530개"
3039,정치 국제정치 및 관계(최종 530).hwpx,정치 국제정치 및 관계,2,Absolute Monarchy(절대군주제): 군주가 헌법이나 의회의 제약 없이 무제한의 권력을 행사하는 정치 체제
3040,정치 국제정치 및 관계(최종 530).hwpx,정치 국제정치 및 관계,3,Absolutism(절대주의): 국가의 통치권이 헌법이나 의회에 의해 제한받지 않고 오로지 통치자 1인에게 집중되는 정치 사상
3041,정치 국제정치 및 관계(최종 530).hwpx,정치 국제정치 및 관계,4,Accession(가입/조약 가입): 국가가 이미 체결되어 효력을 발생하고 있는 다자간 조약에 뒤늦게 당사국으로 참여하는 법적 행위
3042,정치 국제정치 및 관계(최종 530).hwpx,정치 국제정치 및 관계,5,Accountability(책임성): 공직자나 정부가 자신의 결정과 행동에 대해 국민에게 책임을 지는 것
3043,정치 국제정치 및 관계(최종 530).hwpx,정치 국제정치 및 관계,6,"Act of State(국가 행위): 주권 국가가 자국의 영토 내에서 공권력을 행사하는 행위로, 타국 법원이 이를 재판할 수 없다는 원칙"
3044,정치 국제정치 및 관계(최종 530).hwpx,정치 국제정치 및 관계,7,"Activism(행동주의): 정치적, 사회적 목표를 달성하기 위해 적극적인 행동을 취하는 태도"
3045,정치 국제정치 및 관계(최종 530).hwpx,정치 국제정치 및 관계,8,Ad Hoc(애드혹 / 임시의): 특정한 목적이나 당면한 문제만을 해결하기 위해 임시로 조직되거나 마련된 조치 (예: 특별 위원회)
3046,정치 국제정치 및 관계(최종 530).hwpx,정치 국제정치 및 관계,9,"ADIZ(Air Defense Identification Zone, 방공식별구역): 국가 안보를 위해 자국 영공에 접근하는 항공기를 조기에 식별·통제하기 위해 임의로 선포하는 공역"
3047,정치 국제정치 및 관계(최종 530).hwpx,정치 국제정치 및 관계,10,"Affirmative Action(소수집단 우대 정책): 인종, 성별 등에 따른 과거의 차별을 보상하기 위해 취업이나 대학 입학 등에서 소수자를 우대하는 정책"
3048,정치 국제정치 및 관계(최종 530).hwpx,정치 국제정치 및 관계,11,"African Union(아프리카 연합, AU): 아프리카 대륙 국가들의 정치적, 경제적 통합과 분쟁 해결을 목적으로 결성된 지역 연합 기구"
3049,정치 국제정치 및 관계(최종 530).hwpx,정치 국제정치 및 관계,12,Aggression(침략): 한 국가가 다른 국가의 주권이나 영토 보전에 반하여 무력을 사용하는 행위
3050,정치 국제정치 및 관계(최종 530).hwpx,정치 국제정치 및 관계,13,Agrement(아그레망): 새로운 외교 사절을 파견할 때 상대국에게 미리 얻어야 하는 동의
3051,정치 국제정치 및 관계(최종 530).hwpx,정치 국제정치 및 관계,14,Aide-mémoire(아메무아르 / 각서): 외교 교섭에서 구두로 논의된 사항을 명확히 하고 기록으로 남기기 위해 전달하는 비공식 문서
3052,정치 국제정치 및 관계(최종 530).hwpx,정치 국제정치 및 관계,15,Alliance(동맹): 두 개 이상의 국가가 안보나 공동의 이익을 위해 맺는 공식적인 협정
3053,정치 국제정치 및 관계(최종 530).hwpx,정치 국제정치 및 관계,16,Ambassador(대사): 한 국가를 대표하여 다른 국가에 파견되는 최고 계급의 외교관
3054,정치 국제정치 및 관계(최종 530).hwpx,정치 국제정치 및 관계,17,"Amendment(수정안): 헌법이나 법률의 내용을 추가, 삭제, 또는 변경하는 제안"
3055,정치 국제정치 및 관계(최종 530).hwpx,정치 국제정치 및 관계,18,"America First(자국 우선주의): 국제 협력보다 자국의 경제적, 정치적 이익을 최우선시함"
3056,정치 국제정치 및 관계(최종 530).hwpx,정치 국제정치 및 관계,19,"Amnesty International(국제앰네스티): 전 세계의 인권 침해를 감시하고 양심수 석방, 사형제 폐지 등을 옹호하는 국제 비정부 기구(NGO)"
3057,정치 국제정치 및 관계(최종 530).hwpx,정치 국제정치 및 관계,20,Amnesty(사면): 국가 원수의 특권으로 형벌을 면제하거나 복권시키는 조치
3058,정치 국제정치 및 관계(최종 530).hwpx,정치 국제정치 및 관계,21,Anarchism(무정부주의): 모든 형태의 강제적 국가 권력을 부정하고 개인의 자유를 극대화하려는 사상
3059,정치 국제정치 및 관계(최종 530).hwpx,정치 국제정치 및 관계,22,Anarchy(무정부 상태): 국제정치학에서 국가들을 통제할 세계 정부나 최고의 권위체가 존재하지 않는 무질서 및 권력 공백 상태
3060,정치 국제정치 및 관계(최종 530).hwpx,정치 국제정치 및 관계,23,Annexation(합병/병합): 한 국가가 다른 국가의 영토 전부나 일부를 강제로 자국 영토로 편입시키는 행위
3061,정치 국제정치 및 관계(최종 530).hwpx,정치 국제정치 및 관계,24,"Anti-Ballistic Missile Treaty(ABM 조약, 탄도탄 요격 미사일 조약): 냉전 시기 미국과 소련이 상호확증파괴(MAD)를 유지하기 위해 미사일 방어 시스템의 배치를 제한한 조약"
3062,정치 국제정치 및 관계(최종 530).hwpx,정치 국제정치 및 관계,25,"Anti-Semitism(반유대주의): 유대인에 대한 역사적, 종교적, 인종적 편견과 적대감"
3063,정치 국제정치 및 관계(최종 530).hwpx,정치 국제정치 및 관계,26,Apartheid(아파르트헤이트): 과거 남아프리카공화국에서 백인 소수 정권이 흑인 등 비백인을 억압하기 위해 실시했던 극단적인 인종 차별 및 격리 정책
3064,정치 국제정치 및 관계(최종 530).hwpx,정치 국제정치 및 관계,27,Appeasement(유화 정책): 분쟁을 피하기 위해 침략 국가의 무리한 요구를 양보하고 수용하는 외교 정책
3065,정치 국제정치 및 관계(최종 530).hwpx,정치 국제정치 및 관계,28,Approval rating(지지율): 여론조사 응답자 중 정치인이나 정당의 지지를 표명하는 비율
3066,정치 국제정치 및 관계(최종 530).hwpx,정치 국제정치 및 관계,29,Arbitration(중재): 분쟁 당사자들이 제3자(중재인)의 판정에 승복하기로 합의하여 문제를 해결하는 방식
3067,정치 국제정치 및 관계(최종 530).hwpx,정치 국제정치 및 관계,30,Aristocracy(귀족정): 소수의 특권 계급이나 귀족이 정치 권력을 독점하는 체제
3068,정치 국제정치 및 관계(최종 530).hwpx,정치 국제정치 및 관계,31,"Arms Control(군비 통제): 국가 간의 협상을 통해 무기의 개발, 생산, 배치를 제한하는 조치"
3069,정치 국제정치 및 관계(최종 530).hwpx,정치 국제정치 및 관계,32,Arms Embargo(무기 금수 조치): 분쟁 국가나 인권 탄압 국가에 무기와 군사 장비의 수출 및 이전을 금지하는 국제적 제재
3070,정치 국제정치 및 관계(최종 530).hwpx,정치 국제정치 및 관계,33,Arms Race(군비 경쟁): 적대적인 국가들이 군사적 우위를 차지하기 위해 무기와 병력을 경쟁적으로 증강하는 현상
3071,정치 국제정치 및 관계(최종 530).hwpx,정치 국제정치 및 관계,34,"ASEAN(Association of Southeast Asian Nations, 동남아시아국가연합): 동남아시아 10개국의 정치, 경제, 문화적 협력을 위한 국제기구"
3072,정치 국제정치 및 관계(최종 530).hwpx,정치 국제정치 및 관계,35,Asymmetric Warfare(비대칭전): 군사력의 규모나 무기 체계가 현저히 차이 나는 국가나 집단 간의 전쟁 (예: 정규군과 테러리스트 간의 전쟁)
3073,정치 국제정치 및 관계(최종 530).hwpx,정치 국제정치 및 관계,36,"Asylum(망명): 정치적, 종교적 박해를 피해 다른 나라로 도피하여 보호를 요청하는 행위"
3074,정치 국제정치 및 관계(최종 530).hwpx,정치 국제정치 및 관계,37,"Attache(주재관 / 무관): 대사관이나 영사관에 파견되어 군사, 경제, 문화 등 특정 전문 분야의 외교 업무를 담당하는 관료"
3075,정치 국제정치 및 관계(최종 530).hwpx,정치 국제정치 및 관계,38,Autarky(자급자족 경제): 국제 무역을 배제하고 자국 내에서 모든 경제적 필요를 충족하려는 폐쇄 체제
3076,정치 국제정치 및 관계(최종 530).hwpx,정치 국제정치 및 관계,39,Authoritarianism(권위주의): 개인의 자유보다 국가나 통치자의 권위를 우선시하는 체제
3077,정치 국제정치 및 관계(최종 530).hwpx,정치 국제정치 및 관계,40,Autocracy(독재[전제]정치): 한 사람이나 소수 집단이 헌법적 제한 없이 절대적인 권력을 행사하는 정치 체제
3078,정치 국제정치 및 관계(최종 530).hwpx,정치 국제정치 및 관계,41,Autonomy(자치): 특정 지역이나 집단이 외부의 간섭 없이 스스로를 다스릴 수 있는 권리
3079,정치 국제정치 및 관계(최종 530).hwpx,정치 국제정치 및 관계,42,Axis of Evil(악의 축): 대량 살상 무기를 개발하고 테러를 지원하여 세계 평화를 위협하는 국가들을 지칭하는 용어
3080,정치 국제정치 및 관계(최종 530).hwpx,정치 국제정치 및 관계,43,Ayatollah(아야톨라): 이란 회교 시아파의 최고 종교 지도자 칭호
3081,정치 국제정치 및 관계(최종 530).hwpx,정치 국제정치 및 관계,44,Backbencher(평의원): 영국 의회 등에서 정부 직책이나 야당의 예비 내각 직책을 맡지 않은 일반 국회의원 (주로 뒷자리에 앉음)
3082,정치 국제정치 및 관계(최종 530).hwpx,정치 국제정치 및 관계,45,"Backchannel(백채널 / 비공식 경로): 정부 간의 공식적인 외교 창구를 통하지 않고, 특사나 정보기관 등을 통해 비밀리에 진행하는 협상 경로"
3083,정치 국제정치 및 관계(최종 530).hwpx,정치 국제정치 및 관계,46,Balance of Power(세력 균형): 여러 국가의 힘이 팽팽하여 어느 한쪽도 침략하지 못하는 상태
3084,정치 국제정치 및 관계(최종 530).hwpx,정치 국제정치 및 관계,47,Balance of Terror(공포의 균형): 냉전 시기 미국과 소련 양국이 서로를 파괴할 수 있는 핵무기를 보유함으로써 전쟁이 억제되는 아슬아슬한 상태
3085,정치 국제정치 및 관계(최종 530).hwpx,정치 국제정치 및 관계,48,Balkanization(발칸화): 하나의 국가나 지역이 서로 적대적인 여러 개의 작은 국가나 세력으로 잘게 쪼개지는 현상
3086,정치 국제정치 및 관계(최종 530).hwpx,정치 국제정치 및 관계,49,Ballistic Missile(탄도 미사일): 로켓 추진력으로 대기권 밖으로 쏘아 올려진 후 중력에 의해 포물선 궤도를 그리며 목표물에 자유 낙하하는 장거리 미사일
3087,정치 국제정치 및 관계(최종 530).hwpx,정치 국제정치 및 관계,50,Ballot(투표용지/투표): 선거에서 유권자가 지지하는 후보나 정당을 기표하는 행위나 종이
3088,정치 국제정치 및 관계(최종 530).hwpx,정치 국제정치 및 관계,51,"Banana Republic(바나나 공화국): 1차 산품(과일 등) 수출에만 국가 경제를 의존하며, 다국적 기업과 부패한 독재 정부에 의해 좌지우지되는 후진국을 조롱하는 용어"
3089,정치 국제정치 및 관계(최종 530).hwpx,정치 국제정치 및 관계,52,Bandwagoning(편승): 약소국이 강대국의 위협에 맞서기보다 그 강대국과 동맹을 맺어 안전을 도모하는 전략
3090,정치 국제정치 및 관계(최종 530).hwpx,정치 국제정치 및 관계,53,"B&R(Belt and Road Initiative, 일대일로): 중국이 유라시아·아프리카 등을 연결하여 경제 권역을 구축하려는 육·해상 실크로드 개발 프레임워크"
3091,정치 국제정치 및 관계(최종 530).hwpx,정치 국제정치 및 관계,54,Bicameralism(양원제): 의회를 하원과 상원 등 두 개의 독립된 합의체로 구성하는 제도
3092,정치 국제정치 및 관계(최종 530).hwpx,정치 국제정치 및 관계,55,Bilateral Treaty(양자 조약): 두 국가 간에 체결되어 두 국가 사이에서만 법적 구속력을 가지는 조약
3093,정치 국제정치 및 관계(최종 530).hwpx,정치 국제정치 및 관계,56,Bilateralism(양자주의): 두 국가가 직접적인 협상을 통해 문제를 해결하려는 외교 방식
3094,정치 국제정치 및 관계(최종 530).hwpx,정치 국제정치 및 관계,57,"Biopolitics(생명정치): 권력이 인간의 생명, 인구, 보건, 신체 등을 통제하고 관리하는 정치적 메커니즘"
3095,정치 국제정치 및 관계(최종 530).hwpx,정치 국제정치 및 관계,58,Bipartisanship(초당파주의): 국가적 중대사를 두고 여야 정당이 당리당략을 떠나 협력하는 태도
3096,정치 국제정치 및 관계(최종 530).hwpx,정치 국제정치 및 관계,59,"Bioweapon(생물무기): 바이러스, 세균 등 병원 미생물을 사용하여 사람이나 동식물에 치명적인 살상 효과를 내는 대량살상무기"
3097,정치 국제정치 및 관계(최종 530).hwpx,정치 국제정치 및 관계,60,"Black Operation(블랙 작전 / 흑색 작전): 정부가 개입한 사실을 철저히 숨기고 은밀하게 진행하는 암살, 파괴, 공작 등의 불법적 비밀 군사 작전"
3098,정치 국제정치 및 관계(최종 530).hwpx,정치 국제정치 및 관계,61,Blockade(봉쇄): 적국의 항구나 해안을 무력으로 차단하여 물자와 인원의 이동을 막는 조치
3099,정치 국제정치 및 관계(최종 530).hwpx,정치 국제정치 및 관계,62,Blowback(블로우백 / 역풍): 한 국가가 비밀리에 수행한 작전이나 외교 정책이 의도치 않게 자국에 재앙적인 결과로 되돌아오는 현상
3100,정치 국제정치 및 관계(최종 530).hwpx,정치 국제정치 및 관계,63,Blue Helmets(블루 헬멧): 분쟁 지역에 파견되어 평화 유지 임무를 수행하는 유엔(UN) 평화유지군을 상징하는 별칭
3101,정치 국제정치 및 관계(최종 530).hwpx,정치 국제정치 및 관계,64,Border Control(국경 통제): 국가가 자국의 영토를 방어하고 불법 이민이나 밀수 등을 막기 위해 국경의 출입을 감시하고 제한하는 조치
3102,정치 국제정치 및 관계(최종 530).hwpx,정치 국제정치 및 관계,65,Bourgeoisie(부르주아지): 자본주의 사회에서 생산 수단을 소유하고 자본을 통제하는 자본가 계급
3103,정치 국제정치 및 관계(최종 530).hwpx,정치 국제정치 및 관계,66,Boycott(보이콧): 항의의 표시로 특정 국가의 상품 구매나 행사에 참여하는 것을 거부하는 행위
3104,정치 국제정치 및 관계(최종 530).hwpx,정치 국제정치 및 관계,67,"Brainwashing(세뇌): 물리적, 심리적 압박을 가하여 대상자의 기존 가치관을 해체하고 새로운 사상이나 신념을 강제로 주입하는 것"
3105,정치 국제정치 및 관계(최종 530).hwpx,정치 국제정치 및 관계,68,Bretton Woods System(브레튼우즈 체제): 제2차 세계대전 직후 미국 달러를 기축통화로 삼고 IMF와 세계은행을 설립하여 구축한 국제 통화 질서
3106,정치 국제정치 및 관계(최종 530).hwpx,정치 국제정치 및 관계,69,Brexit(브렉시트): 영국의 유럽연합(EU) 탈퇴
3107,정치 국제정치 및 관계(최종 530).hwpx,정치 국제정치 및 관계,70,Brinkmanship(벼랑 끝 전술): 위기를 전쟁 발발 직전까지 몰고 가 상대의 양보를 얻어내는 외교 전술
3108,정치 국제정치 및 관계(최종 530).hwpx,정치 국제정치 및 관계,71,Buffer Zone(완충 지대): 강대국 사이의 충돌을 막기 위해 중간에 둔 중립 지역
3109,정치 국제정치 및 관계(최종 530).hwpx,정치 국제정치 및 관계,72,Bureaucracy(관료제): 전문적인 지식과 규칙을 바탕으로 조직을 관리하는 계층적인 행정 체제
3110,정치 국제정치 및 관계(최종 530).hwpx,정치 국제정치 및 관계,73,Cabinet(내각): 국정의 핵심을 담당하는 총리와 장관들로 구성된 최고 행정 기관
3111,정치 국제정치 및 관계(최종 530).hwpx,정치 국제정치 및 관계,74,Capitalism(자본주의): 생산 수단의 사유화와 시장 가격을 통한 이윤 추구를 기본으로 하는 경제 체제
3112,정치 국제정치 및 관계(최종 530).hwpx,정치 국제정치 및 관계,75,Carter Doctrine(카터 독트린): 페르시아만 지역에 대한 외부 세력의 통제 시도를 미국 안보에 대한 중대한 위협으로 간주하고 무력으로 격퇴하겠다는 1980년 미국의 외교 선언
3113,정치 국제정치 및 관계(최종 530).hwpx,정치 국제정치 및 관계,76,Casus Belli(개전 사유): 국가가 전쟁을 일으키는 정당한 원인이나 법적 구실
3114,정치 국제정치 및 관계(최종 530).hwpx,정치 국제정치 및 관계,77,Casus Foederis(카수스 페데리스 / 동맹 조약상 참전 의무): 동맹국이 공격받았을 때 조약에 따라 군사적으로 개입해야 하는 조약상의 의무가 발생하는 상황
3115,정치 국제정치 및 관계(최종 530).hwpx,정치 국제정치 및 관계,78,Catch-all Party(포괄 정당): 특정한 계급이나 이념에 얽매이지 않고 다양한 유권자층의 지지를 얻기 위해 포괄적인 정책을 펴는 정당
3116,정치 국제정치 및 관계(최종 530).hwpx,정치 국제정치 및 관계,79,Caucus(코커스/당원대회): 정당의 당원들이 모여 후보자를 선출하거나 정책을 결정하는 회의
3117,정치 국제정치 및 관계(최종 530).hwpx,정치 국제정치 및 관계,80,Ceasefire(휴전/정전): 적대 행위를 일시적으로 멈추기로 하는 당사자 간의 합의
3118,정치 국제정치 및 관계(최종 530).hwpx,정치 국제정치 및 관계,81,"Censorship(검열): 국가나 권력 기관이 사상, 표현, 언론의 내용을 사전에 통제하는 행위"
3119,정치 국제정치 및 관계(최종 530).hwpx,정치 국제정치 및 관계,82,"Central Intelligence Agency(CIA, 중앙정보국): 미국의 외교 및 국가 안보 관련 정보 수집과 비밀 공작을 수행하는 최고 국가 정보기관"
3120,정치 국제정치 및 관계(최종 530).hwpx,정치 국제정치 및 관계,83,"Chargé d'affaires(대사 대리 / 임시대리대사): 대사가 부재중일 때 임시로 대사관의 업무를 총괄하거나, 정식 대사가 파견되지 않은 상태에서 대사관을 이끄는 외교관"
3121,정치 국제정치 및 관계(최종 530).hwpx,정치 국제정치 및 관계,84,"Charter(헌장): 유엔 헌장처럼 국제기구의 설립 목적, 원칙, 조직 구조 등을 규정한 기본 조약이나 법규"
3122,정치 국제정치 및 관계(최종 530).hwpx,정치 국제정치 및 관계,85,Chauvinism(쇼비니즘 / 맹목적 배타주의): 타국이나 타 민족을 깎아내리면서 자국만이 우월하다고 믿는 극단적이고 비이성적인 애국주의
3123,정치 국제정치 및 관계(최종 530).hwpx,정치 국제정치 및 관계,86,Checkpoint(검문소): 국경이나 분쟁 지역 등에서 치안 유지나 신원 확인을 위해 사람과 차량의 통행을 통제하고 검사하는 초소
3124,정치 국제정치 및 관계(최종 530).hwpx,정치 국제정치 및 관계,87,Checks and Balances(견제와 균형): 국가 권력이 어느 한쪽으로 집중되지 않도록 서로 통제하는 원리
3125,정치 국제정치 및 관계(최종 530).hwpx,정치 국제정치 및 관계,88,Chemical Warfare(화학전): 독성이 강한 화학 물질을 무기화하여 적을 살상하거나 무력화시키는 전쟁 방식
3126,정치 국제정치 및 관계(최종 530).hwpx,정치 국제정치 및 관계,89,Citizenship(시민권): 국가의 구성원으로서 투표권 등 정치적 권리와 의무를 갖는 자격
3127,정치 국제정치 및 관계(최종 530).hwpx,정치 국제정치 및 관계,90,Civil Disobedience(시민 불복종): 부당하다고 생각되는 법이나 정부 정책에 대해 비폭력적으로 거부하는 행위
3128,정치 국제정치 및 관계(최종 530).hwpx,정치 국제정치 및 관계,91,"Civil Rights(민권/시민권): 인종, 성별 등에 상관없이 모든 시민이 평등하게 누려야 할 법적 권리"
3129,정치 국제정치 및 관계(최종 530).hwpx,정치 국제정치 및 관계,92,"Civil Service(공무원 제도): 선거를 통해 임명된 정치인이 아니라, 능력과 시험을 통해 임용되어 국가 행정 실무를 담당하는 직업 공무원 체계"
3130,정치 국제정치 및 관계(최종 530).hwpx,정치 국제정치 및 관계,93,Civil Society(시민사회): 국가 권력 밖에서 시민들이 자발적으로 결성한 단체나 영역
3131,정치 국제정치 및 관계(최종 530).hwpx,정치 국제정치 및 관계,94,Civil War(내전): 한 국가 안에서 둘 이상의 무력 집단 간에 벌어지는 전쟁
3132,정치 국제정치 및 관계(최종 530).hwpx,정치 국제정치 및 관계,95,"Civil-Military Gap(민군 격차): 군대라는 특수한 조직과 일반 민간 사회 사이에서 벌어지는 문화, 가치관, 정치적 성향의 괴리"
3133,정치 국제정치 및 관계(최종 530).hwpx,정치 국제정치 및 관계,96,Civil-Military Relations(민군 관계): 민간 정부(정치인)와 군대 사이의 권력 관계 (민간 통제의 원칙이 핵심)
3134,정치 국제정치 및 관계(최종 530).hwpx,정치 국제정치 및 관계,97,Clandestine Operation(비밀 작전): 적의 눈에 띄지 않도록 은밀하게 정보 수집이나 군사 행동을 수행하는 작전
3135,정치 국제정치 및 관계(최종 530).hwpx,정치 국제정치 및 관계,98,"Clash of Civilizations(문명 충돌론): 냉전 이후의 국제 분쟁은 이념이 아니라 서구, 이슬람 등 문화와 종교적 정체성의 차이에서 발생한다는 이론"
3136,정치 국제정치 및 관계(최종 530).hwpx,정치 국제정치 및 관계,99,"Client State(종속국 / 괴뢰국): 정치적, 경제적, 군사적으로 더 강력한 국가에 완전히 의존하며 그 지시를 따르는 국가"
3137,정치 국제정치 및 관계(최종 530).hwpx,정치 국제정치 및 관계,100,Climate Diplomacy(기후 외교): 기후 변화 위기에 대응하고 탄소 배출 규제 등 지구 환경 문제를 해결하기 위한 국가 간 협상 및 외교 활동
3138,정치 국제정치 및 관계(최종 530).hwpx,정치 국제정치 및 관계,101,Coalition Government(연립 정부/연정): 두 개 이상의 정당이 협력하여 구성한 정부 (주로 다수당이 없을 때 발생)
3139,정치 국제정치 및 관계(최종 530).hwpx,정치 국제정치 및 관계,102,"Coalition(연합 / 동맹): 특정한 군사적, 정치적 목표를 위해 임시로 여러 국가나 집단이 결성한 세력"
3140,정치 국제정치 및 관계(최종 530).hwpx,정치 국제정치 및 관계,103,Code of Conduct(행동 수칙): 국가 간이나 국제기구 내에서 분쟁을 방지하고 상호 신뢰를 높이기 위해 지켜야 할 일련의 규범과 규칙
3141,정치 국제정치 및 관계(최종 530).hwpx,정치 국제정치 및 관계,104,Coercive Diplomacy(강압 외교): 무력 사용을 경고하거나 제한적인 군사 행동을 통해 상대가 양보하도록 강요하는 외교 전략
3142,정치 국제정치 및 관계(최종 530).hwpx,정치 국제정치 및 관계,105,Cold War(냉전): 직접적인 무력 충돌은 없으나 이념과 군사로 대립하는 상태
3143,정치 국제정치 및 관계(최종 530).hwpx,정치 국제정치 및 관계,106,Collateral Damage(부수적 피해): 군사 작전 중 의도치 않게 민간인이 사망하거나 민간 시설이 파괴되는 피해를 이르는 군사 용어
3144,정치 국제정치 및 관계(최종 530).hwpx,정치 국제정치 및 관계,107,Collective Action Problem(집단행동의 문제): 무임승차 심리 때문에 공동의 목표가 있음에도 개인이나 국가가 협력하지 않아 실패하는 현상
3145,정치 국제정치 및 관계(최종 530).hwpx,정치 국제정치 및 관계,108,Collective Defense(집단 방위): 동맹국 중 한 나라가 공격받으면 전체에 대한 공격으로 간주해 공동 대응하는 체제
3146,정치 국제정치 및 관계(최종 530).hwpx,정치 국제정치 및 관계,109,Collective Security(집단 안보): 다수의 국가가 체제를 만들어 한 국가에 대한 공격을 모두에 대한 공격으로 간주함
3147,정치 국제정치 및 관계(최종 530).hwpx,정치 국제정치 및 관계,110,Colonialism(식민주의): 강대국이 약소국의 영토를 무력으로 점령하고 정치·경제적으로 지배하는 정책
3148,정치 국제정치 및 관계(최종 530).hwpx,정치 국제정치 및 관계,111,Communism(공산주의): 사유재산을 폐지하고 생산 수단을 공동 소유하여 계급 없는 사회를 만들려는 사상
3149,정치 국제정치 및 관계(최종 530).hwpx,정치 국제정치 및 관계,112,"Compellence(강제 / 강요): 상대가 현재 하고 있는 행동을 멈추게 하거나, 원치 않는 행동을 억지로 하도록 군사적 위협을 가하는 행위"
3150,정치 국제정치 및 관계(최종 530).hwpx,정치 국제정치 및 관계,113,Concurrent Majority(동시 다수결): 다수결의 횡포를 막기 위해 소수 집단의 이익도 보호되도록 여러 집단의 동의를 얻는 방식
3151,정치 국제정치 및 관계(최종 530).hwpx,정치 국제정치 및 관계,114,Confederation(국가 연합): 주권을 가진 여러 국가가 공통의 목적을 위해 조약을 맺고 느슨하게 연합한 형태
3152,정치 국제정치 및 관계(최종 530).hwpx,정치 국제정치 및 관계,115,Conflict Resolution(갈등 해결): 분쟁을 평화적이고 конструктив한 방법으로 해결하려는 외교적 노력
3153,정치 국제정치 및 관계(최종 530).hwpx,정치 국제정치 및 관계,116,Conscription(징병제): 국가가 법률에 따라 국민에게 강제로 병역의 의무를 부과하는 제도
3154,정치 국제정치 및 관계(최종 530).hwpx,정치 국제정치 및 관계,117,Consensus(컨센서스 / 만장일치 합의): 반대하는 국가나 구성원이 하나도 없을 때까지 조율하여 의사를 결정하는 투표 없는 동의 방식
3155,정치 국제정치 및 관계(최종 530).hwpx,정치 국제정치 및 관계,118,Conservatism(보수주의): 기존의 질서와 전통을 유지하며 점진적인 변화를 추구
3156,정치 국제정치 및 관계(최종 530).hwpx,정치 국제정치 및 관계,119,"Constitution(헌법): 국가의 통치 조직과 기본 원리, 국민의 기본권을 정한 최고의 법"
3157,정치 국제정치 및 관계(최종 530).hwpx,정치 국제정치 및 관계,120,"Constructivism(구성주의): 국제 관계가 물질적인 힘뿐만 아니라 상호작용으로 만들어진 정체성, 가치, 규범에 의해 구성된다고 보는 이론"
3158,정치 국제정치 및 관계(최종 530).hwpx,정치 국제정치 및 관계,121,Consul(영사): 상업 및 자국민 보호를 위해 외국의 지정된 도시에 주재하도록 파견된 정부 관료
3159,정치 국제정치 및 관계(최종 530).hwpx,정치 국제정치 및 관계,122,"Consulate(영사관): 외국의 도시에 주재하며 영사 업무(비자 발급, 자국민 보호 등)를 처리하는 공관"
3160,정치 국제정치 및 관계(최종 530).hwpx,정치 국제정치 및 관계,123,Containment(봉쇄 정책): 냉전 시기 미국이 소련과 공산주의의 확장을 막기 위해 취한 지정학적 전략
3161,정치 국제정치 및 관계(최종 530).hwpx,정치 국제정치 및 관계,124,Contraband(밀수품 / 전시대금제품): 전쟁 중 적국으로 들어가는 것이 국제법상 금지된 군수물자나 무기류
3162,정치 국제정치 및 관계(최종 530).hwpx,정치 국제정치 및 관계,125,"Conventional Weapons(재래식 무기): 핵, 생물, 화학 무기(대량살상무기)를 제외한 재래식 폭약, 총기, 전차, 전투기 등의 일반 무기"
3163,정치 국제정치 및 관계(최종 530).hwpx,정치 국제정치 및 관계,126,Coup d'état(쿠데타): 무력이나 비합법적인 수단을 통해 기습적으로 정권을 빼앗는 행위
3164,정치 국제정치 및 관계(최종 530).hwpx,정치 국제정치 및 관계,127,"Cross-Recognition(교차 승인): 분단국가 상황에서, 각 진영의 동맹국들이 상대방의 분단 정부를 서로 공식 국가로 승인해 주는 외교적 타협"
3165,정치 국제정치 및 관계(최종 530).hwpx,정치 국제정치 및 관계,128,"Cyber Security(사이버 안보): 해킹, 정보 유출 등 사이버 공간에서의 위협으로부터 국가를 보호"
3166,정치 국제정치 및 관계(최종 530).hwpx,정치 국제정치 및 관계,129,"Cyberattack(사이버 공격): 적국의 국가망, 금융, 통신 등 컴퓨터 시스템과 네트워크를 해킹하거나 파괴하는 전자적 공격"
3167,정치 국제정치 및 관계(최종 530).hwpx,정치 국제정치 및 관계,130,"Cyberespionage(사이버 첩보전): 해킹을 통해 외국의 군사, 정치, 경제적 기밀 정보를 몰래 빼내는 활동"
3168,정치 국제정치 및 관계(최종 530).hwpx,정치 국제정치 및 관계,131,Cyberterrorism(사이버 테러리즘): 정치적 목적을 달성하기 위해 인터넷망 등을 마비시켜 사회적 혼란과 공포를 조장하는 행위
3169,정치 국제정치 및 관계(최종 530).hwpx,정치 국제정치 및 관계,132,Cyberwarfare(사이버전): 국가 차원에서 해커 부대를 운용하여 적국의 사이버 인프라를 파괴하고 마비시키는 디지털 전쟁
3170,정치 국제정치 및 관계(최종 530).hwpx,정치 국제정치 및 관계,133,De facto(사실상의): 법적으로는 확립되지 않았으나 현실적으로 존재하거나 통치권을 행사하고 있는 상태
3171,정치 국제정치 및 관계(최종 530).hwpx,정치 국제정치 및 관계,134,De jure(법률상의): 국제법이나 헌법 등 법적으로 정당하게 인정받고 승인된 상태
3172,정치 국제정치 및 관계(최종 530).hwpx,정치 국제정치 및 관계,135,Decapitation Strike(참수 작전): 전쟁이나 분쟁 시 적국의 최고 지도부나 군사 지휘부만을 핵심적으로 정밀 타격하여 지휘 체계를 마비시키는 전술
3173,정치 국제정치 및 관계(최종 530).hwpx,정치 국제정치 및 관계,136,Decentralization(지방 분권): 중앙 정부의 권한과 책임을 지방 정부나 하위 기관으로 분산시키는 것
3174,정치 국제정치 및 관계(최종 530).hwpx,정치 국제정치 및 관계,137,Declaration of War(선전포고): 한 국가가 다른 국가에 대해 적대 상태(전쟁)에 돌입했음을 공식적으로 알리는 것
3175,정치 국제정치 및 관계(최종 530).hwpx,정치 국제정치 및 관계,138,Decolonization(탈식민지화): 식민지 지배를 받던 국가들이 정치적 독립을 되찾는 과정
3176,정치 국제정치 및 관계(최종 530).hwpx,정치 국제정치 및 관계,139,"Deep State(딥 스테이트): 선거로 선출되지 않은 관료, 군부, 정보기관 등이 막후에서 국가의 핵심 정책을 좌지우지하는 숨은 권력 집단"
3177,정치 국제정치 및 관계(최종 530).hwpx,정치 국제정치 및 관계,140,Defector(탈북자/망명자): 조국이나 소속된 집단을 버리고 다른 나라나 적국으로 넘어간 사람
3178,정치 국제정치 및 관계(최종 530).hwpx,정치 국제정치 및 관계,141,Defense in Depth(종심 방어): 전선에 모든 병력을 집중하지 않고 후방 깊숙이 다중 방어선을 구축하여 적의 진격을 둔화시키고 반격하는 전술
3179,정치 국제정치 및 관계(최종 530).hwpx,정치 국제정치 및 관계,142,Demagogue(선동가): 대중의 편견과 감정에 호소하여 지지를 얻고 권력을 유지하려는 정치인
3180,정치 국제정치 및 관계(최종 530).hwpx,정치 국제정치 및 관계,143,Demarche(데마쉬 / 외교적 항의): 특정 국가의 정부가 다른 국가의 정책이나 행동에 대해 공식적으로 제기하는 항의나 조치
3181,정치 국제정치 및 관계(최종 530).hwpx,정치 국제정치 및 관계,144,"Demilitarized Zone(DMZ, 비무장지대): 조약이나 협정에 의해 군대의 주둔이나 군사 시설의 설치가 완전히 금지된 구역"
3182,정치 국제정치 및 관계(최종 530).hwpx,정치 국제정치 및 관계,145,Democracy(민주주의): 국민이 권력을 가지고 스스로 다스리는 정치 체제
3183,정치 국제정치 및 관계(최종 530).hwpx,정치 국제정치 및 관계,146,Democratic Deficit(민주주의 결핍): 국제기구나 초국가적 연합(예: EU) 내에서 일반 시민들의 정치적 참여가 배제되고 소수 엘리트에 의해 정책이 결정되는 문제
3184,정치 국제정치 및 관계(최종 530).hwpx,정치 국제정치 및 관계,147,Democratic Peace Theory(민주평화론): 민주주의 체제를 갖춘 국가들끼리는 서로 전쟁을 벌이지 않는다는 가설
3185,정치 국제정치 및 관계(최종 530).hwpx,정치 국제정치 및 관계,148,Democratization(민주화): 권위주의 등 비민주적 체제에서 민주주의 체제로 이행하는 과정
3186,정치 국제정치 및 관계(최종 530).hwpx,정치 국제정치 및 관계,149,Denuclearization(비핵화): 특정 국가나 지역에서 보유하고 있는 핵무기를 완전히 폐기하고 개발을 중단하는 과정
3187,정치 국제정치 및 관계(최종 530).hwpx,정치 국제정치 및 관계,150,"Department of Defense(DoD, 국방부): 국가의 방위, 군대 유지, 군사 전략 수립을 총괄하는 행정 부처"
3188,정치 국제정치 및 관계(최종 530).hwpx,정치 국제정치 및 관계,151,Department of State(국무부): 미국의 외교 정책 수립과 국제 관계를 총괄하는 행정 부처 (타국의 외교부에 해당)
3189,정치 국제정치 및 관계(최종 530).hwpx,정치 국제정치 및 관계,152,Dependency Theory(종속 이론): 개발도상국의 빈곤은 선진국 중심의 세계 체제에 경제적으로 종속되어 착취당하기 때문이라는 이론
3190,정치 국제정치 및 관계(최종 530).hwpx,정치 국제정치 및 관계,153,Deportation(추방): 외국인을 강제로 자국 영토 밖으로 내쫓는 법적 조치
3191,정치 국제정치 및 관계(최종 530).hwpx,정치 국제정치 및 관계,154,Despotism(전제정치): 통치자가 법이나 제도의 제약 없이 제멋대로 절대 권력을 휘두르는 정치
3192,정치 국제정치 및 관계(최종 530).hwpx,정치 국제정치 및 관계,155,Detente(데탕트): 국제적인 긴장이 완화되고 화해 분위기가 조성되는 상태
3193,정치 국제정치 및 관계(최종 530).hwpx,정치 국제정치 및 관계,156,Deterrence by Denial(거부적 억제): 적이 공격하더라도 방어력을 극대화하여 목표 달성을 실패하게 만듦으로써 공격을 억제하는 전략
3194,정치 국제정치 및 관계(최종 530).hwpx,정치 국제정치 및 관계,157,Deterrence by Punishment(응징적 억제): 적이 공격하면 감당할 수 없는 파괴적인 보복을 가할 것임을 경고하여 공격을 막는 전략
3195,정치 국제정치 및 관계(최종 530).hwpx,정치 국제정치 및 관계,158,Deterrence(억제): 상대가 공격하면 더 큰 보복을 당할 것임을 인식시켜 공격을 막음
3196,정치 국제정치 및 관계(최종 530).hwpx,정치 국제정치 및 관계,159,Devolution(권한 이양): 중앙 정부가 지방 정부나 특정 자치 지역에 독자적인 입법 및 행정 권한을 대폭 넘겨주는 것
3197,정치 국제정치 및 관계(최종 530).hwpx,정치 국제정치 및 관계,160,Diaspora(디아스포라): 본토를 떠나 타국에 정착하여 살아가면서도 고유한 민족적 정체성과 유대감을 유지하는 집단
3198,정치 국제정치 및 관계(최종 530).hwpx,정치 국제정치 및 관계,161,"Dictator(독재자): 입법, 행정, 사법을 비롯한 국가의 모든 권력을 절대적으로 장악하고 무소불위의 권력을 휘두르는 통치자"
3199,정치 국제정치 및 관계(최종 530).hwpx,정치 국제정치 및 관계,162,Dictatorship(독재): 한 사람이나 소수 정당이 권력을 독점하고 반대파를 억압하는 정치 체제
3200,정치 국제정치 및 관계(최종 530).hwpx,정치 국제정치 및 관계,163,Digital Diplomacy(디지털 외교): SNS나 IT 기술을 활용하여 외교 목표를 달성하려는 활동
3201,정치 국제정치 및 관계(최종 530).hwpx,정치 국제정치 및 관계,164,"Diplomacy(외교): 국가 간의 관계를 협상, 조약, 대화 등을 통해 평화적으로 관리하는 활동"
3202,정치 국제정치 및 관계(최종 530).hwpx,정치 국제정치 및 관계,165,"Diplomatic Bag / Pouch(외교 행낭): 외교 공관과 본국 정부 간에 기밀문서나 물품을 주고받을 때 사용하는 가방으로, 국제법상 개봉이나 압수가 금지됨"
3203,정치 국제정치 및 관계(최종 530).hwpx,정치 국제정치 및 관계,166,Diplomatic Corps(외교단): 특정 주재국에 파견되어 머물고 있는 모든 외국 대사와 외교관들의 전체 집단
3204,정치 국제정치 및 관계(최종 530).hwpx,정치 국제정치 및 관계,167,Diplomatic Immunity(외교관 면책특권): 외교관이 주재국의 형사 및 민사 관할권으로부터 면제되는 국제법상 권리
3205,정치 국제정치 및 관계(최종 530).hwpx,정치 국제정치 및 관계,168,Diplomatic Protocol(외교 의전): 외교관들이나 국가 원수 간의 공식적인 만남과 행사에서 지켜야 하는 엄격한 예의와 규칙
3206,정치 국제정치 및 관계(최종 530).hwpx,정치 국제정치 및 관계,169,Diplomatic Recognition(외교적 승인): 한 국가가 새로 탄생한 국가나 새롭게 들어선 정부를 국제법상의 합법적인 실체로 공식 인정하는 행위
3207,정치 국제정치 및 관계(최종 530).hwpx,정치 국제정치 및 관계,170,"Dirty War(더러운 전쟁): 국가 권력이 계엄령이나 비밀경찰을 동원해 자국의 반체제 인사나 민간인을 납치, 고문, 암살하는 비정규적 국가 폭력"
3208,정치 국제정치 및 관계(최종 530).hwpx,정치 국제정치 및 관계,171,Disarmament(군축): 국가 간 합의를 통해 군비와 무기를 줄이거나 폐기하는 조치
3209,정치 국제정치 및 관계(최종 530).hwpx,정치 국제정치 및 관계,172,Disinformation(허위 정보 / 역정보): 정치적 혼란을 야기하거나 적국을 속이기 위해 의도적이고 악의적으로 조작하여 유포하는 가짜 정보
3210,정치 국제정치 및 관계(최종 530).hwpx,정치 국제정치 및 관계,173,Dissident(반체제 인사): 정부의 정책이나 정치 체제에 공개적으로 반대하며 저항하는 사람
3211,정치 국제정치 및 관계(최종 530).hwpx,정치 국제정치 및 관계,174,Dissolution(의회 해산): 의원내각제 국가에서 행정부 수반이 국회의원들의 임기가 끝나기 전에 의회를 해산하고 조기 총선을 치르도록 하는 조치
3212,정치 국제정치 및 관계(최종 530).hwpx,정치 국제정치 및 관계,175,"Doctrine(독트린): 한 국가가 대내외적으로 천명하는 외교, 안보 정책의 기본 원칙이나 철학"
3213,정치 국제정치 및 관계(최종 530).hwpx,정치 국제정치 및 관계,176,Dollar Diplomacy(달러 외교): 20세기 초 미국이 라틴아메리카와 동아시아에서 무력이 아닌 막강한 경제력과 투자를 무기로 정치적 영향력을 확대하던 정책
3214,정치 국제정치 및 관계(최종 530).hwpx,정치 국제정치 및 관계,177,"Domestic Policy(국내 정책): 경제, 교육, 보건, 복지 등 국가 영토 내의 시민들을 대상으로 정부가 수립하고 집행하는 정책"
3215,정치 국제정치 및 관계(최종 530).hwpx,정치 국제정치 및 관계,178,Domino Theory(도미노 이론): 한 국가가 공산화되면 인접한 국가들도 연쇄적으로 공산화될 것이라는 냉전 시대의 이론
3216,정치 국제정치 및 관계(최종 530).hwpx,정치 국제정치 및 관계,179,"Double Veto(이중 거부권): 유엔 안보리에서 상임이사국이 특정 사안이 절차 사항인지 실질 사항인지를 결정할 때 거부권을 행사하고, 이후 본안 결의에서도 다시 거부권을 행사하는 것"
3217,정치 국제정치 및 관계(최종 530).hwpx,정치 국제정치 및 관계,180,"Drone Warfare(드론전): 조종사가 탑승하지 않은 무인기(드론)를 활용하여 정찰, 감시, 정밀 타격 및 폭격을 수행하는 현대 전쟁 방식"
3218,정치 국제정치 및 관계(최종 530).hwpx,정치 국제정치 및 관계,181,Dual Citizenship(이중국적): 한 개인이 법적으로 두 개 이상의 주권 국가의 국적을 동시에 가지고 있는 상태
3219,정치 국제정치 및 관계(최종 530).hwpx,정치 국제정치 및 관계,182,Dual-Use Technology(이중 용도 기술): 평화적 목적과 군사적 무기 개발 목적 양쪽으로 모두 사용될 수 있는 기술
3220,정치 국제정치 및 관계(최종 530).hwpx,정치 국제정치 및 관계,183,Economic Espionage(산업 스파이/경제 첩보): 외국의 정부나 기업이 자국의 경쟁력을 높이기 위해 다른 나라의 첨단 기술이나 경제 기밀을 훔쳐내는 행위
3221,정치 국제정치 및 관계(최종 530).hwpx,정치 국제정치 및 관계,184,Economic Sanctions(경제 제재): 무역 금지 등을 통해 대상국의 경제에 타격을 입혀 정책 변화를 유도하는 조치
3222,정치 국제정치 및 관계(최종 530).hwpx,정치 국제정치 및 관계,185,"EEZ(Exclusive Economic Zone, 배타적경제수역): 영해 기선으로부터 200해리 이내의 수역으로 연안국이 자원 탐사와 개발 권리를 갖는 구역"
3223,정치 국제정치 및 관계(최종 530).hwpx,정치 국제정치 및 관계,186,Egalitarianism(평등주의): 모든 인간은 근본적으로 동등한 권리와 가치를 지닌다는 정치·사회적 신념
3224,정치 국제정치 및 관계(최종 530).hwpx,정치 국제정치 및 관계,187,Electoral College(선거인단): 미국의 대통령 선거 등에서 유권자를 대신해 투표권을 행사하는 대표자 집단
3225,정치 국제정치 및 관계(최종 530).hwpx,정치 국제정치 및 관계,188,"Electoral Fraud(선거 부정): 투표함 바꿔치기, 매수 등 선거의 결과를 조작하기 위해 저지르는 불법 행위"
3226,정치 국제정치 및 관계(최종 530).hwpx,정치 국제정치 및 관계,189,Embassy(대사관): 다른 나라의 수도에 설치되어 자국을 대표하는 최고 외교 공관
3227,정치 국제정치 및 관계(최종 530).hwpx,정치 국제정치 및 관계,190,Embargo(금수 조치): 특정 국가와의 교역이나 자본 이동을 전면적 또는 부분적으로 금지하는 국가적 명령
3228,정치 국제정치 및 관계(최종 530).hwpx,정치 국제정치 및 관계,191,Emissary(밀사 / 특사): 공식적인 외교 채널을 피하고 몰래 파견되는 대리인
3229,정치 국제정치 및 관계(최종 530).hwpx,정치 국제정치 및 관계,192,Empire(제국): 단일 최고 권력(황제) 아래 여러 민족이나 국가를 지배하는 광대한 국가
3230,정치 국제정치 및 관계(최종 530).hwpx,정치 국제정치 및 관계,193,Engagement(관여 정책 / 포용 정책): 적대국이나 제재 대상국과 지속적으로 교류하며 긍정적인 변화를 유도하려는 정책
3231,정치 국제정치 및 관계(최종 530).hwpx,정치 국제정치 및 관계,194,Envoy(사절/특사): 특정한 외교적 임무를 띠고 외국에 파견되는 외교관
3232,정치 국제정치 및 관계(최종 530).hwpx,정치 국제정치 및 관계,195,Escalation(확전): 갈등이나 분쟁이 통제 범위를 벗어나 군사적 충돌의 규모나 강도가 급격히 확대되는 현상
3233,정치 국제정치 및 관계(최종 530).hwpx,정치 국제정치 및 관계,196,Espionage(간첩 행위): 적국이나 경쟁국의 기밀 정보를 몰래 수집하는 활동
3234,정치 국제정치 및 관계(최종 530).hwpx,정치 국제정치 및 관계,197,Ethnic Cleansing(인종 청소): 특정 영토에서 타 민족이나 종교 집단을 강제로 추방하거나 학살하는 행위
3235,정치 국제정치 및 관계(최종 530).hwpx,정치 국제정치 및 관계,198,"Ethnic Conflict(민족 분쟁): 언어, 종교, 문화가 다른 민족 집단 사이에서 영토나 정치적 권력을 두고 벌어지는 폭력적 충돌"
3236,정치 국제정치 및 관계(최종 530).hwpx,정치 국제정치 및 관계,199,Executive Branch(행정부): 법률을 집행하고 국가의 실질적인 행정 사무를 담당하는 국가 기관
3237,정치 국제정치 및 관계(최종 530).hwpx,정치 국제정치 및 관계,200,Executive Order(행정 명령): 미국 등에서 대통령이 의회의 입법을 거치지 않고 정부 기관에 지시하여 법적 효력을 발휘하는 명령
3238,정치 국제정치 및 관계(최종 530).hwpx,정치 국제정치 및 관계,201,Exile(망명/추방): 박해나 처벌을 피하기 위해 자발적 혹은 강제로 조국을 떠나 있는 상태
3239,정치 국제정치 및 관계(최종 530).hwpx,정치 국제정치 및 관계,202,Extradition(범죄인 인도): 한 국가로 도망친 범죄 용의자를 범죄가 발생한 국가의 요청에 따라 넘겨주는 절차
3240,정치 국제정치 및 관계(최종 530).hwpx,정치 국제정치 및 관계,203,Extraterritoriality(치외법권): 외국에 체류하면서도 주재국의 국내법을 적용받지 않고 본국의 관할권에 속하는 특권
3241,정치 국제정치 및 관계(최종 530).hwpx,정치 국제정치 및 관계,204,Extremism(극단주의): 정치나 종교에서 타협을 거부하고 폭력 등 극단적인 수단을 정당화하는 태도
3242,정치 국제정치 및 관계(최종 530).hwpx,정치 국제정치 및 관계,205,Failed State(실패한 국가): 중앙 정부가 붕괴하여 통제력을 잃고 국민에게 치안과 공공 서비스를 제공하지 못하는 국가
3243,정치 국제정치 및 관계(최종 530).hwpx,정치 국제정치 및 관계,206,False Flag(거짓 깃발 작전): 공격의 진짜 주체를 숨기고 마치 적이나 제3자가 공격한 것처럼 꾸며 전쟁 명분을 만드는 작전
3244,정치 국제정치 및 관계(최종 530).hwpx,정치 국제정치 및 관계,207,Fascism(파시즘): 극단적인 민족주의와 전체주의를 결합하여 개인을 억압하고 지도자에게 절대 복종을 강요하는 사상
3245,정치 국제정치 및 관계(최종 530).hwpx,정치 국제정치 및 관계,208,Federalism(연방주의): 중앙 정부(연방)와 여러 주(State) 정부가 권력을 나누어 갖는 정치 체제
3246,정치 국제정치 및 관계(최종 530).hwpx,정치 국제정치 및 관계,209,Fifth Column(제5열 / 내부 첩자): 국가 내부에서 은밀하게 암약하며 적국과 내통하여 국가 조직을 와해시키려는 세력
3247,정치 국제정치 및 관계(최종 530).hwpx,정치 국제정치 및 관계,210,Filibuster(합법적 의사진행 방해): 소수파가 다수파의 법안 통과를 막기 위해 장시간 연설 등으로 진행을 지연시키는 전술
3248,정치 국제정치 및 관계(최종 530).hwpx,정치 국제정치 및 관계,211,First Strike Capability(제1격 능력): 핵전쟁에서 적의 핵 기지를 선제 타격하여 상대가 반격할 수 없도록 완전히 파괴할 수 있는 능력
3249,정치 국제정치 및 관계(최종 530).hwpx,정치 국제정치 및 관계,212,Foreign Policy(외교 정책): 국가가 국제 사회에서 자국의 이익을 달성하기 위해 세우는 전략과 원칙
3250,정치 국제정치 및 관계(최종 530).hwpx,정치 국제정치 및 관계,213,"Formal authorization(공식 수권): 권한을 부여하는 공식적·정식의 절차나 문서 허가, 승인"
3251,정치 국제정치 및 관계(최종 530).hwpx,정치 국제정치 및 관계,214,Free Rider Problem(무임승차 문제): 안보 체제나 국제 협력에서 비용을 지불하지 않고 편승하여 혜택만 누리려는 현상
3252,정치 국제정치 및 관계(최종 530).hwpx,정치 국제정치 및 관계,215,Free Trade(자유 무역): 국가 간의 교역에서 관세나 수입 제한 등 정부의 간섭을 최소화하는 정책
3253,정치 국제정치 및 관계(최종 530).hwpx,정치 국제정치 및 관계,216,Freedom of Speech(표현의 자유): 국가의 검열이나 처벌에 대한 두려움 없이 자신의 의견을 말할 수 있는 기본권
3254,정치 국제정치 및 관계(최종 530).hwpx,정치 국제정치 및 관계,217,Fundamentalism(원리주의): 종교 경전의 교리를 글자 그대로 엄격하게 해석하고 따르려는 보수적인 태도
3255,정치 국제정치 및 관계(최종 530).hwpx,정치 국제정치 및 관계,218,Game Theory(게임 이론): 갈등 상황에서 상대방의 행동을 예측하고 이익을 극대화하기 위한 전략적 선택을 분석하는 이론
3256,정치 국제정치 및 관계(최종 530).hwpx,정치 국제정치 및 관계,219,"GCC(Gulf Cooperation Council, 걸프 협력 회의): 사우디, UAE 등 중동 6개국으로 구성된 지역 협력 기구"
3257,정치 국제정치 및 관계(최종 530).hwpx,정치 국제정치 및 관계,220,"Geopolitics(지정학): 지리적 위치가 국가의 정치와 외교, 군사적 팽창에 미치는 영향을 연구하는 학문"
3258,정치 국제정치 및 관계(최종 530).hwpx,정치 국제정치 및 관계,221,Gerrymandering(게리맨더링): 특정 정당이나 후보에게 유리하도록 선거구를 기형적이고 불공평하게 획정하는 행위
3259,정치 국제정치 및 관계(최종 530).hwpx,정치 국제정치 및 관계,222,"Global Governance(글로벌 거버넌스): 전 지구적 문제를 해결하기 위해 국가, 국제기구, NGO 등이 협력하는 체계"
3260,정치 국제정치 및 관계(최종 530).hwpx,정치 국제정치 및 관계,223,"Globalization(세계화): 정치, 경제, 문화 등이 국경을 넘어 세계가 하나로 통합되어 가는 현상"
3261,정치 국제정치 및 관계(최종 530).hwpx,정치 국제정치 및 관계,224,Good Offices(주선): 분쟁 당사국들이 대화할 수 있도록 제3국이 협상 장소를 제공하거나 연락을 중계하는 외교적 행위
3262,정치 국제정치 및 관계(최종 530).hwpx,정치 국제정치 및 관계,225,"GPS(Global Pivotal State, 글로벌 중추국가): 국제 사회에서 주도적인 역할을 수행하며 기여하는 국가"
3263,정치 국제정치 및 관계(최종 530).hwpx,정치 국제정치 및 관계,226,"Grand Strategy(대전략): 국가가 장기적 목표 달성을 위해 군사력, 경제, 외교, 정보 등 모든 역량을 총동원하는 종합 계획"
3264,정치 국제정치 및 관계(최종 530).hwpx,정치 국제정치 및 관계,227,Grassroots(풀뿌리 민주주의): 일반 시민이나 지역 사회의 평범한 대중이 주도적으로 참여하는 정치 운동
3265,정치 국제정치 및 관계(최종 530).hwpx,정치 국제정치 및 관계,228,"Great Hall of the People(인민대회당): 중국 베이징에 위치하며, 중국 국회 격인 전국인민대표대회가 열리는 건축물"
3266,정치 국제정치 및 관계(최종 530).hwpx,정치 국제정치 및 관계,229,Green Diplomacy(그린 외교): 기후 변화 대응 및 환경 보전을 중심으로 하는 국제 협력
3267,정치 국제정치 및 관계(최종 530).hwpx,정치 국제정치 및 관계,230,Guerrilla Warfare(게릴라전/유격전): 정규군이 아닌 소규모 무장 집단이 지형을 이용해 적을 기습하고 빠지는 비정규 전술
3268,정치 국제정치 및 관계(최종 530).hwpx,정치 국제정치 및 관계,231,Gunboat Diplomacy(포함 외교): 강한 해군력을 약소국 앞바다에 파견하여 무력시위를 하며 불평등 조약을 강요하던 외교 행태
3269,정치 국제정치 및 관계(최종 530).hwpx,정치 국제정치 및 관계,232,Hard Balancing(강경 균형): 패권국이나 위협 국가에 맞서 공식적인 군사 동맹이나 군비 증강을 통해 물리적으로 견제하는 전략
3270,정치 국제정치 및 관계(최종 530).hwpx,정치 국제정치 및 관계,233,"Hard Power(하드 파워): 군사력, 경제력을 앞세워 상대방의 행동을 강제로 바꾸게 하거나 저지할 수 있는 힘"
3271,정치 국제정치 및 관계(최종 530).hwpx,정치 국제정치 및 관계,234,Hegemonic Stability Theory(패권안정론): 압도적인 힘을 가진 하나의 패권국이 존재할 때 국제 사회가 가장 평화롭고 발전한다는 이론
3272,정치 국제정치 및 관계(최종 530).hwpx,정치 국제정치 및 관계,235,Hegemony(패권): 한 국가나 집단이 압도적인 힘을 바탕으로 다른 국가나 집단을 지배하고 통제하는 주도권
3273,정치 국제정치 및 관계(최종 530).hwpx,정치 국제정치 및 관계,236,Hezbollah(헤즈볼라): 레바논에 기반을 둔 무장 정파 및 정치 조직
3274,정치 국제정치 및 관계(최종 530).hwpx,정치 국제정치 및 관계,237,"High Politics(고위 정치): 국가의 생존과 직결되는 안보, 군사, 영토 문제와 같은 국제정치의 중대한 의제"
3275,정치 국제정치 및 관계(최종 530).hwpx,정치 국제정치 및 관계,238,Hostage Diplomacy(인질 외교): 다른 나라 시민을 부당하게 구금하고 이를 협상 카드로 삼아 양보를 얻어내려는 행위
3276,정치 국제정치 및 관계(최종 530).hwpx,정치 국제정치 및 관계,239,Human Rights(인권): 인간이라면 누구나 마땅히 누려야 할 보편적이고 절대적인 권리
3277,정치 국제정치 및 관계(최종 530).hwpx,정치 국제정치 및 관계,240,"Human Security(인간 안보): 전통적 국가 안보를 넘어 질병, 빈곤, 환경 파괴 등으로부터 개인의 생명과 존엄성을 보호하는 개념"
3278,정치 국제정치 및 관계(최종 530).hwpx,정치 국제정치 및 관계,241,Humanitarian Intervention(인도적 개입): 대규모 인권 유린을 막기 위해 국제 사회가 특정 국가에 무력으로 개입하는 행위
3279,정치 국제정치 및 관계(최종 530).hwpx,정치 국제정치 및 관계,242,"IAEA(International Atomic Energy Agency, 국제원자력기구): 원자력의 평화적 이용 증진과 군사적 전용 억제를 목적으로 하는 기구"
3280,정치 국제정치 및 관계(최종 530).hwpx,정치 국제정치 및 관계,243,"Idealism(이상주의): 국제 관계가 힘의 논리가 아니라 국제법, 도덕적 원칙, 기구를 통한 협력에 의해 유지될 수 있다고 믿는 이론"
3281,정치 국제정치 및 관계(최종 530).hwpx,정치 국제정치 및 관계,244,"Identity Politics(정체성 정치): 인종, 성별, 종교 등 특정 집단의 정체성을 중심으로 정치적 권리를 주장하는 활동"
3282,정치 국제정치 및 관계(최종 530).hwpx,정치 국제정치 및 관계,245,"Ideology(이데올로기/이념): 정치, 경제, 사회 구조를 설명하고 방향을 제시하는 체계적인 사상이나 신념"
3283,정치 국제정치 및 관계(최종 530).hwpx,정치 국제정치 및 관계,246,"IEA(International Energy Agency, 국제에너지기구): 석유 소비국들이 산유국의 공급 통제에 대응하고 에너지 안보를 도모하기 위해 설립한 기구"
3284,정치 국제정치 및 관계(최종 530).hwpx,정치 국제정치 및 관계,247,Imperial Overstretch(제국의 과잉 팽창): 강대국이 국력을 초과하여 너무 많은 군사적 개입을 하다가 경제 파탄을 맞이하는 현상
3285,정치 국제정치 및 관계(최종 530).hwpx,정치 국제정치 및 관계,248,Imperialism(제국주의): 강력한 군사력과 경제력을 바탕으로 다른 나라를 지배하려는 팽창 정책
3286,정치 국제정치 및 관계(최종 530).hwpx,정치 국제정치 및 관계,249,Impeachment(탄핵): 고위 공직자가 직무 중 중대한 위법 행위를 했을 때 의회가 파면을 소추하는 절차
3287,정치 국제정치 및 관계(최종 530).hwpx,정치 국제정치 및 관계,250,Inalienable Rights(천부인권): 국가가 부여한 것이 아니라 태어날 때부터 하늘이 부여하여 양도할 수 없는 절대적 권리
3288,정치 국제정치 및 관계(최종 530).hwpx,정치 국제정치 및 관계,251,Incumbent(현직자): 선거가 치러지는 시점에 이미 그 관직을 맡고 있는 사람
3289,정치 국제정치 및 관계(최종 530).hwpx,정치 국제정치 및 관계,252,Insurgency(반란/폭동): 합법적인 정부를 전복하기 위해 무장한 비정규군이 벌이는 무력 저항
3290,정치 국제정치 및 관계(최종 530).hwpx,정치 국제정치 및 관계,253,Intelligence Cycle(정보 순환 주기): 요구-수집-분석-배포를 거쳐 원시 데이터가 국가 안보를 위한 쓸모 있는 정보로 완성되는 과정
3291,정치 국제정치 및 관계(최종 530).hwpx,정치 국제정치 및 관계,254,Intelligence(정보/첩보): 국가 안보를 위해 국내외에서 수집하고 분석한 기밀 데이터
3292,정치 국제정치 및 관계(최종 530).hwpx,정치 국제정치 및 관계,255,"Interdependence(상호 의존성): 세계화로 인해 국가들이 경제적, 정치적으로 서로 밀접하게 연결되어 영향을 주고받는 상태"
3293,정치 국제정치 및 관계(최종 530).hwpx,정치 국제정치 및 관계,256,"Intergovernmental Organization(IGO, 정부 간 기구): UN처럼 주권 국가들의 정부를 회원으로 하여 조약에 의해 설립된 국제기구"
3294,정치 국제정치 및 관계(최종 530).hwpx,정치 국제정치 및 관계,257,Internal Balancing(내적 균형): 동맹에 의존하기보다 자국의 경제 발전과 군비 증강을 통해 스스로 방어력을 기르는 전략
3295,정치 국제정치 및 관계(최종 530).hwpx,정치 국제정치 및 관계,258,International Court of Justice(국제사법재판소): 국가 간의 분쟁을 법적으로 해결하는 국제연합의 주요 사법 기관
3296,정치 국제정치 및 관계(최종 530).hwpx,정치 국제정치 및 관계,259,International Law(국제법): 국가 간의 관계를 규율하고 조약과 관습으로 이루어진 법 규범
3297,정치 국제정치 및 관계(최종 530).hwpx,정치 국제정치 및 관계,260,Internationalism(국제주의): 국가 간의 광범위한 협력과 공동 이익을 지향하는 사상
3298,정치 국제정치 및 관계(최종 530).hwpx,정치 국제정치 및 관계,261,Interventionism(개입주의): 한 국가가 자국의 이익이나 국제 질서를 위해 다른 국가의 내정이나 분쟁에 관여하는 정책
3299,정치 국제정치 및 관계(최종 530).hwpx,정치 국제정치 및 관계,262,"Irredentism(실지 회복주의): 역사적, 민족적 연고를 내세워 다른 나라에 속해 있는 영토를 자국의 영토로 되찾으려는 운동"
3300,정치 국제정치 및 관계(최종 530).hwpx,정치 국제정치 및 관계,263,"IRS(Internal Revenue Service, 국세청): 미국 재무부 산하의 세금 징수 기관"
3301,정치 국제정치 및 관계(최종 530).hwpx,정치 국제정치 및 관계,264,Isolationism(고립주의): 다른 국가와의 동맹이나 국제 분쟁 개입을 피하고 자국 문제에만 집중하려는 외교 정책
3302,정치 국제정치 및 관계(최종 530).hwpx,정치 국제정치 및 관계,265,Jingoism(맹목적 애국주의): 타국에 대해 호전적이고 위협적인 태도를 보이는 극단적인 배타적 애국주의
3303,정치 국제정치 및 관계(최종 530).hwpx,정치 국제정치 및 관계,266,Junta(군사 정권/평의회): 쿠데타로 정권을 장악한 후 통치권을 행사하는 군부 지도자들의 위원회
3304,정치 국제정치 및 관계(최종 530).hwpx,정치 국제정치 및 관계,267,Jurisdiction(관할권/재판권): 특정 영토 내에서 국가나 법원이 법을 집행하고 재판할 수 있는 법적 권한
3305,정치 국제정치 및 관계(최종 530).hwpx,정치 국제정치 및 관계,268,"Jus ad Bellum(전쟁 개시의 정당성): 전쟁을 시작하는 명분이나 이유가 도덕적, 국제법적으로 정당한가를 따지는 개념"
3306,정치 국제정치 및 관계(최종 530).hwpx,정치 국제정치 및 관계,269,Jus in Bello(전쟁 수행의 정당성): 전쟁 중 민간인 보호 등 전투 수행 방법이 국제 교전 규칙에 어긋나지 않는가를 따지는 개념
3307,정치 국제정치 및 관계(최종 530).hwpx,정치 국제정치 및 관계,270,Just War Theory(정당한 전쟁론): 전쟁을 일으키는 명분과 수행 과정이 도덕적이고 법적인 기준에 부합해야 한다는 이론
3308,정치 국제정치 및 관계(최종 530).hwpx,정치 국제정치 및 관계,271,"Kinetic Warfare(물리전): 사이버전이 아닌, 총, 미사일, 폭탄 등 물리적인 타격 수단을 직접 사용하는 전통적인 전투"
3309,정치 국제정치 및 관계(최종 530).hwpx,정치 국제정치 및 관계,272,Kleptocracy(도둑정치): 지배층이 권력을 이용하여 국가의 부를 사적으로 착취하고 횡령하는 부패한 정부 형태
3310,정치 국제정치 및 관계(최종 530).hwpx,정치 국제정치 및 관계,273,Lame Duck(레임덕): 임기 말의 정치 지도자가 지도력을 상실하여 국정 운영에 어려움을 겪는 현상
3311,정치 국제정치 및 관계(최종 530).hwpx,정치 국제정치 및 관계,274,"Law of the Sea(해양법): 영해, 배타적 경제수역, 공해 등 바다의 이용과 관할권을 규정하는 국제 협약"
3312,정치 국제정치 및 관계(최종 530).hwpx,정치 국제정치 및 관계,275,League of Nations(국제연맹): 제1차 세계대전 직후 설립된 인류 최초의 보편적 국제 평화 기구 (UN의 전신)
3313,정치 국제정치 및 관계(최종 530).hwpx,정치 국제정치 및 관계,276,"Left-wing(좌파): 사회적 평등, 복지, 그리고 진보적인 개혁을 중시하는 정치 성향"
3314,정치 국제정치 및 관계(최종 530).hwpx,정치 국제정치 및 관계,277,"Legislature(입법부): 법률을 제정, 수정, 폐지하는 권한을 가진 국가 기관"
3315,정치 국제정치 및 관계(최종 530).hwpx,정치 국제정치 및 관계,278,Legitimacy(정통성): 정부의 권력 행사나 통치가 국민과 법률에 의해 정당하다고 인정받는 상태
3316,정치 국제정치 및 관계(최종 530).hwpx,정치 국제정치 및 관계,279,Levée en Masse(국민 개병제): 국가 위기 시 일반 국민을 대규모로 군대에 강제 징집하는 제도
3317,정치 국제정치 및 관계(최종 530).hwpx,정치 국제정치 및 관계,280,Liberalism(자유주의): 개인의 자유와 평등을 사회의 가장 기본적인 가치로 삼는 정치사상
3318,정치 국제정치 및 관계(최종 530).hwpx,정치 국제정치 및 관계,281,Linkage Diplomacy(연계 외교): 협상에서 서로 관련 없는 여러 이슈를 하나로 묶어 타협을 시도하는 전략
3319,정치 국제정치 및 관계(최종 530).hwpx,정치 국제정치 및 관계,282,Lobbying(로비): 이익 단체나 개인이 자신들에게 유리한 정책이 채택되도록 권력자에게 영향을 미치는 활동
3320,정치 국제정치 및 관계(최종 530).hwpx,정치 국제정치 및 관계,283,Local Autonomy(지방자치): 지역 주민이나 단체가 해당 지역의 행정 사무를 직접 처리하는 제도
3321,정치 국제정치 및 관계(최종 530).hwpx,정치 국제정치 및 관계,284,"Low Politics(하위 정치): 안보나 생존과 직결되지 않는 환경, 보건, 경제 등의 비군사적 외교 의제"
3322,정치 국제정치 및 관계(최종 530).hwpx,정치 국제정치 및 관계,285,Machiavellianism(마키아벨리즘): 국가 발전을 위해 도덕이나 수단을 가리지 않고 권모술수를 정당화하는 태도
3323,정치 국제정치 및 관계(최종 530).hwpx,정치 국제정치 및 관계,286,"MAD(Mutually Assured Destruction, 상호확증파괴): 핵무기를 가진 양국이 선제공격을 받더라도 적을 완전히 파괴할 수 있어 핵전쟁이 억제되는 상태"
3324,정치 국제정치 및 관계(최종 530).hwpx,정치 국제정치 및 관계,287,"MAGA(Make America Great Again): 도널드 트럼프가 사용한 미국의 정치적, 경제적 부흥을 강조하는 구호"
3325,정치 국제정치 및 관계(최종 530).hwpx,정치 국제정치 및 관계,288,MAHA(Make America Healthy Again): 도널드 트럼프 행정부의 첨가물 규제 및 보건 캠페인 정책 구호
3326,정치 국제정치 및 관계(최종 530).hwpx,정치 국제정치 및 관계,289,Majority Rule(다수결의 원칙): 집단의 의사를 결정할 때 과반수의 의견을 전체의 결정으로 삼는 원리
3327,정치 국제정치 및 관계(최종 530).hwpx,정치 국제정치 및 관계,290,Manifest Destiny(명백한 운명): 19세기 미국이 북미 대륙 전체를 지배하는 것이 신이 부여한 운명이라고 주장한 팽창주의 이념
3328,정치 국제정치 및 관계(최종 530).hwpx,정치 국제정치 및 관계,291,Marshall Plan(마셜 플랜): 제2차 세계대전 후 미국이 서유럽 경제 재건과 공산주의 확산 방지를 위해 실시한 대규모 원조 계획
3329,정치 국제정치 및 관계(최종 530).hwpx,정치 국제정치 및 관계,292,Marxism(마르크스주의): 자본주의 붕괴와 노동자 혁명을 통한 공산주의 사회 건설을 주장하는 사상
3330,정치 국제정치 및 관계(최종 530).hwpx,정치 국제정치 및 관계,293,"Mass Media(대중 매체): 텔레비전, 신문 등 다수에게 정보를 전달하는 매스 커뮤니케이션 수단"
3331,정치 국제정치 및 관계(최종 530).hwpx,정치 국제정치 및 관계,294,McCarthyism(매카시즘): 1950년대 미국에서 뚜렷한 증거 없이 반대파를 공산주의자로 몰아 탄압한 극단적 반공주의
3332,정치 국제정치 및 관계(최종 530).hwpx,정치 국제정치 및 관계,295,Mercantilism(중상주의): 수출 장려와 수입 억제를 통해 국가의 부를 축적하려는 초기 자본주의 경제 정책
3333,정치 국제정치 및 관계(최종 530).hwpx,정치 국제정치 및 관계,296,Mercenary(용병): 경제적 대가를 목적으로 외국의 군대나 분쟁에 고용되어 싸우는 전투원
3334,정치 국제정치 및 관계(최종 530).hwpx,정치 국제정치 및 관계,297,"Microstate(미소국가): 영토가 극도로 작고 인구가 매우 적은 독립 주권 국가 (예: 바티칸, 모나코)"
3335,정치 국제정치 및 관계(최종 530).hwpx,정치 국제정치 및 관계,298,"Middle Power(중견국): 초강대국은 아니지만 국제 사회에서 의미 있는 영향력을 행사하는 국가 (예: 한국, 호주)"
3336,정치 국제정치 및 관계(최종 530).hwpx,정치 국제정치 및 관계,299,Militarism(군국주의): 국가의 최우선 목표를 군사력 강화에 두고 전쟁을 정당화하는 사상
3337,정치 국제정치 및 관계(최종 530).hwpx,정치 국제정치 및 관계,300,Monarchy(군주제): 왕이나 황제가 국가 원수로서 통치하는 정치 체제
3338,정치 국제정치 및 관계(최종 530).hwpx,정치 국제정치 및 관계,301,Monroe Doctrine(먼로 독트린): 미국이 아메리카 대륙에 대한 유럽 열강의 간섭을 거부한 1823년의 고립주의 선언
3339,정치 국제정치 및 관계(최종 530).hwpx,정치 국제정치 및 관계,302,"Mossad(모사드): 해외 정보 수집, 비밀 공작, 대테러 활동을 수행하는 이스라엘의 최고 비밀정보기관"
3340,정치 국제정치 및 관계(최종 530).hwpx,정치 국제정치 및 관계,303,Multilateralism(다자주의): 세 나라 이상이 협력하여 국제 문제를 해결하려는 외교적 태도
3341,정치 국제정치 및 관계(최종 530).hwpx,정치 국제정치 및 관계,304,Multipolarity(다극 체제): 국제 사회의 권력이 3개 이상의 여러 강대국에 분산되어 상호 견제하는 체제
3342,정치 국제정치 및 관계(최종 530).hwpx,정치 국제정치 및 관계,305,Mutiny(반란 / 항명): 군대 등에서 하급자들이 지휘관의 합법적 명령을 집단 거부하고 무력으로 맞서는 행위
3343,정치 국제정치 및 관계(최종 530).hwpx,정치 국제정치 및 관계,306,"Nation-building(국가 건설): 분쟁이나 식민 지배 후 국가의 정치, 경제 제도를 구축하여 안정된 국가를 만드는 과정"
3344,정치 국제정치 및 관계(최종 530).hwpx,정치 국제정치 및 관계,307,National Interest(국익): 국가가 국제 사회에서 추구하는 생존과 번영의 이익
3345,정치 국제정치 및 관계(최종 530).hwpx,정치 국제정치 및 관계,308,Nationalism(민족주의/국가주의): 자신이 속한 민족이나 국가의 독립과 발전을 가장 중시하는 사상
3346,정치 국제정치 및 관계(최종 530).hwpx,정치 국제정치 및 관계,309,"Nation-State(국민국가): 언어, 역사 등을 공유하는 단일 민족이 주권을 가지고 구성한 근대적 국가 형태"
3347,정치 국제정치 및 관계(최종 530).hwpx,정치 국제정치 및 관계,310,"NATO(North Atlantic Treaty Organization, 북대서양조약기구): 미국과 유럽 국가들이 결성한 서방의 집단 안보 동맹"
3348,정치 국제정치 및 관계(최종 530).hwpx,정치 국제정치 및 관계,311,Neocolonialism(신식민주의): 강대국이 무력이 아닌 자본과 다국적 기업을 통해 개발도상국을 간접 지배하는 현상
3349,정치 국제정치 및 관계(최종 530).hwpx,정치 국제정치 및 관계,312,Neoconservatism(신보수주의): 강력한 군사력을 바탕으로 전 세계에 민주주의 가치를 전파하려는 미국의 우파 사상
3350,정치 국제정치 및 관계(최종 530).hwpx,정치 국제정치 및 관계,313,"Neofascism(신파시즘): 제2차 대전 이후 새롭게 등장한 극단적 민족주의, 인종차별, 반이민 정서 이념"
3351,정치 국제정치 및 관계(최종 530).hwpx,정치 국제정치 및 관계,314,"Neoliberalism(신자유주의): 국가 개입을 최소화하고 민영화, 규제 완화, 자유 무역을 중시하는 경제·정치 이념"
3352,정치 국제정치 및 관계(최종 530).hwpx,정치 국제정치 및 관계,315,Neorealism(신현실주의): 국제 분쟁은 인간 본성이 아니라 무정부적이고 경쟁적인 국제 체제 구조 때문이라고 설명하는 이론
3353,정치 국제정치 및 관계(최종 530).hwpx,정치 국제정치 및 관계,316,Neutrality(중립성): 국가 간 분쟁에 개입하지 않고 어느 쪽의 편도 들지 않는 외교적 입장
3354,정치 국제정치 및 관계(최종 530).hwpx,정치 국제정치 및 관계,317,"NGO(Non-Governmental Organization, 비정부 기구): 정부에 속하지 않고 환경, 인권 등 공익을 위해 활동하는 민간 단체"
3355,정치 국제정치 및 관계(최종 530).hwpx,정치 국제정치 및 관계,318,"Non-Aligned Movement(NAM, 비동맹 운동): 냉전 시기 미국과 소련 어느 진영에도 가입하지 않고 중립을 선언한 제3세계 연대"
3356,정치 국제정치 및 관계(최종 530).hwpx,정치 국제정치 및 관계,319,Non-Proliferation(비확산): 핵무기나 대량살상무기가 미보유국이나 테러 집단으로 퍼져나가는 것을 막는 노력
3357,정치 국제정치 및 관계(최종 530).hwpx,정치 국제정치 및 관계,320,"Non-State Actor(비국가 행위자): 주권 국가는 아니지만 다국적 기업, 테러 조직 등 국제 무대에서 독자적 영향력을 행사하는 행위자"
3358,정치 국제정치 및 관계(최종 530).hwpx,정치 국제정치 및 관계,321,"NPC(National People’s Congress, 전국인민대표대회): 중국의 형식상 최고 권력기관이자 헌법상 최고 입법 기구"
3359,정치 국제정치 및 관계(최종 530).hwpx,정치 국제정치 및 관계,322,"NPT(Non-Proliferation Treaty, 핵확산금지조약): 5개 핵무기 보유국 외의 국가가 핵무기를 새롭게 개발하거나 획득하는 것을 금지하는 조약"
3360,정치 국제정치 및 관계(최종 530).hwpx,정치 국제정치 및 관계,323,Nuclear Umbrella(핵우산): 동맹국의 핵 억제력과 보복 역량에 의존하여 자국의 안보를 보장받는 개념
3361,정치 국제정치 및 관계(최종 530).hwpx,정치 국제정치 및 관계,324,"OECD(Organization for Economic Cooperation and Development, 경제협력개발기구): 선진국들이 경제 성장과 인류 복지 증진을 도모하기 위해 설립한 협력 기구"
3362,정치 국제정치 및 관계(최종 530).hwpx,정치 국제정치 및 관계,325,"OEEC(Organization for European Economic Cooperation, 유럽경제협력기구): 마셜 플랜을 집행하기 위해 세워졌던 기구로 현재 OECD의 전신"
3363,정치 국제정치 및 관계(최종 530).hwpx,정치 국제정치 및 관계,326,Off-shore Balancing(역외 균형): 패권국이 분쟁 지역에 직접 대규모 지상군을 파견하지 않고 동맹국을 지원하여 적대 세력을 견제하는 전략
3364,정치 국제정치 및 관계(최종 530).hwpx,정치 국제정치 및 관계,327,Oligarchy(과두정/소수 독재): 군부나 부유층 등 소수 집단이 국가 권력을 독점하는 정치 체제
3365,정치 국제정치 및 관계(최종 530).hwpx,정치 국제정치 및 관계,328,Open Door Policy(문호 개방 정책): 특정 국가에 대해 어느 한 강대국이 독점하지 않고 모든 국가가 평등하게 무역할 수 있도록 개방을 요구하는 정책
3366,정치 국제정치 및 관계(최종 530).hwpx,정치 국제정치 및 관계,329,"OPEC(Organization of Petroleum Exporting Countries, 석유수출국기구): 주요 산유국들이 국제 석유 자본에 대항하고 가격을 방어하기 위해 결성한 카르텔"
3367,정치 국제정치 및 관계(최종 530).hwpx,정치 국제정치 및 관계,330,Opposition Party(야당): 정부와 여당의 정책을 견제하며 정권 교체를 목표로 하는 현재 집권하지 않은 정당
3368,정치 국제정치 및 관계(최종 530).hwpx,정치 국제정치 및 관계,331,Ostpolitik(동방 정책): 1970년대 서독 빌리 브란트 총리가 동독 및 공산권 국가들과의 관계 개선을 위해 추진한 포용 정책
3369,정치 국제정치 및 관계(최종 530).hwpx,정치 국제정치 및 관계,332,Over-the-horizon(초수평선 전략): 분쟁 지역에 대규모 지상군 없이 주변 기지나 무인기를 활용해 원거리에서 타격하고 통제하는 전략
3370,정치 국제정치 및 관계(최종 530).hwpx,정치 국제정치 및 관계,333,Pacifism(평화주의): 전쟁과 폭력을 거부하고 평화적인 수단과 대화를 통해 갈등을 해결하려는 사상
3371,정치 국제정치 및 관계(최종 530).hwpx,정치 국제정치 및 관계,334,"Pariah State(왕따 국가 / 고립 국가): 국제 규범을 심각하게 위반하여 국제 사회로부터 외교적, 경제적으로 완전히 배척당한 국가"
3372,정치 국제정치 및 관계(최종 530).hwpx,정치 국제정치 및 관계,335,Parliament(의회): 입법 권한을 가지며 국민의 대표로 구성된 합의제 국가 기관
3373,정치 국제정치 및 관계(최종 530).hwpx,정치 국제정치 및 관계,336,Parliamentary System(의원내각제): 의회에서 다수당 대표가 총리가 되어 내각을 구성하고 의회에 대해 책임지는 통치 형태
3374,정치 국제정치 및 관계(최종 530).hwpx,정치 국제정치 및 관계,337,Partisanship(당파성): 객관적 판단보다 자신이 속한 정당이나 진영의 이익을 맹목적으로 지지하는 태도
3375,정치 국제정치 및 관계(최종 530).hwpx,정치 국제정치 및 관계,338,PATRIOT(Phased Array Tracking Radar to Intercept on Target): 적의 항공기나 탄도 미사일을 요격하기 위해 설계된 지상 기반의 첨단 방어 시스템
3376,정치 국제정치 및 관계(최종 530).hwpx,정치 국제정치 및 관계,339,"Peacebuilding(평화 구축): 분쟁 종료 후 재발을 막기 위해 정치, 경제 제도를 재건하고 사회적 화해를 도모하는 과정"
3377,정치 국제정치 및 관계(최종 530).hwpx,정치 국제정치 및 관계,340,Peacekeeping(평화 유지): 분쟁 지역에서 무력 충돌이 재발하지 않도록 유엔 평화유지군 등이 파견되어 감시하고 돕는 활동
3378,정치 국제정치 및 관계(최종 530).hwpx,정치 국제정치 및 관계,341,Persona Non Grata(페르소나 논 그라타 / 기피 인물): 주재국 정부가 특정 외국 외교관을 외교 사절로 받아들일 수 없다고 선언하는 것
3379,정치 국제정치 및 관계(최종 530).hwpx,정치 국제정치 및 관계,342,"PLA(People’s Liberation Army, 중국인민해방군): 중국공산당 소속의 군대이자 사실상 중국의 국군 역할을 수행하는 군사 조직"
3380,정치 국제정치 및 관계(최종 530).hwpx,정치 국제정치 및 관계,343,Pluralism(다원주의): 사회 내의 다양한 집단과 가치관이 공존하며 권력을 나누어 갖는 정치 체제
3381,정치 국제정치 및 관계(최종 530).hwpx,정치 국제정치 및 관계,344,Plutocracy(금권 정치): 부유층이 막대한 부를 바탕으로 국가 정치와 권력을 좌지우지하는 체제
3382,정치 국제정치 및 관계(최종 530).hwpx,정치 국제정치 및 관계,345,"Polarity(극성): 국제 체제 내에서 강대국이 몇 개 존재하는지를 나타내는 구조적 지표 (단극, 양극, 다극)"
3383,정치 국제정치 및 관계(최종 530).hwpx,정치 국제정치 및 관계,346,Polarization(양극화): 정치 이념이나 부의 분배가 중간층 없이 극단적으로 갈라지는 현상
3384,정치 국제정치 및 관계(최종 530).hwpx,정치 국제정치 및 관계,347,"Political Action Committee(PAC, 정치활동위원회): 미국에서 특정 정치인을 지지하거나 반대하기 위해 민간에서 자금을 모아 활동하는 기부 단체"
3385,정치 국제정치 및 관계(최종 530).hwpx,정치 국제정치 및 관계,348,Political Asylum(정치적 망명): 정치적 이유로 박해를 받는 사람이 다른 국가에 도피하여 피난처를 요구하는 행위
3386,정치 국제정치 및 관계(최종 530).hwpx,정치 국제정치 및 관계,349,Political Culture(정치 문화): 사회 구성원들이 정치 체제에 대해 공통적으로 공유하는 신념과 태도의 총체
3387,정치 국제정치 및 관계(최종 530).hwpx,정치 국제정치 및 관계,350,Political Party(정당): 동일한 정치적 이념과 목표를 가진 사람들이 정권 획득을 위해 조직한 단체
3388,정치 국제정치 및 관계(최종 530).hwpx,정치 국제정치 및 관계,351,Political Socialization(정치 사회화): 개인이 성장하며 사회의 정치 문화와 가치관을 학습하고 내면화하는 과정
3389,정치 국제정치 및 관계(최종 530).hwpx,정치 국제정치 및 관계,352,Populism(포퓰리즘): 대중의 인기와 감정에 영합하여 비현실적인 정책을 내세우며 엘리트주의에 반대하는 정치 행태
3390,정치 국제정치 및 관계(최종 530).hwpx,정치 국제정치 및 관계,353,Power Transition Theory(세력 전이 이론): 신흥 강대국이 기존 패권국의 지위에 도전할 때 힘의 역전 과정에서 전쟁 가능성이 높다는 이론
3391,정치 국제정치 및 관계(최종 530).hwpx,정치 국제정치 및 관계,354,Power Vacuum(힘의 공백): 특정 지역을 통제하던 강대국이나 권력이 사라져 무질서해지고 힘의 다툼이 일어나는 상태
3392,정치 국제정치 및 관계(최종 530).hwpx,정치 국제정치 및 관계,355,"Preemptive Strike(선제 타격): 적의 공격이 매우 임박하고 확실할 때, 방어를 위해 적의 위협을 미리 제거하는 선제 공격"
3393,정치 국제정치 및 관계(최종 530).hwpx,정치 국제정치 및 관계,356,Preventive Diplomacy(예방 외교): 긴장이나 갈등이 물리적인 무력 충돌로 번지기 전에 미리 개입하여 평화적으로 해결하려는 외교
3394,정치 국제정치 및 관계(최종 530).hwpx,정치 국제정치 및 관계,357,"Preventive War(예방 전쟁): 당장의 즉각적 위협은 없으나, 적의 잠재적 위협이 더 커지기 전에 미리 싹을 자르기 위해 일으키는 전쟁"
3395,정치 국제정치 및 관계(최종 530).hwpx,정치 국제정치 및 관계,358,Progressivism(진보주의): 사회적 모순을 개혁하고 제도적 변화와 평등을 추구하는 사상
3396,정치 국제정치 및 관계(최종 530).hwpx,정치 국제정치 및 관계,359,Proliferation(확산): 대량살상무기를 보유한 국가가 다른 행위자에게 무기나 기술을 넘겨 위협이 퍼지는 현상
3397,정치 국제정치 및 관계(최종 530).hwpx,정치 국제정치 및 관계,360,Propaganda(프로파간다/선전): 대중의 의견이나 심리를 특정 방향으로 조작하기 위해 정부나 단체가 유포하는 체계적인 홍보 활동
3398,정치 국제정치 및 관계(최종 530).hwpx,정치 국제정치 및 관계,361,Protectionism(보호무역주의): 자국 산업을 보호하기 위해 수입품에 높은 관세를 매기는 등 외국의 무역을 제한하는 정책
3399,정치 국제정치 및 관계(최종 530).hwpx,정치 국제정치 및 관계,362,Proxy War(대리전): 강대국들이 직접 군사적으로 충돌하지 않고 다른 국가나 반군의 배후에서 무기와 자금을 지원하며 간접적으로 싸우는 전쟁
3400,정치 국제정치 및 관계(최종 530).hwpx,정치 국제정치 및 관계,363,Public Diplomacy(공공 외교): 외국 대중에게 자국의 정책과 문화를 직접 알려 국가 이미지를 높이고 우호도를 증진하는 활동
3401,정치 국제정치 및 관계(최종 530).hwpx,정치 국제정치 및 관계,364,"Quota System(할당제): 소수 인종, 여성 등 특정 집단에게 의석수나 채용 등에서 일정한 비율을 보장해 주는 제도"
3402,정치 국제정치 및 관계(최종 530).hwpx,정치 국제정치 및 관계,365,Radicalism(급진주의): 사회의 기존 제도나 체제를 폭력을 동원해서라도 근본적이고 철저하게 변혁하려는 극단적 정치 사상
3403,정치 국제정치 및 관계(최종 530).hwpx,정치 국제정치 및 관계,366,Rapprochement(라프로슈망 / 관계 개선): 과거 적대적이거나 소원했던 국가들이 외교적 노력을 통해 다시 우호적 관계로 회복되는 과정
3404,정치 국제정치 및 관계(최종 530).hwpx,정치 국제정치 및 관계,367,Ratification(비준): 조인된 조약을 국가 원수나 국회가 국내법적 절차를 거쳐 최종적으로 승인하여 효력을 발생시키는 행위
3405,정치 국제정치 및 관계(최종 530).hwpx,정치 국제정치 및 관계,368,Rational Choice Theory(합리적 선택 이론): 국가나 정치인은 비용과 편익을 철저히 계산하여 이익을 극대화할 수 있는 대안을 선택한다는 이론
3406,정치 국제정치 및 관계(최종 530).hwpx,정치 국제정치 및 관계,369,Realism(현실주의): 국제 관계를 국가 간의 끊임없는 권력 투쟁과 생존 경쟁으로 파악하며 군사력과 국익을 중시하는 국제정치 이론
3407,정치 국제정치 및 관계(최종 530).hwpx,정치 국제정치 및 관계,370,Realpolitik(현실 정치): 도덕이나 이념적 명분보다는 오직 국가의 실질적인 권력 확장과 국익만을 철저하게 우선시하는 냉혹한 정책 결정
3408,정치 국제정치 및 관계(최종 530).hwpx,정치 국제정치 및 관계,371,Red Crescent(적신월사): 십자가 대신 붉은 초승달을 상징으로 사용하며 이슬람 국가에서 적십자와 동일한 구호 임무를 수행하는 단체
3409,정치 국제정치 및 관계(최종 530).hwpx,정치 국제정치 및 관계,372,Referendum(국민투표): 헌법 개정이나 국가 안위에 관한 중요 정책을 대의 기관을 거치지 않고 유권자가 직접 투표하여 결정하는 제도
3410,정치 국제정치 및 관계(최종 530).hwpx,정치 국제정치 및 관계,373,"Refugee(난민): 인종, 종교, 국적, 정치적 의견으로 인한 박해를 피해 자국을 탈출하여 타국에 보호를 요청하는 사람"
3411,정치 국제정치 및 관계(최종 530).hwpx,정치 국제정치 및 관계,374,"Regime Change(정권 교체): 선거나 비합법적 수단(쿠데타, 외부의 군사 개입 등)을 통해 한 국가의 지배 체제와 정부를 완전히 바꾸는 것"
3412,정치 국제정치 및 관계(최종 530).hwpx,정치 국제정치 및 관계,375,"Reparations(전쟁 배상금): 전쟁에서 패배한 국가가 승전국이나 피해를 입은 국가, 개인에게 경제적으로 물어주는 보상금"
3413,정치 국제정치 및 관계(최종 530).hwpx,정치 국제정치 및 관계,376,Representative System(대의제): 유권자가 선거를 통해 선출한 대표자가 국민을 대신해 국가의 의사를 결정하고 통치하는 민주주의 방식
3414,정치 국제정치 및 관계(최종 530).hwpx,정치 국제정치 및 관계,377,"Republic(공화제): 세습되는 군주가 존재하지 않고, 주권자인 국민이 선출한 대표가 국가 원수로서 통치하는 국가 체제"
3415,정치 국제정치 및 관계(최종 530).hwpx,정치 국제정치 및 관계,378,"Resolution(결의안): 의회나 국제연합(UN) 등 기구에서 특정 사안에 대한 공식적인 의사나 권고, 결정 사항을 표명하는 문서"
3416,정치 국제정치 및 관계(최종 530).hwpx,정치 국제정치 및 관계,379,Revisionist State(현상 타파 국가): 현재의 국제 질서나 세력 균형에 불만을 품고 이를 힘으로 무너뜨리고 유리하게 재편하려는 국가
3417,정치 국제정치 및 관계(최종 530).hwpx,정치 국제정치 및 관계,380,"Right-wing(우파): 자유 시장 경제, 사유 재산의 보호, 전통적 가치, 그리고 사회의 안정과 질서를 중시하는 정치 성향"
3418,정치 국제정치 및 관계(최종 530).hwpx,정치 국제정치 및 관계,381,Rogue State(불량 국가): 대량살상무기를 개발하고 테러를 지원하며 국제법을 노골적으로 위반하여 세계 평화를 심각하게 위협하는 국가
3419,정치 국제정치 및 관계(최종 530).hwpx,정치 국제정치 및 관계,382,"Rollback(롤백 / 격퇴 정책): 적대 국가의 팽창을 단순 차단하는 봉쇄를 넘어, 이미 적출된 지역까지 원래 상태로 되돌리고 정권을 붕괴시키려는 공격적 전략"
3420,정치 국제정치 및 관계(최종 530).hwpx,정치 국제정치 및 관계,383,Rule of Law(법치주의): 국가 통치는 통치자의 자의적인 권력이 아니라 투명하고 합의된 '법'에 의해서만 공정하게 이루어져야 한다는 민주주의의 기본 원칙
3421,정치 국제정치 및 관계(최종 530).hwpx,정치 국제정치 및 관계,384,"Sabotage(사보타주 / 파괴 공작): 적의 전쟁 수행 능력을 떨어뜨리거나 정치적 목적을 달성하기 위해 군사 시설, 공장 등을 은밀하게 파괴하는 행위"
3422,정치 국제정치 및 관계(최종 530).hwpx,정치 국제정치 및 관계,385,"Sanctions(경제 제재): 국제법 위반국을 징벌하기 위해 무역, 금융 거래 등을 제한하여 심각한 경제적 타격을 가하는 국제적 압박 조치"
3423,정치 국제정치 및 관계(최종 530).hwpx,정치 국제정치 및 관계,386,Secession(분리 독립): 특정 지역이나 소속된 집단이 기존의 국가 연방에서 벗어나 독자적이고 주권적인 새 국가를 세우려는 정치적 행위
3424,정치 국제정치 및 관계(최종 530).hwpx,정치 국제정치 및 관계,387,"Securitization(안보화): 질병, 환경, 이민 등 본래 비군사적이었던 사회 문제를 국가 생존을 위협하는 안보 위기로 규정하여 비상조치를 정당화하는 과정"
3425,정치 국제정치 및 관계(최종 530).hwpx,정치 국제정치 및 관계,388,"Security Dilemma(안보 딜레마): 한 국가가 방어를 위해 군사력을 늘리면, 상대국도 위협을 느껴 군비를 늘리게 되어 결과적으로 양쪽 모두의 안보가 악화되는 악순환"
3426,정치 국제정치 및 관계(최종 530).hwpx,정치 국제정치 및 관계,389,Self-Determination(민족 자결주의): 각 민족은 외부의 간섭 없이 스스로 독립 국가를 세우고 정치적 운명을 결정할 권리가 있다는 원칙
3427,정치 국제정치 및 관계(최종 530).hwpx,정치 국제정치 및 관계,390,"Separation of Powers(삼권분립): 국가 권력이 남용되는 것을 막기 위해 입법부, 행정부, 사법부로 권력을 분리하여 서로 견제하고 균형을 이루게 하는 제도"
3428,정치 국제정치 및 관계(최종 530).hwpx,정치 국제정치 및 관계,391,Shadow Cabinet(예비 내각 / 그림자 내각): 의원내각제에서 야당이 정권 교체에 대비하여 미리 장관 후보들을 내정해 두고 정부 부처를 일대일로 감시하는 조직
3429,정치 국제정치 및 관계(최종 530).hwpx,정치 국제정치 및 관계,392,Shuttle Diplomacy(셔틀 외교): 직접 대면하기 껄끄러운 분쟁 당사국 사이를 중재자가 셔틀버스처럼 수시로 오가며 의견을 조율하는 외교 활동
3430,정치 국제정치 및 관계(최종 530).hwpx,정치 국제정치 및 관계,393,Smart Power(스마트 파워): 상대에게 물리적 강제력을 행사하는 하드 파워와 매력으로 설득하는 소프트 파워를 상황에 맞게 유연하게 결합하는 능력
3431,정치 국제정치 및 관계(최종 530).hwpx,정치 국제정치 및 관계,394,Social Contract(사회 계약설): 국가는 자연 상태의 개인들이 생명과 재산을 보호받기 위해 서로 자발적인 계약을 맺음으로써 탄생했다는 정치 철학
3432,정치 국제정치 및 관계(최종 530).hwpx,정치 국제정치 및 관계,395,Socialism(사회주의): 자본주의의 불평등을 비판하며 생산 수단의 사회적 소유와 부의 공평한 분배를 국가 주도로 달성하려는 이념
3433,정치 국제정치 및 관계(최종 530).hwpx,정치 국제정치 및 관계,396,"Soft Balancing(연성 균형): 강대국의 군사적 팽창에 맞서 무력 동맹 대신 국제기구, 규범, 경제적 연대 등을 통해 비군사적으로 견제하고 압박하는 외교 전략"
3434,정치 국제정치 및 관계(최종 530).hwpx,정치 국제정치 및 관계,397,"Soft Power(소프트 파워): 군사력이나 경제적 보상 없이 문화, 예술, 이념, 외교적 매력만으로 다른 국가가 자발적으로 협력하게 만드는 힘"
3435,정치 국제정치 및 관계(최종 530).hwpx,정치 국제정치 및 관계,398,Sovereignty(주권): 국가가 자신의 영토 내에서 외부의 간섭이나 종속 없이 법을 제정하고 독점적인 권력을 행사할 수 있는 절대적 권리
3436,정치 국제정치 및 관계(최종 530).hwpx,정치 국제정치 및 관계,399,"Space Diplomacy(우주 외교): 위성 기술, 우주 탐사 및 우주 공간의 평화적 이용과 자원 배분을 둘러싼 국가 간의 규칙 제정 및 외교적 협력"
3437,정치 국제정치 및 관계(최종 530).hwpx,정치 국제정치 및 관계,400,"Sphere of Influence(세력권): 강대국이 직접적인 영토 통치자는 아니지만, 특정 지역이나 약소국의 정치, 경제, 안보에 독점적 지배력을 행사하는 배타적 영역"
3438,정치 국제정치 및 관계(최종 530).hwpx,정치 국제정치 및 관계,401,"Spillover Effect(파급 효과 / 스필오버): 한 분야(예: 경제 통합)에서의 긴밀한 협력이 점차 다른 분야(예: 정치, 안보 협력)의 통합으로 자연스럽게 번져나가는 현상"
3439,정치 국제정치 및 관계(최종 530).hwpx,정치 국제정치 및 관계,402,Spin Doctor(스핀 닥터): 정치인이나 정부의 정책이 대중에게 긍정적으로 수용되도록 언론 보도를 통제하고 사실을 교묘하게 윤색하는 정치 홍보 전문가
3440,정치 국제정치 및 관계(최종 530).hwpx,정치 국제정치 및 관계,403,"State Capitalism(국가 자본주의): 자본주의적 시장 경제의 틀을 유지하지만, 국가가 대기업을 소유하거나 시장 전반에 강력하게 개입하여 경제 발전을 주도하는 체제"
3441,정치 국제정치 및 관계(최종 530).hwpx,정치 국제정치 및 관계,404,"State of Emergency(비상사태): 전쟁, 자연재해 등 국가의 존립을 위협하는 위기 시 헌법의 효력을 일부 정지하고 정부나 군대의 권한을 대폭 강화하는 조치"
3442,정치 국제정치 및 관계(최종 530).hwpx,정치 국제정치 및 관계,405,"Statecraft(국정 운영 능력): 국가의 목표를 달성하고 위기를 관리하기 위해 지도자가 외교, 경제, 군사 수단을 전략적으로 배합하여 발휘하는 종합적 통치 역량"
3443,정치 국제정치 및 관계(최종 530).hwpx,정치 국제정치 및 관계,406,Stateless Person(무국적자): 어느 국가의 법률에 의해서도 자국 국민으로 인정받지 못하여 여권 발급이나 기본적 인권 보호를 전혀 받지 못하는 사람
3444,정치 국제정치 및 관계(최종 530).hwpx,정치 국제정치 및 관계,407,"Status Quo(현상 유지): 현재의 국제 정세, 영토 분할, 권력 균형 상태에 변화를 가하지 않고 그대로 안정적으로 유지하려는 외교적 입장"
3445,정치 국제정치 및 관계(최종 530).hwpx,정치 국제정치 및 관계,408,Strait of Hormuz(호르무즈 해협): 중동 오만과 이란 사이에 위치한 좁은 해협으로 전 세계 석유 해상 운송량의 상당 부분을 차지하는 지정학적 요충지
3446,정치 국제정치 및 관계(최종 530).hwpx,정치 국제정치 및 관계,409,Strategic Ambiguity(전략적 모호성): 위기 상황 발생 시 자국이 어떻게 개입할지 의도적으로 명확히 밝히지 않음으로써 적국과 동맹국 모두를 견제하는 외교 전술
3447,정치 국제정치 및 관계(최종 530).hwpx,정치 국제정치 및 관계,410,"Structural Violence(구조적 폭력): 물리적 폭력이 없더라도 사회의 억압적인 구조, 불평등한 법률 등으로 인해 개인이나 특정 계층이 입는 고통과 권리 침해"
3448,정치 국제정치 및 관계(최종 530).hwpx,정치 국제정치 및 관계,411,Suffrage(참정권/투표권): 국민이 선거에 참여하여 공직자를 선출하거나 국가의 중요한 정치적 결정에 투표할 수 있는 헌법상 권리
3449,정치 국제정치 및 관계(최종 530).hwpx,정치 국제정치 및 관계,412,Summit(정상회담): 국가의 최고 지도자들이 직접 만나 양국 간의 중대한 현안을 담판 짓거나 다자간 국제 협력을 논의하는 최고위급 회의
3450,정치 국제정치 및 관계(최종 530).hwpx,정치 국제정치 및 관계,413,"Supply Chain Diplomacy(공급망 외교): 반도체, 희토류 등 국가 안보와 직결되는 핵심 산업 자원의 안정적인 공급처를 확보하기 위한 국가 간 협상과 외교전"
3451,정치 국제정치 및 관계(최종 530).hwpx,정치 국제정치 및 관계,414,Supranationalism(초국가주의): 회원국들의 주권 일부를 양도받아 개별 국가의 법률보다 우선하는 권위를 행사하는 다국적 연합체(예: 유럽연합)의 특성
3452,정치 국제정치 및 관계(최종 530).hwpx,정치 국제정치 및 관계,415,"Suzerainty(종주권): 속국이 내정은 어느 정도 자율적으로 운영하지만, 외교권과 국방권은 강대국(종주국)에게 예속되어 지배받는 불평등한 정치적 관계"
3453,정치 국제정치 및 관계(최종 530).hwpx,정치 국제정치 및 관계,416,Tariff(관세): 자국 산업을 보호하거나 재정 수입을 올리기 위해 외국에서 수입되는 물품에 대해 국가가 부과하는 세금
3454,정치 국제정치 및 관계(최종 530).hwpx,정치 국제정치 및 관계,417,"Terrorism(테러리즘): 정치적, 종교적, 이념적 목적을 달성하기 위해 민간인이나 정부 시설을 상대로 예측 불가능한 폭력과 공포를 행사하는 행위"
3455,정치 국제정치 및 관계(최종 530).hwpx,정치 국제정치 및 관계,418,"Theocracy(신정 정치): 종교 지도자가 신의 대리자로서 국가의 입법, 사법, 행정을 모두 장악하고 엄격한 종교 교리로 통치하는 체제"
3456,정치 국제정치 및 관계(최종 530).hwpx,정치 국제정치 및 관계,419,"Think Tank(싱크탱크 / 두뇌집단): 학자, 은퇴한 관료 등 전문가들이 모여 정치, 경제, 안보 등 국가 정책을 깊이 연구하고 대안을 제시하는 민간 혹은 공공 연구 기관"
3457,정치 국제정치 및 관계(최종 530).hwpx,정치 국제정치 및 관계,420,Third World(제3세계): 냉전 시기 자본주의 진영(제1세계)이나 공산주의 진영(제2세계) 어디에도 속하지 않은 개발도상국들을 지칭하던 용어
3458,정치 국제정치 및 관계(최종 530).hwpx,정치 국제정치 및 관계,421,Thucydides Trap(투키디데스 함정): 급격히 부상하는 신흥 강대국이 기존 패권국의 지위를 위협하면서 구조적 긴장이 고조되어 결국 피할 수 없는 전쟁으로 치닫는 현상
3459,정치 국제정치 및 관계(최종 530).hwpx,정치 국제정치 및 관계,422,"Totalitarianism(전체주의): 국가의 목표를 위해 개인의 자유를 완전히 말살하고 정치, 언론, 경제 등 삶의 모든 영역을 강력하게 통제하는 체제"
3460,정치 국제정치 및 관계(최종 530).hwpx,정치 국제정치 및 관계,423,"Track II Diplomacy(트랙 2 외교 / 민간 외교): 공식 외교관이 아닌 전직 관료, 학자, NGO 등 민간 전문가들이 비공식적이고 자유로운 분위기에서 갈등 해결을 모색하는 외교"
3461,정치 국제정치 및 관계(최종 530).hwpx,정치 국제정치 및 관계,424,"Transitional Justice(전환기 정의): 독재가 끝나거나 내전이 종식된 후, 과거 체제가 저지른 인권 침해의 진상을 규명하고 가해자를 처벌하여 사회를 치유하는 과정"
3462,정치 국제정치 및 관계(최종 530).hwpx,정치 국제정치 및 관계,425,Treaty of Westphalia(베스트팔렌 조약): 1648년 체결되어 다른 나라의 내정에 간섭하지 않는다는 원칙과 근대적 '주권 국가' 개념의 토대를 마련한 역사적 평화 조약
3463,정치 국제정치 및 관계(최종 530).hwpx,정치 국제정치 및 관계,426,Treaty(조약): 둘 이상의 국가나 국제기구 사이에서 법적 구속력을 가지도록 합의하여 서명하고 비준한 국제적 문서
3464,정치 국제정치 및 관계(최종 530).hwpx,정치 국제정치 및 관계,427,"Truce(정전/휴전): 전쟁 중인 당사국들이 공식적인 평화 조약을 맺기 전, 적대적 군사 행동을 일시적으로 완전히 중단하기로 합의하는 것"
3465,정치 국제정치 및 관계(최종 530).hwpx,정치 국제정치 및 관계,428,Truman Doctrine(트루먼 독트린): 1947년 공산주의 세력의 세계적 팽창을 막기 위해 미국이 자유 민주주의 국가들에 대한 전폭적인 군사·경제 지원을 선언한 정책
3466,정치 국제정치 및 관계(최종 530).hwpx,정치 국제정치 및 관계,429,Two-Level Game(양면 게임 이론): 외교 협상가는 타국과의 국제 협상 테이블뿐만 아니라 자국 의회와 여론을 설득하는 국내 정치의 테이블에서도 동시에 승리해야 한다는 이론
3467,정치 국제정치 및 관계(최종 530).hwpx,정치 국제정치 및 관계,430,Tyranny(참주정/독재): 정당한 절차를 밟지 않고 불법적으로 권력을 장악한 통치자가 법을 무시하고 폭압적으로 지배하는 가혹한 정치 체제
3468,정치 국제정치 및 관계(최종 530).hwpx,정치 국제정치 및 관계,431,Ultimatum(최후통첩): 외교 협상의 마지막 단계에서 기한 내에 요구를 수용하지 않으면 전쟁이나 단교 등 중대한 조치를 즉각 취하겠다고 엄중히 경고하는 공식 문서
3469,정치 국제정치 및 관계(최종 530).hwpx,정치 국제정치 및 관계,432,"Unconventional Warfare(비정규전): 전면전 대신 적의 후방에 침투해 게릴라전, 사보타주, 심리전, 현지 반군 지원 등을 통해 정권을 내부에서 붕괴시키려는 전쟁 방식"
3470,정치 국제정치 및 관계(최종 530).hwpx,정치 국제정치 및 관계,433,"Unilateralism(일방주의): 동맹국이나 국제기구의 동의 및 협력 절차를 무시하고 오직 자국의 국익만을 위해 독자적으로 외교, 안보 정책을 밀어붙이는 강대국의 태도"
3471,정치 국제정치 및 관계(최종 530).hwpx,정치 국제정치 및 관계,434,Unipolarity(단극 체제): 국제 사회에서 군사력과 경제력을 압도적으로 장악하여 경쟁자가 없는 단 하나의 패권국만이 군림하는 체제
3472,정치 국제정치 및 관계(최종 530).hwpx,정치 국제정치 및 관계,435,"United Nations Security Council(유엔 안전보장이사회): 유엔 내에서 국제 평화와 안전을 유지할 핵심적 권한을 지니며, 무력 제재까지 결의할 수 있는 5개 상임이사국과 10개 비상임이사국으로 구성된 기구"
3473,정치 국제정치 및 관계(최종 530).hwpx,정치 국제정치 및 관계,436,"United Nations(UN, 국제연합): 제2차 세계대전 직후 전쟁 방지와 국제 평화 유지, 경제적·사회적 협력을 목적으로 전 세계 거의 모든 국가가 참여하여 설립된 국제기구"
3474,정치 국제정치 및 관계(최종 530).hwpx,정치 국제정치 및 관계,437,"U.N. General Assembly(유엔 총회): 유엔 전체 회원국이 각각 1표씩의 평등한 투표권을 가지고 국제 평화, 예산, 가입 승인 등 유엔의 주요 사안을 토의하고 결의하는 최고 의사결정 기구"
3475,정치 국제정치 및 관계(최종 530).hwpx,정치 국제정치 및 관계,438,"US-China Hegemony Competition(미-중 패권 경쟁): 현재의 글로벌 질서를 주도하는 미국과 신흥 강국 중국이 경제, 무역, 첨단 기술, 지정학적 군사 안보 전반에 걸쳐 벌이는 총성 없는 세계 주도권 다툼"
3476,정치 국제정치 및 관계(최종 530).hwpx,정치 국제정치 및 관계,439,"Vaccine Diplomacy(백신 외교): 강대국이 자체 개발한 전염병 백신을 개도국에 무상이나 싼값에 우선적으로 제공하여 자국의 외교적, 지정학적 영향력을 확대하려는 행위"
3477,정치 국제정치 및 관계(최종 530).hwpx,정치 국제정치 및 관계,440,"Value Diplomacy(가치 외교): 눈앞의 경제적, 군사적 이익보다 자유, 인권, 법치 등 보편적이고 민주적인 가치를 공유하는 국가끼리 연대하고 협력하는 외교 정책"
3478,정치 국제정치 및 관계(최종 530).hwpx,정치 국제정치 및 관계,441,Vanguard Party(전위당): 공산주의 혁명 이론에서 대중을 이끌기 위해 정치적 의식이 높고 고도로 조직화된 소수 정예 당원들로 구성된 투쟁 중심의 정당
3479,정치 국제정치 및 관계(최종 530).hwpx,정치 국제정치 및 관계,442,"Veto Player(거부권 행사자): 어떤 정책이 승인되거나 변경되기 위해 반드시 그들의 동의가 필요한 개인이나 정치 집단으로, 이들이 많을수록 정책 개혁이 어려워짐"
3480,정치 국제정치 및 관계(최종 530).hwpx,정치 국제정치 및 관계,443,Veto(거부권): 대통령이나 유엔 안보리 상임이사국 등 특정한 지위에 있는 자가 입법안이나 국제적 결의안의 성립을 단독으로 막고 거절할 수 있는 절대적 권한
3481,정치 국제정치 및 관계(최종 530).hwpx,정치 국제정치 및 관계,444,"Voter Turnout(투표율): 선거에서 전체 유권자 중 실제로 투표에 참여한 사람들의 비율을 나타내며, 대중의 정치적 관심도와 민주주의 체제의 건강성을 가늠하는 지표"
3482,정치 국제정치 및 관계(최종 530).hwpx,정치 국제정치 및 관계,445,"War Crimes(전쟁 범죄): 전쟁 상황이라 하더라도 전투원 간의 교전 규칙을 넘어, 무방비 상태의 민간인을 학살하거나 전쟁 포로를 학대하는 등 제네바 협약을 심각하게 위반한 야만적 범죄 행위"
3483,정치 국제정치 및 관계(최종 530).hwpx,정치 국제정치 및 관계,446,"War Powers Resolution(전쟁 권한법): 1973년 미국 의회가 제정한 법으로, 대통령이 의회의 사전 승인 없이 군대를 무력 충돌 지역에 파견하는 권한을 제한하고 신속히 보고하도록 의무화한 법안"
3484,정치 국제정치 및 관계(최종 530).hwpx,정치 국제정치 및 관계,447,"War Reserve Stocks For Allies(동맹국 전쟁 예비물자): 미군이 동맹국의 영토 내에 전쟁 등 비상사태에 대비하여 미리 비축해 두는 탄약, 장비 등의 군수 물자"
3485,정치 국제정치 및 관계(최종 530).hwpx,정치 국제정치 및 관계,448,Warlord(군벌): 국가 중앙 정부의 통제력이 무너진 틈을 타 특정 지역을 군사력으로 장악하고 사실상의 독립 왕국처럼 통치하는 무장 세력의 우두머리
3486,정치 국제정치 및 관계(최종 530).hwpx,정치 국제정치 및 관계,449,"Washington Consensus(워싱턴 컨센서스): 1990년대 미국 정부와 IMF, 세계은행 등이 남미와 개도국의 경제 위기 극복 조건으로 강하게 요구한 민영화, 무역 개방 중심의 신자유주의적 처방"
3487,정치 국제정치 및 관계(최종 530).hwpx,정치 국제정치 및 관계,450,"Weaponization of Interdependence(상호의존성의 무기화): 국가 경제가 촘촘히 얽혀 있는 현대 사회에서, 특정 국가가 통화, 공급망 등 네트워크의 길목을 통제하여 타국을 굴복시키는 전략적 무기로 사용하는 것"
3488,정치 국제정치 및 관계(최종 530).hwpx,정치 국제정치 및 관계,451,"Welfare State(복지국가): 단순히 치안과 국방만 책임지는 야경국가에서 벗어나, 시장의 한계를 보완하고 조세를 통해 모든 국민에게 최소한의 생계와 인간다운 삶을 보장하는 국가 체제"
3489,정치 국제정치 및 관계(최종 530).hwpx,정치 국제정치 및 관계,452,"Whistleblower(내부 고발자): 국가 정보 기관이나 거대 기업 내부에서 은밀하게 벌어지는 부패, 비리, 불법 행위 등을 공익을 목적으로 외부에 과감히 폭로하는 사람"
3490,정치 국제정치 및 관계(최종 530).hwpx,정치 국제정치 및 관계,453,"WMD(Weapons of Mass Destruction, 대량살상무기): 단 한 번의 공격으로 엄청난 수의 인명 피해와 파괴를 일으킬 수 있는 핵무기, 생물학 무기, 화학 무기를 총칭하는 군사 용어"
3491,정치 국제정치 및 관계(최종 530).hwpx,정치 국제정치 및 관계,454,"World Order(세계 질서): 국제 사회를 구성하는 수많은 국가 간의 힘의 균형, 강대국 간의 암묵적 합의, 국제기구와 국제법 등에 의해 유지되는 전반적이고 거시적인 평화와 안정 상태"
3492,정치 국제정치 및 관계(최종 530).hwpx,정치 국제정치 및 관계,455,Xenophobia(제노포비아/외국인 혐오증): 자국의 경제 악화나 사회적 불안의 원인을 타국이나 외부에서 온 이민자에게 돌리며 그들을 극도로 배척하고 적대하는 병적인 공포와 증오
3493,정치 국제정치 및 관계(최종 530).hwpx,정치 국제정치 및 관계,456,"Yalta Conference(얄타 회담): 1945년 제2차 세계대전 종전 직전 미, 영, 소 3국 정상이 모여 전후 독일 분할 통치와 동유럽의 질서 재편을 합의하며 실질적인 냉전 체제의 서막을 연 회담"
3494,정치 국제정치 및 관계(최종 530).hwpx,정치 국제정치 및 관계,457,"Zero-sum Game(제로섬 게임): 한쪽의 이득이 곧 상대방의 손실과 완벽히 일치하여, 전체 참가자의 이익과 손실의 합이 정확히 '0'이 되는 치열하고 타협 불가한 경쟁 상황"
3495,정치 국제정치 및 관계(최종 530).hwpx,정치 국제정치 및 관계,458,Zionism(시오니즘): 전 세계에 흩어져 디아스포라 상태로 살던 유대인들이 과거 조상들의 땅이었던 팔레스타인 지역으로 돌아가 유대인만의 고유한 민족 국가를 건설하려는 강력한 민족주의 운동
